printer_id,name,cartridges,parts,availability,in_transit,wholesale_price,retail_price,description,char_Тип товара,char_Наименование производителя,char_Бренд,char_Происхождение товара,char_Модель запчасти,"char_Ресурс, стр A4",char_Цветность,char_Номер запчасти (Part number),char_Альтернативные артикулы,char_Используется в принтерах,char_Принтеры для наименования,char_Ключевые слова,char_Группа товара,char_Подгруппа товара,char_Вес в упаковке,char_Гарантия,char_Поставщик,char_Для использования с картриджами,char_Категория товара,char_Совместимые картриджи,"char_Для использования с принтерами/МФУ, совместимость",char_Особенности,char_Производитель,char_Название модели,char_Артикул,char_Артикул Восточноевропейский,char_Артикул Азиатский,char_Цвет тонера,char_Назначение,"char_Вес тонера в картридже, г","char_Вес тонера с девелопером в картридже, г",char_Страна-производитель,char_Наличие чипа,char_Модель заправляемых оригинальных картриджей,char_Сайт производителя,char_Регион использования,char_Наименование картриджа,char_Цвет,char_Модель заменяемых оригинальных картриджей,"char_Для использования с принтерами, совместимость",char_Ресурс,char_Масса тонера,char_Совместимый картридж,char_Для использования с принтерами/МФУ,"char_Ресурс, стр","char_Вес тонер, г",char_Тип,char_Совместимые принтеры,char_Заводской номер запчасти,char_Для использования с принтерами,"char_Ресурс отпечатков, л",char_Совместимость,"char_Масса тонера, г","char_Количество отпечатков, стр",char_Количество страниц,char_Тип запчасти
400000032260,"Печка (Fusing Unit) оригинал. для Konica Minolta C558/C658, A79JR71099",,,2,0,63900.0,63900.0,,Печка,Fusing Unit,Konica Minolta,оригинальный,не предусмотрено,1200000,не предусмотрено,A79JR71099,"A79JR71066, A79JR71088, A79JR71099","Konica Minolta Bizhub C558, C658; 558, 558e, 658e",C558/C658,"Konica Minolta Bizhub C558, C658; 558, 558e, 658e",Закрепление изображения,Печка,"5400, грамм",Гарантия на данный товар не предоставляется,,,,,,,,,,,,,,,,,,,,,,,,,,,,,,,,,,,,,,,,
400000030612,"Чип тонер-картриджа  совместим. для лазерных принтеров Canon iSENSYS MF724, 718, черный (black), 3400стр A4, Булат",,,3,0,55.23,58.26,"Чип для принтеров Canon LBP7200cdn, Canon LBP7210cdn, Canon LBP7310, Canon LBP7660cdn, Canon LBP7680cx, Canon MF724cdw, Canon MF728cdw, Canon MF8330cdn, Canon MF8340cdn, Canon MF8350cdn, Canon MF8360cdn, Canon MF8380cdw, Canon MF8540cdn, Canon MF8550cdn, Canon MF8580cdw",Чип тонер-картриджа,,Булат,совместимый,"Canon iSENSYS MF724, 718",3400,черный (black),,,,,"Canon LBP7200cdn, Canon LBP7210cdn, Canon LBP7310, Canon LBP7660cdn, Canon LBP7680cx, Canon MF724cdw, Canon MF728cdw, Canon MF8330cdn, Canon MF8340cdn, Canon MF8350cdn, Canon MF8360cdn, Canon MF8380cdw, Canon MF8540cdn, Canon MF8550cdn, Canon MF8580cdw",,,"5, грамм",Гарантия на данный товар не предоставляется,Булат,С-718K,Чипы,,,,,,,,,,,,,,,,,,,,,,,,,,,,,,,,,,,,,
400000030648,"Вал магнитный (в сборе)  совместим. для лазерных принтеров Kyocera FS2100, FS4100, P3050, P3055, P3260, Китай",,,6,0,3300.0,3588.96,"Вал магнитный (в сборе) для принтеров Kyocera Ecosys M3040dn, M3040idn, M3040, M3145dn, M3145idn, M3540dn, M3540idn, M3540, M3550idn, M3550, M3560idn, M3560, M3645dn, M3645, M3655idn, P3045dn, P3050dn, P3055dn, P3060dn, P3145dn, P3145, P3150, P3150dn, P3155, P3155dn, P3260dn, Fs-2100D, Fs-2100DN, Fs-4100DN, Fs-4200DN, Fs-4300DN",Вал магнитный (в сборе),,Китай,совместимый,"Kyocera FS2100, FS4100, P3050, P3055, P3260",нет данных,не предусмотрено,,,,,"Kyocera Ecosys M3040dn, M3040idn, M3040, M3145dn, M3145idn, M3540dn, M3540idn, M3540, M3550idn, M3550, M3560idn, M3560, M3645dn, M3645, M3655idn, P3045dn, P3050dn, P3055dn, P3060dn, P3145dn, P3145, P3150, P3150dn, P3155, P3155dn, P3260dn, Fs-2100D, Fs-2100DN, Fs-4100DN, Fs-4200DN, Fs-4300DN",,,"278, грамм",Гарантия на данный товар не предоставляется,RST,"TK-1200, TK-3100, TK-3110, TK-3160, TK-3170",Валы магнитные,,,,,,,,,,,,,,,,,,,,,,,,,,,,,,,,,,,,,
400000007891,"Фотобарабан  совместим. для лазерных принтеров Samsung ML-6000, Alpha",,,8,0,165.6,233.11,"Фотобарабан для лазерных принтеров Samsung ML66G, 66H, 68H, 5300A, 5000A, 5050G, 5000G, 5080C, C800, 6000, SF-5800, SF-6800 и картриджей LBP 5300. Фотобарабан состоит из металлического цилиндра, на который нанесен фотослой. Фотобарабаны различаются размерами и формой шестерен, обеспечивающих его вращение. На фотобарабане лазер принтера засвечивает области, на которые магнитному валу необходимо нанести тонер. Срок службы фотобарабана зависит от используемых тонера и бумаги.",,,,,,,,,,,,,,,,,,,,LBP 5300,"Samsung ML66G, 66H, 68H, 5300A, 5000A, 5050G, 5000G, 5080C, C800, 6000, SF-5800, SF-6800",,Alpha,,,,,,,,,,,,,,,,,,,,,,,,,,,,,,,,,
400000032969,"Картридж оригинал. Xerox 006R01381/CT202103, для цветных лазерных принтеров DC700/C75, пурпурный (magenta), 21000стр A4",,,1,0,7190.0,7189.99,"Xerox Digital Color Press 700, 700i, 770; Color С75, J75",Картридж,,Xerox,оригинальный,,21000,,,"006R01377, CT201207, CT201245, CT201274","Xerox Digital Color Press 700, 700i, 770; Color С75, J75",DC700/C75,Xerox DocuColor 700 700i 770 DC700 DC700i DC770 DC 700 DC 700i DC 770 С75 J75 С 75 J 75 доку колор калор калэр диджитал дижитал дигитал пресс прес ксерокс картридж тонер порошок туба краска replenisher,,,"1231, грамм",10 месяцев,,,,,,,,не предусмотрено,006R01385,006R01381,CT202103,пурпурный (magenta),для цветных лазерных принтеров,638,737,США,,,,,,,,,,,,,,,,,,,,,,,,
400000030895,"Ролик захвата бумаги (Paper Feed/Separation Roller) совместим. для Konica Minolta C287/C652, A00J563600",,,93,0,190.0,189.99,"Konica Minolta bizhub 224e, 284e, 364e, 223, 283, 363, 423, 552, 652, 454e, 554e, C203, C253, C353, C220, C280, C360, C287, C227, C552, C652, C652DS, C353P, C451, C452, C650, C022eDN, C028eDN, C036eDN, C224e, C284e, C364e, C7822e, C7828e, C454e, C554e, C258, C308, C368, magicolor 8650, magicolor 8650DN",Ролик захвата бумаги,Paper Feed/Separation Roller,Konica Minolta,совместимый,не предусмотрено,нет данных,не предусмотрено,A00J563600,C224/C554,"Konica Minolta Bizhub 224e, 284e, 364e, 223, 283, 363, 423, 552, 652, 454e, 554e, C203, C253, C353, C220, C280, C360, C287, C227, C552, C652, C652DS, C353P, C451, C452, C650, C022eDN, C028eDN, C036eDN, C224e, C284e, C364e, C7822e, C7828e, C454e, C554e, C258, C308, C368, magicolor 8650, magicolor 8650DN",C287/C652,"Konica Minolta Bizhub 224e, 284e, 364e, 223, 283, 363, 423, 552, 652, 454e, 554e, C203, C253, C353, C220, C280, C360, C287, C227, C552, C652, C652DS, C353P, C451, C452, C650, C022eDN, C028eDN, C036eDN, C224e, C284e, C364e, C7822e, C7828e, C454e, C554e, C258, C308, C368, magicolor 8650, magicolor 8650DN",Подача и вывод материала,Ролики подачи и захвата,"12, грамм",Гарантия на данный товар не предоставляется,NK,,,,,,,,,,,,,,,,,,,,,,,,,,,,,,,,,,,,,,,
400000031871,"Ролик захвата бумаги (Paper Feed Oscillate Roller) оригинал. для Konica Minolta C1060/C7100, A1DUR71J00",,,20,0,1590.0,1589.99,"AccurioPress C2060, C2070, C2070P, C3070, C3070P, C3080, C3080P, C4070, C4080, C7090, C7100, C83hc;AccurioPrint C2060L, C3070L, C4065, C4065P;bizhub 600, 601, 750;bizhub PRESS C1060, C1070, C1070P, C6000, C7000, C7000P, C70hc, C71hc, C8000;bizhub PRO C1060L, C5500, C5501, C6000L, C6500, C6501, C65hc;",Ролик захвата бумаги,Paper Feed Oscillate Roller,Konica Minolta,оригинальный,не предусмотрено,1600000,не предусмотрено,A1DUR71J00,"56AAR72100, 56AA4580, 55FA4110, 4024205601, 4026101101","Konica Minolta AccurioPress C2060, C2070, C2070P, C3070, C3070P, C3080, C3080P, C4070, C4080, C7090, C7100, C83hc; AccurioPrint C2060L, C3070L, C4065, C4065P; bizhub 600, 601, 750; bizhub PRESS C1060, C1070, C1070P, C6000, C7000, C7000P, C70hc, C71hc, C8000; bizhub PRO C1060L, C5500, C5501, C6000L, C6500, C6501, C65hc;",C1060/C7100,"Захватывающий ролик Резиновый ролик Ремкомплект роликов подач Ролик байпасс Ролик для захвата бумаги Ролик для кассеты Ролик для лотка Ролик для лотка подачи Ролик для МФУ Ролик для подачи Ролик для подачи бумаги Ролик для подачи документов Ролик для подачи листов Ролик для принтера Ролик для ручной подачи Ролик для транспортировки бумаги Ролик захвата Ролик захвата бумаги Ролик лотка Ролик отделения (Retard Roll) Ролик подачи Ролик подачи (Feed Roll) Ролик подачи бумаги Ролик подачи в сборе Ролик подачи листов Ролик подачи ручного лотка Ролик подхвата Ролик bypass Bypass roll Document Feed Roller Feed Roll Feed Roller Paper Feed Roller Paper Transport Roller Pick-up Roller Roller Repair Tray Feed Roller Konica Minolta AccurioPress AccurioPrint bizhub Акку Аку Акурио Акуриопресс Аккуриопресс Акуриопрес Аккуриопрес Акурио пресс Аккурио пресс Акурио прес Аккурио прес Акку Аку Акурио Акуриопринт Аккуриопринт Акурио принт Аккурио принт бицхаб бизхаб Коника Conika Konika Минолта  Минольта Пресс Прес Про   600, 601, 750; bizhub PRESS bizhub PRO C2060 C2070 C2070P C3070 C3080 C3080P C4070 C4080 C7090 C7100 C2060L 3070L C4065 C1060 C6000 C7000 C7000P C70HC C1060L C5500 C5501 C6000L C6501 C 2060 C 2070 C 2070P C 3070 C 3080 C 3080P C 4070 C 4080 C 7090 C 7100 C 2060L 3070L C 4065 C 1060 C 6000 C 7000 C 7000P C 70HC C 1060L C 5500 C 5501 C 6000L C 6501 С2060 С2070 С2070Р С3070 С3080 С3080Р С4070 С4080 С7090 С7100 С2060L 3070L С4065 С1060 С6000 С7000 С7000Р С70HС С1060L С5500 С5501 С6000L С6501",Подача и вывод материала,Ролики подачи и захвата,"52, грамм",Гарантия на данный товар не предоставляется,,,,,,,,,,,,,,,,,,,,,,,,,,,,,,,,,,,,,,,,
400000033182,"Палец отделения ремня переноса (Transfer belt separation claw) оригинал. для Konica Minolta C1060/C4080, A1DUR71900",,,6,0,1890.0,1890.0,"Konica Minolta AccurioPress C2060, C2070, C2070P, C3070, C3070P, C3080, C3080P, C4070, C4080, C7090, C7100, C83hc;AccurioPrint C2060L, C3070L, C4065, C4065P;bizhub Press C1060, C1070, C1070P, C6000, C7000, C7000P, C70hc, C71hc;bizhub PRO C1060L, C6000L",Палец отделения ремня переноса,Transfer belt separation claw,Konica Minolta,оригинальный,не предусмотрено,880000,не предусмотрено,A1DUR71900,не предусмотрено,"Konica Minolta AccurioPress C2060, C2070, C2070P, C3070, C3070P, C3080, C3080P, C4070, C4080, C7090, C7100, C83hc; AccurioPrint C2060L, C3070L, C4065, C4065P; bizhub Press C1060, C1070, C1070P, C6000, C7000, C7000P, C70hc, C71hc; bizhub PRO C1060L, C6000L",C1060/C4080,Палец отделения Коготь отделения Коготь термоблока Коготь фьюзера Когти отделения термоблока Комплект когтей отделения Лапка отделения Лапка фьюзера Механизм отделения бумаги от термовала Отделитель термозакрепления Отделительные когти фьюзера Отделительные пальцы Fuser Unit Отделительный палец Отделяющая лапка Отделяющий коготь Палец отделения бумаги Палец отделения печки Палец отделения термоблока Палец отделения фьюзера Палец термозакрепления Палец узла термозакрепления Палец фиксации Пальцы отделения термозакрепляющего узла Пластина отделения Пластина отделения бумаги фьюзера Пластины антиадгезионного отделения Сепаратор Сепаратор в сборе Сепаратор нагревательного ролика Сепаратор термоблока Сепаратор узла фиксации Сепаратор фьюзера Сепарационная лапка Сепарационная пластина Термоотделительные пальцы Узел отделения Fuser Stripper Claws Fusing Claw Separator Claw для фьюзера Акуриопресс Аккуриопресс Акуриопрес Аккуриопрес Акурио пресс Аккурио пресс Акурио прес Аккурио прес Акуриопринт Аккуриопринт Акурио принт Аккурио принт бицхаб бизхаб Пресс Прес Про C 2060 C 2070 C 2070P C 3070 C 3070P C 3080 C 3080P C 4070 C 4080 C 7090 C 7100 C 83hc C 2060L C 3070L C 4065 C 4065P C 1060 C 1070 C 1070P C 6000 C 7000 C 7000P C 70hc C 71hc C 1060L C 6000L С2060 С2070 С2070Р С3070 С3070Р С3080 С3080Р С4070 С4080 С7090 С7100 С83hc С2060L С3070L С4065 С4065Р С1060 С1070 С1070Р С6000 С7000 С7000Р С70hc С71hc С1060L С6000L,Перенос изображения,Пальцы и пластины отделения,"27, грамм",Гарантия на данный товар не предоставляется,,,,,,,,,,,,,,,,,,,,,,,,,,,,,,,,,,,,,,,,
400000030971,"Коротрон заряда (Charge Corona Unit) оригинал. для Konica Minolta C1085/C1100, A5AWR70M11",,,17,0,6390.0,6390.0,"Konica Minolta Bizhub Press C1085, C1100",Коротрон заряда,Charge Corona Unit,Konica Minolta,оригинальный,не предусмотрено,175000,не предусмотрено,A5AWR70M11,A5AWR70M00,"Konica Minolta Bizhub Press C1085, C1100",C1085/C1100,Блок заряда Блок коронного разряда Блок короны заряда Блок коротрона Зарядная корона Зарядная нить Зарядное устройство Зарядный коротрон Коратрон Корона заряда Коронарная проволока Коронарная решетка Коронарный блок Коронарный провод Коронарный узел Коронарный электрод Коронатор Коронатор заряда Коронный провод Коронный разряд Коротон Коротрон Коротрон главного заряда Коротрон заряда Коротрон зарядки Кортрон Нить коротрона Проволока заряда Сетка коротрона Узел заряда Узел коронного заряда Узел коротрона Экранированный коротрон (скоротрон) Charge Corona Unit Charge Corotron Charge Corotron Cartridge Charging Corona Charging Pole Unit Corona Wire Kоnica Коника Conika Konika Minolta Минолта Минольта Бизхаб Бицхаб C1085 C1100 C1085 C1100,Формирование изображения,"Коротроны, валы заряда","188, грамм",Гарантия на данный товар не предоставляется,,,,,,,,,,,,,,,,,,,,,,,,,,,,,,,,,,,,,,,,
400000031429,"Чистящее лезвие ленты переноса (Transfer Belt Cleaning Blade) оригинал. для Konica Minolta C1085/C6100, A1RFR7F133",,,2,0,4390.0,4389.99,"Konica Minolta Bizhub Press C1085, C1100, C8000;AccurioPress C6085, C6100, C12000",Чистящее лезвие ленты переноса,Transfer Belt Cleaning Blade,Konica Minolta,оригинальный,не предусмотрено,нет данных,не предусмотрено,A1RFR7F133,"A1RFR7F122, A1RFR7F111, A1RFR7F100, A5AWR70P00, A5AWR70P11, A5AWR70P22","Konica Minolta Bizhub Press C1085, C1100, C8000; AccurioPress C6085, C6100, C12000",C1085/C6100,Блейд IBT Деталь для очистки Лезвие для очистки ремня Лезвие для принтера Лезвие для трансферной ленты Лезвие для чистки ремня переноса Лезвие очистки Лезвие очистки переносного ремня Лезвие очистки промежуточного ремня Лезвие очистки транспортного ремня Лезвие очистки IBT-ленты Лезвие переноса Лезвие чистки Нож очистки промежуточного транспортного ремня Очиститель ленты Ракель Ракель ленты переноса Ракель IBT-ленты Скребок Чистящая пластина Чистящее лезвие IBT Чистящий нож Чистящий нож для ленты переноса Чистящий ракель IBT-ленты Чистящий элемент IBT чистящее лезвие IBT Belt Cleaner Blade  2nd Transfer Cleaning Blade Konica Minolta Bizhub Press Коника Conika Konika Минолта Минольта бицхаб бизхаб Пресс Прес Акку Аку Акурио Акуриопресс Аккуриопресс Акуриопрес Аккуриопрес Акурио пресс Аккурио пресс Акурио прес Аккурио прес C 1085 C 1100 C 8000 C 6085 C 6100 C 12000 С1085 С1100 С8000 С6085 С6100 С12000,Перенос изображения,Лезвия подбора,"210, грамм",Гарантия на данный товар не предоставляется,,,,,,,,,,,,,,,,,,,,,,,,,,,,,,,,,,,,,,,,
400000032480,"Картридж оригинал. Konica Minolta TNP-48Y A5X0250/A5X0230, для цветных лазерных принтеров Konica Minolta C3350/C3850, желтый (yellow), 10000стр A4",,,3,0,2990.0,6489.99,,Картридж,,Konica Minolta,оригинальный,,10000,,,,"Konica Minolta Bizhub C3350, C3850",C3350/C3850,"Konica Minolta Bizhub C3350, C3850",,,"1, грамм",10 месяцев,,,,,,,,TNP-48Y,A5X0290,A5X0250,A5X0230,желтый (yellow),для цветных лазерных принтеров Konica Minolta,нет данных,нет данных,Малайзия,,,,,,,,,,,,,,,,,,,,,,,,
400000030024,"Чип тонер-картриджа  совместим. для лазерных принтеров Samsung SL-M2620 MLT-D115L, черный (black), 3000стр A4, Булат",,,6,0,107.15,113.03,"Чип для лазерного картриджа — микросхема памяти, на которой записаны характеристики картриджа. Количество израсходованного тонера, подсчитанное чипом, лишь приблизительно и на момент когда, согласно подсчету, тонер израсходован и печать блокируется, картридж содержит еще около 30% тонера. Таким образом, замена чипа позволяет значительно сэкономить на расходных материалах лазерного принтера.Чип для принтеров Samsung SL-M2620, SL-M2670, SL-M2820, SL-M2830, SL-M2870, SL-M2880",Чип тонер-картриджа,,Булат,совместимый,Samsung SL-M2620 MLT-D115L,3000,черный (black),,,,,"Samsung SL-M2620, SL-M2670, SL-M2820, SL-M2830, SL-M2870, SL-M2880",,,"2, грамм",Гарантия на данный товар не предоставляется,Булат,MLT-D115L,Чипы,,,,,,,,,,,,,,,,,,,,,,,,,,,,,,,,,,,,,
400000033714,"Блок фотобарабана (Drum Unit) оригинал. для Ricoh C7200/C7210, универсальный, M0BJ-9510",,,6,0,18990.0,18990.0,"Ricoh Pro C7200S, C7200SX, C7200X, C7210S, C7210SX, C7210X",Блок фотобарабана,Drum Unit,Ricoh,оригинальный,не предусмотрено,нет данных,универсальный,M0BJ-9510,"M0BJ9510, M0BH9510, D0A59510","Pro C7200S, C7200SX, C7200X, C7210S, C7210SX, C7210X",C7200/C7210,блок модуль узел фотобарабана барабан барабаны фотовал фоторецептор фоторецепторы ксерографии драмы драм-юнит драм-картридж OPC Drum фотобарабанный блок фотопроводящий барабан фотоблок блок фотопечати фотобаробан фотобаран фотоборабан фоторецепторный барабан CMYK Drum фото барабан unit блок модуль узел оригинал Ricoh Rico Rikoh Riko Рико Рикох Про C7200S C 7200S C7200SX C 7200SX C7200X C 7200X C7210S C 7210S C7210SX C 7210SX C7210X C 7210X,Перенос изображения,Блок фотобарабана,"552, грамм",Гарантия на данный товар не предоставляется,,,,,,,,,,,,,,,,,,,,,,,,,,,,,,,,,,,,,,,,
400000015503,"Фотобарабан  совместим. для лазерных принтеров HP LJ 2500, Static Control",,,2,0,293.01,347.68,"Фотобарабан для лазерных принтеров HP CLJ 2500, 2550 и картриджей C9702A, C9703A, C9701A, C9700A. Фотобарабан состоит из металлического цилиндра, на который нанесен фотослой. Фотобарабаны различаются размерами и формой шестерен, обеспечивающих его вращение. На фотобарабане лазер принтера засвечивает области, на которые магнитному валу необходимо нанести тонер. Срок службы фотобарабана зависит от используемых тонера и бумаги.",,,,,,,,,,,,,,,,,,,,"C9702A, C9703A, C9701A, C9700A","HP CLJ 2500, 2550",,Static Control,,,,,,,,,,,,,,,,,,,,,,,,,,,,,,,,,
400000031860,"Картридж оригинал. Konica Minolta TN-626AK ACV1130/ACV117A, для цветных лазерных принтеров C450i/C650i, черный (black), 28000стр A4",,,2,0,7900.0,7900.0,"Konica Minolta Bizhub C450i, C550i, C650i",Картридж,,Konica Minolta,оригинальный,,28000,,,"ACV1150, ACV1190","Konica Minolta Bizhub C450i, C550i, C650i, C451i, C555i, C651i",C450i/C650i,Konica Minolta Bizhub Коника Минольта Минолта Бизхаб Бицхаб C450i C550i C650i C 450i C 550i C 650i тонер туба краска репленишер replenisher флакон,,,"800, грамм",10 месяцев,,,,,,,,TN-626AK,ACV117A,ACV1130,ACV117A,черный (black),для цветных лазерных принтеров,500,,Япония,,,,,,,,,,,,,,,,,,,,,,,,
400000029529,"Картридж совместимый для цветных лазерных принтеров Xerox, Xerox Phaser 7800, черный (black), с чипом, 24000стр A4, Булат",,,1,0,1921.76,0.0,,Картридж совместимый,,Булат,,,24000,,,,,Xerox Phaser 7800,,,,"789, грамм",Гарантия на данный товар не предоставляется,,,,,,,,Xerox Phaser 7800,,,,черный (black),для цветных лазерных принтеров Xerox,,,,с чипом,106R01573,www.bulatgroup.ru,,,,,,,,,,,,,,,,,,,,,
400000032841,"Картридж оригинал. Xerox 006R01648/CT202294, для цветных лазерных принтеров Versant 80/280, пурпурный (magenta), 21000стр A4",,,261,0,6880.0,6880.0,"Opигинaльный тoнeр-картридж Xerox, пурпурный (magenta)Подходит для принтеров Xerox Versant 80, 170i, 180, 180i, 280 PressКартриджи предназначены для распространения в США и Канаде, для корректной работы требуется заменучипа.",Картридж,,Xerox,оригинальный,,21000,,,"006R01640, 006R01644, 006R01847, CT202282, CT202286, CT202290, CT202294, CT202298, CT202302, CT203444","Xerox Versant 80, 170i, 180, 180i, 280 Press",Versant 80/280,Xerox Versant 80 170 170i 180 180i 280 v80 c170i v180 v180i v280 Press Ксерокс Версант вёрсант пресс туба тонер порошок краска репленишер replenisher,,,"1220, грамм",10 месяцев,,,,,,,,не предусмотрено,006R01644,006R01648,CT202294,пурпурный (magenta),для цветных лазерных принтеров,638,695,США,,,,,,,,,,,,,,,,,,,,,,,,
400000031443,"Картридж оригинал. Xerox 006R01661/CT201704 , для цветных лазерных принтеров C60/70, пурпурный (magenta), 30000стр A4",,,6,0,6790.0,6790.0,,Картридж,,Xerox,оригинальный,,30000,,,006R01740,"Xerox Color C60, C70",C60/70,Xerox Color Colour C550 C560 C570 C60 C70 C 550 C 560 C 570 C 60 C 70 PrimeLink Prime Link C9065 C9070 C 9065 C 9070 Праймлинк колор калэр калор colour пресс ксерокс тонер туба replenisher краска,,,"1315, грамм",10 месяцев,,,,,,,,не предусмотрено,006R01527,006R01661,CT201704,пурпурный (magenta),для цветных лазерных принтеров,638,737,США,,,,,,,,,,,,,,,,,,,,,,,,
400000013576,"Чип тонер-картриджа  совместим. для лазерных принтеров Samsung SCX-D4200A, черный (black), 3000стр A4, Китай",,,52,0,50.0,50.01,"Чип для лазерных принтеров Samsung SCX-4200 и картриджей SCX-D4200A. Чип для лазерного картриджа — микросхема памяти, на которой записаны характеристики картриджа. Количество израсходованного тонера, подсчитанное чипом, лишь приблизительно и на момент когда, согласно подсчету, тонер израсходован и печать блокируется, картридж содержит еще около 30% тонера. Таким образом, замена чипа позволяет значительно сэкономить на расходных материалах лазерного принтера.",,,,,,,,,,,,,,,,,,,,SCX-D4200A,Samsung SCX-4200,,,,,,,,,,,,,,,,,,,,,,,,,,,,,,,,,,,
400000030343,"Фотобарабан  совместим. для лазерных принтеров Ricoh SP150, SGT",,,4,0,452.42,491.76,Фотобарабан для принтеров Ricoh SP150,Фотобарабан,,SGT,совместимый,Ricoh SP150,нет данных,не предусмотрено,,,,,Ricoh SP150,,,"50, грамм",Гарантия на данный товар не предоставляется,Булат,"SP150HE, SP150LE",Фотобарабаны,,,,,,,,,,,,,,,,,,,,,,,,,,,,,,,,,,,,,
400000011759,"Фотобарабан  совместим. для лазерных принтеров HP LJ 1100/5L, SGT",,,1,0,116.18,126.28,"Фотобарабан для принтеров HP LJ 1100, 3100, 3150, 3200, 5L, 6L.",,,,,,,,,,,,,,,,,,,,"C4092A, C3906A","HP LJ 1100, 3100, 3150, 3200, 5L, 6L",,Asia AC,,,,,,,,,,,,,,,,,,,,,,,,,,,,,,,,,
400000033691,"Картридж оригинал. Ricoh 828516/828512, для цветных лазерных принтеров C9200/C9210, пурпурный (magenta), 48000стр A4",,,20,0,11690.0,11690.0,,Картридж,,Ricoh,оригинальный,,48000,,,828571,"Ricoh Pro C9200, C9210",C9200/C9210,Ricoh Pro Про Rico Rikoh Riko Рико Рикох replenisher тонер туба флакон порошок краска картриж С9200 С9210 С 9200 С 9210,,,"2060, грамм",10 месяцев,,,,,,,,не предусмотрено,828571,828516,828512,пурпурный (magenta),для цветных лазерных принтеров,1482,,Япония,,,,,,,,,,,,,,,,,,,,,,,,
400000021250,"Чип тонер-картриджа  совместим. для лазерных принтеров Kyocera FS-C2026/C2126MFP (TK-590M), пурпурный (magenta), 5000стр A4, Tonex",,,1,0,110.93,128.83,"Чип для принтеров Kyocera FS-C2026, C2126MFP и картриджей TK-590M. Чип для картриджа — микросхема памяти, на которой записаны характеристики картриджа. Количество израсходованного тонера, подсчитанное чипом, лишь приблизительно и на момент когда, согласно подсчету, тонер израсходован и печать блокируется, картридж содержит еще около 30% тонера. Таким образом, замена чипа позволяет значительно сэкономить на расходных материалах лазерного принтера.",,,,,,,,,,,,,,,,,,,,TK-590M,"Kyocera FS C2026, C2126MFP",,Tonex,,,,,,,,,,,,,универсальный,,,,,,,,,,,,,,,,,,,,
400000032686,"Печной ремень (Fuser Belt) оригинал. для Canon VP135, 1060075549",,,4,0,29900.0,29900.01,"Canon VarioPrint 110, 115, 120, 130, 135, 140",Печной ремень,Fuser Belt,Canon,оригинальный,не предусмотрено,нет данных,не предусмотрено,1060075549,нет данных,"Canon VarioPrint 110, 115, 120, 130, 135, 140",VP135,Лента для запекания тонера Лента для печки Лента термозакрепления Нагревательная лента Нагревательный ремень Печной ремень Плёнка печки Ремень для запекания Ремень для термоблока Ремень для фиксации изображения Ремень для фьюзера Ремень печки Ремень термоблока Ремень фьюзера Термолента Термопленка Терморемень Фьюзерная лента Фьюзерный ремень Fusing Belt Кэнон Канон VarioPrint Vario Print Вариопринт Варио принт VarioPrint VP110 VP115 VP120 VP130 VP135 VP140 VP 110 VP 115 VP 120 VP 130 VP 135 VP 140 VР110 VР115 VР120 VР130 VР135 VР140,Закрепление изображения,Печные валы и ремни,"344, грамм",Гарантия на данный товар не предоставляется,,,,,,,,,,,,,,,,,,,,,,,,,,,,,,,,,,,,,,,,
400000032568,"Электромагнитная муфта (Clutch) оригинал. для Konica Minolta C224/C558, A161M20400",,,10,0,1790.0,1790.01,"Konica Minolta Bizhub 224e, 284e, 308, 308e, 364e, 368, 368e, 454e, 458, 458e, 554e;C224, C224e, C258, C284, C284e, C308, C364, C364e, C368, C454, C454e, C458, C554, C554e, C558",Электромагнитная муфта,Clutch,Konica Minolta,оригинальный,не предусмотрено,нет данных,не предусмотрено,A161M20400,"A161M20400, A161M20401","Konica Minolta Bizhub 224e, 284e, 308, 308e, 364e, 368, 368e, 454e, 458, 458e, 554e; C224, C224e, C258, C284, C284e, C308, C364, C364e, C368, C454, C454e, C458, C554, C554e, C558",C224/C558,Деталь привода подачи бумаги Клатч для подачи бумаги Клатч подачи бумаги Компонент системы транспортировки бумаги Муфта блока подачи бумаги Муфта бумажного тракта Муфта бумажной подачи Муфта включения подачи Муфта движущая Муфта для бумажного механизма Муфта для движения бумаги Муфта для подачи в принтер Муфта для подачи листов Муфта для подающего узла Муфта для протяжки листов Муфта драйвера подачи бумаги Муфта захвата Муфта захвата бумаги Муфта конвейера бумаги Муфта лотка подачи бумаги Муфта механизма подачи Муфта передачи Муфта подачи Муфта подачи бумаги Муфта подачи для лотка Муфта подачи из лотка Муфта подачи листов Муфта подачи листов Муфта подающего механизма Муфта подающего ролика Муфта привода Муфта привода Муфта привода бумаги Муфта привода захвата Муфта привода лотка Муфта привода лотка Муфта привода подачи Муфта привода подачи бумаги Муфта привода подающего вала Муфта привода ролика Муфта привода роликов подачи Муфта привода тракта Муфта привода транспортировки Муфта привода Konica Minolta Муфта привода PF (Paper Feed) Муфта протяжки Муфта протяжная Муфта роликов подачи Муфта сцепления Муфта транспортировки Муфта транспортировки Муфта транспортировки бумаги Муфта узла захвата бумаги Муфта узла подачи Муфта управления подачей Муфта фрикционная подачи бумаги Муфта электромагнитная Муфта электромагнитная Узел электромагнитной муфты подачи Электро-муфта Электромагнитное сцепление Электромагнитный клатч Электромагнитный механизм подачи Электромагнитный привод Электромеханическая муфта подачи бумаги Электромуфта подачи бумаги Clutch Assembly Drive Clutch Driving Clutch Driving Clutch Electromagnetic Clutch Electromagnetic Drive Clutch Feed Clutch Feed Drive Clutch Input Clutch Intermediate conveyance clutch /1 Intermediate conveyance clutch /2 Intermediate conveyance clutch /3 Intermediate conveyance clutch/1 (CL5) Intermediate conveyance clutch/2 (CL6) Intermediate conveyance clutch/3 (CL7) LCT feed clutch Paper Feed Clutch Paper feed clutch/1 (CL1) Paper feed clutch/2 (CL2) Paper feed clutch/3 (CL3) Paper Feed Drive Clutch Paper Feed Driving Clutch Paper Feeding Clutch Paper Handling Clutch Paper Pickup Clutch Paper Transport Clutch Pre-registration clutch /1 Pre-registration clutch /2 Pre-registration clutch /3 Registration clutch Transport Clutch Коника Минолта Минольта бицхаб бизхаб 224e 284e 308 308e 364e 368 368e 454e 458 458e 554e C 224 C 224e C 258 C 284 C 284e C 308 C 364 C 364e C 368 C 454 C 454e C 458 C 554 C 554e C 558 224е 284е 308е 364е 368е 454е 458е 554е С224 С224е С258 С284 С284е С308 С364 С364е С368 С454 С454е С458 С554 С554е С558,Прочее,Муфты,"49, грамм",Гарантия на данный товар не предоставляется,,,,,,,,,,,,,,,,,,,,,,,,,,,,,,,,,,,,,,,,
400000031203,"Девелопер (Developer) оригинал. DV-613K для Konica Minolta C8000, черный (black), A1DY600",,,2,0,11790.0,11790.0,Konica Minolta Bizhub PRESS C8000,Девелопер,Developer,Konica Minolta,оригинальный,DV-613K,300000,черный (black),A1DY600,не предусмотрено,Konica Minolta Bizhub PRESS C8000,C8000,Konica Minolta Bizhub PRESS C8000 C 8000 Коника Минолта Минольта бизхаб бицхаб пресс про девелопер проявитель проявителя проявка,Формирование изображения,Девелоперы,"1300, грамм",Гарантия на данный товар не предоставляется,,,,,,,,,,,,,,,,,,,,,,,,,,,,,,,,,,,,,,,,
400000033513,"Картридж совместимый для ч/б лазерных принтеров Pantum, RTC TL-428H, черный (black), с чипом, 3000стр A4, Булат 7Q",,,6,0,691.56,751.7,,Картридж совместимый,,Булат 7Q,,,3000,,,,,"Pantum P3308DN, P3308DW, M7108DN, M7108DW",,,,"561, грамм",Гарантия на данный товар не предоставляется,,,,,,,,RTC TL-428H,,,,черный (black),для ч/б лазерных принтеров Pantum,,,,с чипом,TL-428H,https://bulatgroup.ru,,,,,,,,,,,,,,,,,,,,,
400000030907,"Фотобарабан  совместим. для лазерных принтеров Konica Minolta C554, Китай",,,7,0,590.01,641.31,"Фотобарабан совместимый для принтеров Konica Minolta Bizhub 554e, 558, 558e, 654, 654e, 658e, 754, 754e, 758, 808, C554, C554e, C654, C654e, C659, C754, C754e, C759",Фотобарабан,,Китай,совместимый,Konica Minolta C554,нет данных,не предусмотрено,,,,,"Konica Minolta Bizhub 554e, 558, 558e, 654, 654e, 658e, 754, 754e, 758, 808, C554, C554e, C654, C654e, C659, C754, C754e, C759",,,"130, грамм",Гарантия на данный товар не предоставляется,KI,не предусмотрено,Фотобарабаны,,,,,,,,,,,,,,,,,,,,,,,,,,,,,,,,,,,,,
400000031116,"Блок фотобарабана (Drum Unit) оригинал. DR-316K для Konica Minolta C250i/C360i, черный (black), AAV70RD",,,10,0,17900.0,17899.99,"Konica Minolta Bizhub C250i, C300i, C360i",Блок фотобарабана,Drum Unit,Konica Minolta,оригинальный,DR-316K,170000,черный (black),AAV70RD,не предусмотрено,"Konica Minolta Bizhub C250i, C300i, C360i",C250i/C360i,Konica Minolta Bizhub C250i C300i C360i C 250 250i 300 300i 360 360i i,Формирование изображения,Блок фотобарабана,"1090, грамм",Гарантия на данный товар не предоставляется,,,,,,,,,,,,,,,,,,,,,,,,,,,,,,,,,,,,,,,,
400000031935,"Картридж оригинал. Xerox (Fujifilm) 006R01529/CT201586, для цветных лазерных принтеров C550/C570, черный (black), 30000стр A4",,,128,0,6590.0,6589.99,"Xerox Primelink C550/C560/C570Внимание, для работы картриджа в МФУ требуется заменачипа!",Картридж,,Xerox (Fujifilm),оригинальный,,30000,,,006R01525,"Xerox Color 550, 560, 570",C550/C570,Xerox Color Colour C550 C560 C570 C60 C70 C 550 C 560 C 570 C 60 C 70 PrimeLink Prime Link C9065 C9070  C 9065 C 9070 Праймлинк колор калэр калор colour пресс ксерокс тонер туба replenisher краска,,,"1450, грамм",10 месяцев,,,,,,,,не предусмотрено,CT201586,006R01529,CT201586,черный (black),для цветных лазерных принтеров,638,780,Япония,,,,,,,,,,,,,,,,,,,,,,,,
400000031356,"Картридж оригинал. Konica Minolta TN-627C EU ACVV450/ACVV430, для цветных лазерных принтеров C12000/C14000, голубой (cyan), 208400стр A4",,,5,0,14900.0,14900.0,"Konica Minolta AccurioPress C12000, C14000",Картридж,,Konica Minolta,оригинальный,,208400,,,не предусмотрено,"Konica Minolta AccurioPress C12000, C14000",C12000/C14000,Konica Minolta AccurioPress C12000 C14000 C 12000 C 14000 Коника Минолта Минольта Акурио Аккурио Акуриопресс Аккуриопресс пресс тонер туба флакон replenisher,,,"4065, грамм",10 месяцев,,,,,,,,TN-627C EU,ACVV450,ACVV450,ACVV430,голубой (cyan),для цветных лазерных принтеров,3264,,Япония,,,,,,,,,,,,,,,,,,,,,,,,
400000020348,"Картридж совместимый для ч/б лазерных принтеров Canon и HP, RTC Q6511A, черный (black), с чипом, 6000стр A4, Булат 7Q",,,2,0,1787.25,1942.66,"Черный тонер-картридж для принтеров HP LaserJet 2410, 2420, 2430, Canon i-Sensys LBP3460(C70) , заменяющий оригинальные картриджи Q6511A. Тонеры компании Булат для картриджей лазерных принтеров производятся из современного сырья. Это полимеры, применение которых позволяет использовать тонеры в тонер-картриджах для новых скоростных принтеров и копиров. Это магнетиты и зарядорегуляторы, позволяющие получать стабильные результаты качества печати. Все это, плюс технологические приемы, направленные на улучшение структуры и формы частиц тонера, позволяют получить продукт стабильного качества. Все стадии производства тонеров проходят жесткий технологический контроль, готовый продукт всесторонне тестируется. Более 20 параметров подлежат проверке. Компания Булат проводит исследование тонеров во взаимодействии с другими расходными материалами: фотобарабанами, валами первичного заряда и т. д. для наиболее эффективного использования формулировок в дальнейшем.",,,,,,,,,,,,,,,,,,,,,,,Булат,,,,,,,,,,,,http://www.bulatgroup.ru,,RTC Q6511A,black (черный),"Q6511A, С710","HP LaserJet 2410, 2420, 2430, Canon i-SENSYS LBP3460",6000,,,,,,,,,,,,,,,
400000018342,"Чип тонер-картриджа  совместим. для лазерных принтеров Kyocera FS-1060/1125/1025 (TK1120), черный (black), 3000стр A4, Булат",,,9,0,35.27,38.34,"Чип для лазерных принтеров Kyocera Mita FS-1060, 1025, 1125, и картриджей TK-1120.Чип для лазерного картриджа — микросхема памяти, на которой записаны характеристики картриджа. Количество израсходованного тонера, подсчитанное чипом, лишь приблизительно и на момент когда, согласно подсчету, тонер израсходован и печать блокируется, картридж содержит еще около 30% тонера. Таким образом, замена чипа позволяет значительно сэкономить на расходных материалах лазерного принтера.",,,,,,,,,,,,,,,,,,,,TK-1120,"Kyocera Mita FS-1060, 1025, 1125",,,,,,,,,,,,,,,,,,,,,,,,,,,,,,,,,,,
400000031512,"Девелопер (Developer) оригинал. DV-616C для Konica Minolta C1085/C6100, голубой (cyan), A5E7900",,,4,0,23690.0,23690.0,"Konica Minolta Bizhub Press C1085, C1100; AccurioPress C6085, C6100",Девелопер,Developer,Konica Minolta,оригинальный,DV-616C,850000,голубой (cyan),A5E7900,не предусмотрено,"Konica Minolta Bizhub Press C1085, C1100; AccurioPress C6085, C6100",C1085/C6100,Konica Minolta Bizhub Press C1085 C1100 C 1085 C 1100 AccurioPress Accurio Acurio C6085 C6100 C 6085 C 6100 Коника Минолта Минольта бизхаб бицхаб пресс про акку пресс аккурио акурио акуриопресс девелопер проявитель проявителя проявка,Формирование изображения,Девелоперы,"737, грамм",Гарантия на данный товар не предоставляется,,,,,,,,,,,,,,,,,,,,,,,,,,,,,,,,,,,,,,,,
400000030894,"Ролик захвата бумаги (Paper Feed/Separation Roller) оригинал. для Konica Minolta C224/C554, A00J563600",,,155,0,390.0,390.01,"Konica Minolta AccurioPress 6120, 6136;AccurioPrint 2100;bizhub 223, 224e, 227, 283, 284e, 287, 308, 36, 363, 364e, 367, 42, 423, 450i, 454e, 458, 458e, 550i, 552, 554e, 558, 558e, 650i, 652, 654, 654e, 658e, 750i, 754, 754e, 758;bizhub C203, C220, C224, C224e, C227, C253, C258, C280, C284, C284e, C287, C308, C3300i, C3320i, C3350i, C353, C353P, C360, C364, C364e, C368, C4000i, C4050i, C450i, C451, C452, C454, C454e, C458, C550, C550i, C552, C554, C554e, C558, C650, C650i, C652, C654, C654e, C658, C659, C750i, C754, C754e, C759;bizhub PRO 1100, 958;magicolor 8650",Ролик захвата бумаги,Paper Feed/Separation Roller,Konica Minolta,оригинальный,не предусмотрено,нет данных,не предусмотрено,A00J563600,не предусмотрено,"Konica Minolta AccurioPress 6120, 6136; AccurioPrint 2100; bizhub 223, 224e, 227, 283, 284e, 287, 308, 36, 363, 364e, 367, 42, 423, 450i, 454e, 458, 458e, 550i, 552, 554e, 558, 558e, 650i, 652, 654, 654e, 658e, 750i, 754, 754e, 758; bizhub C 203, 220, 224, 224e, 227, 253, 258, 280, 284, 284e, 287, 308, 3300i, 3320i, 3350i, 353, 353P, 360, 364, 364e, 368, 4000i, 4050i, 450i, 451, 452, 454, 454e, 458, 550, 550i, 552, 554, 554e, 558, 650, 650i, 652, 654, 654e, 658, 659, 750i, 754, 754e, 759; bizhub PRO 1100, 958; magicolor 8650",C224/C554,Захватывающий ролик Резиновый ролик Ремкомплект роликов подач Ролик байпасс Ролик для захвата бумаги Ролик для кассеты Ролик для лотка Ролик для лотка подачи Ролик для МФУ Ролик для подачи Ролик для подачи бумаги Ролик для подачи документов Ролик для подачи листов Ролик для принтера Ролик для ручной подачи Ролик для транспортировки бумаги Ролик захвата Ролик захвата бумаги Ролик лотка Ролик отделения (Retard Roll) Ролик подачи Ролик подачи (Feed Roll) Ролик подачи бумаги Ролик подачи в сборе Ролик подачи листов Ролик подачи ручного лотка Ролик подхвата Ролик сепарации Ролик bypass Bypass roll Document Feed Roller Feed Roll Feed Roller Paper Feed Roller Paper Transport Roller Pick-up Roller Roller Repair Tray Feed Roller Konica Minolta bizhub magicolor 8650 magicolor 8650DN Коника Минолта Минольта Бизхаб Бицхаб Про Мэджик колор калэр 6120 6136 2100 223 224e 227 283 284e 287 308 36 363 364e 367 42 423 450i 454e 458 458e 550i 552 554e 558 558e 650i 652 654 654e 658e 750i 754 754e 758 C203 C220 C224 C224e C227 C253 C258 C280 C284 C284e C287 C308 C3300i C3320i C3350i C353 C353P C360 C364 C364e C368 C4000i C4050i C450i C451 C452 C454 C454e C458 C550 C550i C552 C554 C554e C558 C650 C650i C652 C654 C654e C658 C659 C750i C754 C754e C759 224e 284e 364e 450i 454e 458e 550i 554e 558e 650i 654e 658e 750i 754e C 203 C 220 C 224 C 224e C 227 C 253 C 258 C 280 C 284 C 284e C 287 C 308 C 3300i C 3320i C 3350i C 353 C 353P C 360 C 364 C 364e C 368 C 4000i C 4050i C 450i C 451 C 452 C 454 C 454e C 458 C 550 C 550i C 552 C 554 C 554e C 558 C 650 C 650i C 652 C 654 C 654e C 658 C 659 C 750i C 754 C 754e C 759 224е 284е 364е 450i 454е 458е 550i 554е 558е 650i 654е 658е 750i 754е С203 С220 С224 С224е С227 С253 С258 С280 С284 С284е С287 С308 С3300i С3320i С3350i С353 С353Р С360 С364 С364е С368 С4000i С4050i С450i С451 С452 С454 С454е С458 С550 С550i С552 С554 С554е С558 С650 С650i С652 С654 С654е С658 С659 С750i С754 С754е С759,Подача и вывод материала,Ролики подачи и захвата,"12, грамм",Гарантия на данный товар не предоставляется,,,,,,,,,,,,,,,,,,,,,,,,,,,,,,,,,,,,,,,,
400000032258,"Лента второго переноса (2nd Transfer Belt) оригинал. для Konica Minolta C1085/C6085, A1RF520400",,,4,0,7090.0,7090.0,"AccurioPress C6085, C6100, C12000, C14000;bizhub PRESS C1085, C1100, C8000",Лента второго переноса,2nd Transfer Belt,Konica Minolta,оригинальный,не предусмотрено,нет данных,не предусмотрено,A1RF520400,не предусмотрено,"Konica Minolta AccurioPress C6085, C6100, C12000, C14000; Bizhub Press C1085, C1100, C8000",C1085/C6085,Лента переноса Ремень переноса Транспортная лента Промежуточная лента Лента передачи изображения Конвейерная лента Intermediate Belt Transfer сборка ленты переноса Image Transfer Belt Intermediate Transfer Belt ITB Лента для переноса тонера Лента трансфера Ремень трансферный Пояс переноса Лента для печати Лента изображения Трансферная лента Лента для принтера Трансферный ремень Модуль переноса IBT-лента IBT-ремень IBT Unit IBT Beld второй вторая №2 Коника Conika Konika Минолта Минольта Акку Аку Акурио Акуриопресс Аккуриопресс Акуриопрес Аккуриопрес Акурио пресс Аккурио пресс Акурио прес Аккурио прес бицхаб бизхаб Пресс Прес C 6085 C 6100 C 12000 C 14000 C 1085 C 1100 C 8000 С6085 С6100 С12000 С14000 С1085 С1100 С8000,Перенос изображения,Ленты переноса,"72, грамм",Гарантия на данный товар не предоставляется,,,,,,,,,,,,,,,,,,,,,,,,,,,,,,,,,,,,,,,,
400000020452,"Картридж совместимый для цветных лазерных принтеров Kyocera, TK-560, пурпурный (magenta), с чипом, 10000стр A4, Булат S-Line",,,1,0,1885.08,2015.81,"Пурпурный тонер-картридж для принтеров FS-C5300, C5350, ECOSYS P6030c, заменяющий оригинальные картриджи TK-560. Тонеры компании Булат для картриджей лазерных принтеров производятся из современного сырья. Это полимеры, применение которых позволяет использовать тонеры в тонер-картриджах для новых скоростных принтеров и копиров. Это магнетиты и зарядорегуляторы, позволяющие получать стабильные результаты качества печати. Все это, плюс технологические приемы, направленные на улучшение структуры и формы частиц тонера, позволяют получить продукт стабильного качества. Все стадии производства тонеров проходят жесткий технологический контроль, готовый продукт всесторонне тестируется. Более 20 параметров подлежат проверке. Компания Булат проводит исследование тонеров во взаимодействии с другими расходными материалами: фотобарабанами, валами первичного заряда и т. д. для наиболее эффективного использования формулировок в дальнейшем.",,,,,,,,,,,,,,,,,,,,,,,Булат,,,,,,,,,,,,http://www.bulatgroup.ru,,TK560,magenta (пурпурный),TK560,"FS-C5300, C5350, ECOSYS P6030c",10000,,,,,,,,,,,,,,,
400000024360,"Картридж совместимый для ч/б лазерных принтеров Kyocera, TK-3170, черный (black), с чипом, 15500стр A4, Булат S-Line",,,1,0,836.36,909.09,"Черный тонер-картридж для принтеров Kyocera P3050, P3055, P3060 заменяющий оригинальный картридж TK 3170.Тонеры компании Булат для картриджей лазерных принтеров производятся из современного сырья. Это полимеры, применение которых позволяет использовать тонеры в тонер-картриджах для новых скоростных принтеров и копиров. Это магнетиты и зарядорегуляторы, позволяющие получать стабильные результаты качества печати. Все это, плюс технологические приемы, направленные на улучшение структуры и формы частиц тонера, позволяют получить продукт стабильного качества. Все стадии производства тонеров проходят жесткий технологический контроль, готовый продукт всесторонне тестируется. Более 20 параметров подлежат проверке. Компания Булат проводит исследование тонеров во взаимодействии с другими расходными материалами: фотобарабанами, валами первичного заряда и т. д. для наиболее эффективного использования формулировок в дальнейшем.",,,,,,,,,,,,,,,,,,,,,,,Булат,,,,,,,,,,,,http://www.bulatgroup.ru/,,TK 3170,Black (черный),TK 3170,"Kyocera P3050, P3055, P3060",15500,,,,,,,,,,,,,,,
400000021245,"Вал заряда  совместим. для лазерных принтеров Samsung ML-1910, 2850, 2950, Китай",,,19,0,66.88,72.7,"Вал заряда для лазерных принтеров Samsung ML-1910, 2850, 2950 и картриджей ML-D2850, MLT-D209L, MLT-D105L. Вал первичного заряда представляет собой металлическую ось, заключенную в резиновую оболочку. PCR имеют разное строение резинового слоя. Основная задача этой детали зарядка фотобарабана однородным отрицательным зарядом. В некоторых картриджах PCR выполняет функцию своеобразного дворника - очищает фотобарабан от остатков тонера и бумажной пыли. PCR также стирает остаточный заряд, который остался на фотобарабане от предыдущей зарядки. Вал первичного заряда подвержен сильному загрязнению бумажной пылью, поэтому требует регулярной и тщательной чистки.",,,,,,,,,,,,,,,,,,,,,"Samsung ML-1910, 2850, 2950",,noname,,,,,,,,,,,,,,,,,,,,"ML-D2850, MLT-D209L, MLT-D105L",,,,,,,,,,,,,
400000030655,"Чистящее лезвие (Wiper blade)  совместим. для лазерных принтеров Kyocera M4132, Китай",,,3,0,490.01,515.71,"Чистящее лезвие (Wiper blade) для принтеров Kyocera Ecosys M4125idn, M4132idn, M8124cidn, M8130cidn, M8224cidn, M8228cidn, Fs-6025MFP, Fs-6030MFP, Fs-6525MFP, Fs-6530MFP, TASKalfa 255, 305, 3212i, 4012i",Чистящее лезвие (Wiper blade),,Китай,совместимый,Kyocera M4132,нет данных,не предусмотрено,,,,,"Kyocera Ecosys M4125idn, M4132idn, M8124cidn, M8130cidn, M8224cidn, M8228cidn, Fs-6025MFP, Fs-6030MFP, Fs-6525MFP, Fs-6530MFP, TASKalfa 255, 305, 3212i, 4012i",,,"106, грамм",Гарантия на данный товар не предоставляется,RST,не предусмотрено,Лезвия очистки,,,,,,,,,,,,,,,,,,,,,,,,,,,,,,,,,,,,,
400000033704,"Комплект роликов подачи (Feed Roll Kit) оригинал. для Xerox C550/C8170, 604K56080",,,4,0,690.0,690.0,"Ролики используются в стандартных лотках, а также в лотке ручной подачи широкого спектра принтеров Xerox.Xerox Color 550, 560, 570, C60, C70;PrimeLink 9065, 9070;DocuColor 240, 242, 250, 252, 260;AltaLink C8030, C8035, C8045, C8055, C8070, C8130, C8135, C8145, C8155, C8170; B8145, B8155, B8170WorkCentre 5019, 5021, 5022, 5024, 5222, 5225, 5230, 5325, 5330, 5335, 7132, 7220, 7225, 7335, 7525, 7530, 7535, 7545, 7556, 7655, 7665, 7830, 7835, 7845, 7855, M118, 123, 128, 133;WorkCentre Pro C2128, C2636, C3545;Phaser 7800;VersaLink C8000, C9000",Комплект роликов подачи,Feed Roll Kit,Xerox,оригинальный,не предусмотрено,100000,не предусмотрено,604K56080,"600K78460, 022K74870, 059K26561, 604K75331, 109R00790, 109R790, 676K65020, 604K20360, 604K20530, 607K12020, 676K12691, 676K12691, 022K56820, 022K67170, 607K12430, 675K86570, 676K12690, 675K67050, 604K36850, 675K82240, 675K82242, 676K81960, 604K75330, 859K00100б 859K12291, 859K12291, 859K27210, 41X3376","Xerox Color 550, 560, 570, C60, C70; PrimeLink 9065, 9070; DocuColor 240, 242, 250, 252, 260; AltaLink C8030, C8035, C8045, C8055, C8070, C8130, C8135, C8145, C8155, C8170; B8145, B8155, B8170; WorkCentre 5019, 5021, 5022, 5024, 5222, 5225, 5230, 5325, 5330, 5335, 7132, 7220, 7225, 7335, 7525, 7530, 7535, 7545, 7556, 7655, 7665, 7830, 7835, 7845, 7855, M118, 123, 128, 133; WorkCentre Pro C2128, C2636, C3545; Phaser 7800; VersaLink C8000, C9000",C550/C8170,Комплект для захвата бумаги Комплект для подачи бумаги Комплект для подачи документов Комплект для подачи листов Комплект из трех роликов Комплект подающих роликов Комплект роликов для подачи Комплект роликов для принтера Комплект роликов подачи бумаги Комплект роликов подачи ручного лотка Комплект роликов протяжки бумаги Набор захватывающих роликов Набор подающих роликов Набор роликов для МФУ Набор роликов лотка Оригинальный набор роликов Xerox Подталкивающий ролик (Nudger Roll) Резиновые ролики Ремкомплект роликов для лотков 1-4 Ремкомплект роликов подач Ролик отделения (Retard Roll) Ролик подачи (Feed Roll) Ролики для лотка Ролики для лотка подачи Ролики для подачи бумаги Ролики для транспортировки бумаги Ролики захвата Ролики захвата бумаги Ролики подачи Ролики подачи в сборе Ролики подачи листов Ролики подхвата Роликовый комплект Сервисный комплект роликов подачи Document Feed Roller Kit Feed Roll Kit Feed Roller Assembly Paper Feed Roller Kit Paper Transport Roller Paper Transport Roller Kit Pick-up Roller Kit Roller Repair Kit tray 1-4 roll kit Tray Feed Roller Kit Ксерокс PrimeLink Праймлинк Прайм линк DocuColor Docu DocuColour Докуколор Докукалэр Доку калэр колор AltaLink Alta Link Альталинк Альта Алта Линк WorkCentre WorkCenter Work Center Воркцентр Вёркцентр Воркцентре Вёркцентре Вокрцентер Вёркцентер Ворк Вёрк Центр Центер Центре VersaLink Versa Link Верса Линк Версалинк Pro 550 560 570 C60 C 60 C70 C 70 PrimeLink 9065 9070 DocuColor 240 242 250 252 260 AltaLink C8030 C 8030 C8035 C 8035 C8045 C 8045 C8055 C 8055 C8070 C 8070 C8130 C 8130 C8135 C 8135 C8145 C 8145 C8155 C 8155 C8170 C 8170 B8145 B 8145 B8155 B 8155 B8170 B 8170 WorkCentre 5019 5021 5022 5024 5222 5225 5230 5325 5330 5335 7132 7220 7225 7335 7525 7530 7535 7545 7556 7655 7665 7830 7835 7845 7855 M118 M 118 123 128 133 WorkCentre Pro C2128 C 2128 C2636 C 2636 C3545 C 3545 Phaser 7800 VersaLink C8000 C 8000 C9000 C 9000 C550 C560 C570 C60 C70 C9065 C9070 DC 240 DC 242 DC 250 DC 252 DC 260 B9100 B9110 B9125 B9136 WC 7655 WC 7665 DС700 DС770 С550 С560 С570 С60 С70 С9065 С9070 В80 В180 В280 DС240 DС242 DС250 DС252 DС260 В9100 В9110 В9125 В9136 WC5019 WC5021 WC5022 WC5024 WC5222 WC5225 WC5230 WC5325 WC5330 WC5335 WC7132 WC7220 WC7225 WC7335 WC7525 WC7530 WC7535 WC7545 WC7556 WC7655 WC7665 WC7830 WC7835 WC7845 WC7855 WCM118 WC123 WC128 WC133 C2128 C2636 C3545 C8000 C9000 С2128 С2636 С3545 С8000 С9000,Подача и вывод материала,Ролики подачи и захвата,"34, грамм",Гарантия на данный товар не предоставляется,,,,,,,,,,,,,,,,,,,,,,,,,,,,,,,,,,,,,,,,
400000031502,"Картридж совместимый для ч/б лазерных принтеров HP, RTC W1106A, черный (black), с чипом, 1000стр A4, Булат 7Q",,,4,0,629.17,683.88,,Картридж совместимый,,Булат 7Q,,,1000,,,,,Laser 107,,,,"885, грамм",Гарантия на данный товар не предоставляется,,,,,,,,RTC W1106A,,,,черный (black),для ч/б лазерных принтеров HP,,,,с чипом,W1106A,Laser 107 135 137,,,,,,,,,,,,,,,,,,,,,
400000002802,"Фотобарабан  совместим. для лазерных принтеров HP LJ 3600, Alpha",,,2,0,268.05,331.88,"Фотобарабан для лазерных принтеров HP CLJ 3505, 3600, 3800 и картриджей Q6470A. Фотобарабан состоит из металлического цилиндра, на который нанесен фотослой. Фотобарабаны различаются размерами и формой шестерен, обеспечивающих его вращение. На фотобарабане лазер принтера засвечивает области, на которые магнитному валу необходимо нанести тонер. Срок службы фотобарабана зависит от используемых тонера и бумаги.",,,,,,,,,,,,,,,,,,,,Q6470A,"HP CLJ 3505, 3600, 3800",,Alpha,,,,,,,,,,,,,,,,,,,,,,,,,,,,,,,,,
400000031847,"Девелопер (Developer) оригинал. для Xerox Versant 80/4100, голубой (cyan), 676K33621/505S00038",,,3,0,3990.0,3990.0,"Xerox Versant Press 80, 180, 280; 2100, 3100, 4100",Девелопер,Developer,Xerox,оригинальный,не предусмотрено,1500000,голубой (cyan),676K33621/505S00038,676K33622,"Xerox Versant Press 80, 180, 280; 2100, 3100, 4100",Versant 80/4100,Xerox Versant v80 v180 v280 v2100 v3100 v4100 Press проявитель носитель,Формирование изображения,Девелоперы,"490, грамм",Гарантия на данный товар не предоставляется,,,,,,,,,,,,,,,,,,,,,,,,,,,,,,,,,,,,,,,,
400000031986,"Чип тонер-картриджа совместим. 006R01648 для Xerox Versant 80/280, пурпурный (magenta)",,,506,0,110.0,110.0,Xerox Versant 80/180/280,Чип тонер-картриджа,не предусмотрено,Xerox,совместимый,006R01648,22000,пурпурный (magenta),не предусмотрено,не предусмотрено,"Xerox Versant 80, 180, 280 Press",Versant 80/280,Xerox Versant 80 180 280 v80 v180 v280 Press Ксерокс Версант Пресс микросхема,Прочее,Чипы,"1, грамм",Гарантия на данный товар не предоставляется,JDY,,,,,,,,,,,,,,,,,,,,,,,,,,,,,,,,,,,,,,,
400000019828,"Чип тонер-картриджа  совместим. для лазерных принтеров Kyocera FS-С5100 (TK-540M), пурпурный (magenta), 4000стр A4, Китай",,,3,0,191.76,227.25,"Чип для лазерных принтеровKyocera FS-C5100DN, и картриджейТК540М.Чип для лазерного картриджа — микросхема памяти, на которой записаны характеристики картриджа. Количество израсходованного тонера, подсчитанное чипом, лишь приблизительно и на момент когда, согласно подсчету, тонер израсходован и печать блокируется, картридж содержит еще около 30% тонера. Таким образом, замена чипа позволяет значительно сэкономить на расходных материалах лазерного принтера.",,,,,,,,,,,,,,,,,,,,ТК540М,Kyocera FS-C5100DN,,,,,,,,,,,,,,,Европа,,,,,,,,,,,,,,,,,,,,
400000031931,"Резинка для роликов подачи/отделения/захвата (Double Feed Prevention Rubber) оригинал. для Konica Minolta C1060/C71hc, 25SA40960",,,119,0,390.0,390.01,"AccurioPress C2060, C2070, C2070P, C3070, C3070P, C3080, C3080P, C4070, C4080, C7090, C7100, C83hc;AccurioPrint C2060L, C3070L, C4065, C4065P;bizhub 600, 601, 750;bizhub PRESS C1060, C1070, C1070P, C6000, C7000, C7000P, C70hc, C71hc, C8000;bizhub PRO 8050, 8150, C1060L, C500, C5500, C5501, C6000L, C6500, C6501, C65hc",Резинка для роликов подачи/отделения/захвата,Double Feed Prevention Rubber,Konica Minolta,оригинальный,не предусмотрено,нет данных,не предусмотрено,25SA40960,"4024102701, 25SA40960E","AccurioPress C2060, C2070, C2070P, C3070, C3070P, C3080, C3080P, C4070, C4080, C7090, C7100, C83hc; AccurioPrint C2060L, C3070L, C4065, C4065P; bizhub 600, 601, 750; bizhub PRESS C1060, C1070, C1070P, C6000, C7000, C7000P, C70hc, C71hc, C8000; bizhub PRO 8050, 8150, C1060L, C500, C5500, C5501, C6000L, C6500, C6501, C65hc",C1060/C71hc,Накладка на ролик Накладка ролика подачи Прокладка ролика лотка Резина на ролик Резина ролика лотка Резинка подачи бумаги Резинка подающего ролика Резинка ролика подачи бумаги Резиновая накладка ролика Feed roller sleeve Paper pickup roller rubber Konica Minolta AccurioPress C2060 C2070 C2070P C3070 C3070P C3080 C3080P C4070 C4080 C7090 C7100 C83hc C2060L C3070L C4065 C4065P 600 601 750 C1060 C1070 C1070P C6000 C7000 C7000P C70hc C71hc C8000 8050 8150 C1060L C500 C5500 C5501 C6000L C6500 C6501 C65hc C 2060 C 2070 C 2070P C 3070 C 3070P C 3080 C 3080P C 4070 C 4080 C 7090 C 7100 C 83hc C 2060L C 3070L C 4065 C 4065P C 1060 C 1070 C 1070P C 6000 C 7000 C 7000P C 70hc C 71hc C 8000 C 1060L C 500 C 5500 C 5501 C 6000L C 6500 C 6501 C 65hc С2060 С2070 С2070Р С3070 С3070Р С3080 С3080Р С4070 С4080 С7090 С7100 С83hс С2060L С3070L С4065 С4065Р С1060 С1070 С1070Р С6000 С7000 С7000Р С70hс С71hс С8000 С1060L С500 С5500 С5501 С6000L С6500 С6501 С65hс,Подача и вывод материала,Ролики подачи и захвата,"7, грамм",Гарантия на данный товар не предоставляется,,,,,,,,,,,,,,,,,,,,,,,,,,,,,,,,,,,,,,,,
400000031936,"Картридж оригинал. Xerox 006R01517/CT201829, для цветных лазерных принтеров WC7525/C8035, черный (black), 26000стр A4",,,9,0,4400.0,4400.0,"Xerox WorkCentre 7525, 7530, 7535, 7545, 7556, 7830, 7835, 7845, 7855, 7970, 7830i, 7835i, 7845i, 7855i, 7970i;AltaLink C8030, C8035, C8045, C8055, C8070",Картридж,,Xerox,оригинальный,,26000,,,"006R01701, 006R01509, 006R01697, CT201370","Xerox WorkCentre 7525, 7530, 7535, 7545, 7556, 7830, 7835, 7845, 7855, 7970, 7830i, 7835i, 7845i, 7855i, 7970i; AltaLink C8030, C8035, C8045, C8055, C8070",WC7525/C8035,WorkCentre WorkCenter Work Centre Center 7525 7530 7535 7545 7556 7830 7835 7845 7855 7970 WC7525 WC7530 WC7535 WC7545 WC7556 WC7830 WC7835 WC7845 WC7855 WC7970 WC 7525 WC 7530 WC 7535 WC 7545 WC 7556 WC 7830 WC 7835 WC 7845 WC 7855 WC 7970 Alta Link Altalink C8030 C8035 C8045 C8055 C8070 C 8030 C 8035 C 8045 C 8055 C 8070 воркцентр вёркцентр ворк вёрк центр Ксерокс Альта алта альталинк алталинк туба тонер порошок краска репленишер replenisher,,,"640, грамм",10 месяцев,,,,,,,,не предусмотрено,006R01513,006R01517,CT201829,черный (black),для цветных лазерных принтеров,нет данных,622,США,,,,,,,,,,,,,,,,,,,,,,,,
400000032970,"Картридж оригинал. Xerox 006R01382/CT202104, для цветных лазерных принтеров DC700/C75, желтый (yellow), 22000стр A4",,,2,0,7190.0,7189.99,"Xerox Digital Color Press 700, 700i, 770; Color С75, J75",Картридж,,Xerox,оригинальный,,22000,,,"006R01378, CT201246, CT201275","Xerox Digital Color Press 700, 700i, 770; Color С75, J75",DC700/C75,Xerox DocuColor 700 700i 770 DC700 DC700i DC770 DC 700 DC 700i DC 770 С75 J75 С 75 J 75 доку колор калор калэр диджитал дижитал дигитал пресс прес ксерокс картридж тонер порошок туба краска replenisher,,,"1346, грамм",10 месяцев,,,,,,,,не предусмотрено,006R01386,006R01382,CT202104,желтый (yellow),для цветных лазерных принтеров,638,737,США,,,,,,,,,,,,,,,,,,,,,,,,
400000016957,"Картридж совместимый для цветных лазерных принтеров Canon и HP, RTC CB540A/CE320A/CF210X/C716/C731H, черный (black), с чипом, 2200стр A4, Булат 7Q",,,6,0,833.36,905.83,"Черный тонер-картридж для принтеров HP Color CP 1210, 1215, 1217, 1510, 1515, 1518, CM 1300, 1312, CM1312NFI, CP1525nw, CM1415fnw,Canon LBP 5050, 5050N, iC MF8030, 8050, 8080cw, заменяющий оригинальные картриджи HP CB540A, CE320A, CF210X, Canon C716, C731H blackТонеры компании Булат для картриджей лазерных принтеров производятся из современного сырья. Это полимеры, применение которых позволяет использовать тонеры в тонер-картриджах для новых скоростных принтеров и копиров. Это магнетиты и зарядорегуляторы, позволяющие получать стабильные результаты качества печати. Все это, плюс технологические приемы, направленные на улучшение структуры и формы частиц тонера, позволяют получить продукт стабильного качества. Все стадии производства тонеров проходят жесткий технологический контроль, готовый продукт всесторонне тестируется. Более 20 параметров подлежат проверке. Компания Булат проводит исследование тонеров во взаимодействии с другими расходными материалами: фотобарабанами, валами первичного заряда и т. д. для наиболее эффективного использования формулировок в дальнейшем.",,,,,,,,,,,,,,,,,,,,,,,Булат,,,,,,,,,,,,http://www.bulatgroup.ru,,RTC CB540A/CE320A/CF210X/C716/C731H с чипом,black (черный),"HP CB540A, CE320A, CF210X, Canon C716, C731H black","HP Color CP 1210, 1215, 1217, 1510, 1515, 1518, CM 1300, 1312, CM1312NFI, CP1525nw, CM1415fnw,Canon LBP 5050, 5050N, iC MF8030, 8050, 8080cw",2200,,,,,,,,,,,,,,,
400000016325,"Чип тонер-картриджа  совместим. для лазерных принтеров Xerox 6000/6010 (106R01630) K RUS, черный (black), 2000стр A4, Tonex",,,4,0,32.29,35.1,"Чип для лазерного принтера Xerox Phaser 6000, 6010. Чип для лазерного картриджа — микросхема памяти, на которой записаны характеристики картриджа. Количество израсходованного тонера, подсчитанное чипом, лишь приблизительно и на момент когда, согласно подсчету, тонер израсходован и печать блокируется, картридж содержит еще около 30% тонера. Таким образом, замена чипа позволяет значительно сэкономить на расходных материалах лазерного принтера.",,,,,,,,,,,,,,,,,,,,"106R01630, 106R01634",,,Tonex,,,,,,,,,,,,,,,,,,,,,"Xerox Phaser 6000, 6010",,,,,,,,,,,,
400000033191,"Вал нагревательный (Fusing Roller/1) оригинал. для Konica Minolta C6000/C70hc, A03U720100",,,9,0,9090.0,9090.0,"Konica Minolta bizhub PRESS C6000, C7000, C7000P, C70hc;bizhub PRO C5500, C5501, C6000L, C6500, C6501, C65hc",Вал нагревательный,Fusing Roller/1,Konica Minolta,оригинальный,не предусмотрено,900000,не предусмотрено,A03U720100,A03U720099,"Konica Minolta bizhub PRESS C6000, C7000, C7000P, C70hc; bizhub PRO C5500, C5501, C6000L, C6500, C6501, C65hc",C6000/C70hc,"Вал нагрева Вал печки Вал термобарабана Вал термоблока Вал термозакрепления Вал термоузла Вал термофиксации Вал узла фиксации Вал фьюзера Нагревательный барабан Нагревательный вал Нагревательный вал фьюзера Нагревательный ролик Нагревательный ролик термоблока Нагревательный элемент Прижимной ролик Резиновый вал Ролик для печки Ролик для фьюзера Ролик нагрева Ролик нагревательный Ролик нагревателя Ролик печки Ролик термоблока Ролик термовала Ролик термозакрепления Ролик узла нагрева Ролик фиксации Ролик фьюзера Термический вал Термовал Терморолик Тефлоновый вал Фьюзер роллер Фьюзерный ролик Fuser Roller Fusing Heater Roller Heater Roller первый №1 Konica Minolta bizhub Press C6000 C7000, C7000P c70hc Pro С5500 C5501 C6500 C6501 C6000L c65hc C 6000 C 7000 C 7000P C 70hc C 5500 C 5501 C 6000L C 6500 C 6501 C 65hc С6000 С7000 С7000Р С70hc С5500 С5501 С6000L С6500 С6501 С65hc",Закрепление изображения,Печные валы и ремни,"619, грамм",Гарантия на данный товар не предоставляется,,,,,,,,,,,,,,,,,,,,,,,,,,,,,,,,,,,,,,,,
400000021215,"Вал заряда  совместим. для лазерных принтеров Samsung ML-1610, 1615, 2010, Китай",,,9,0,107.64,127.5,"Вал заряда для лазерных принтеров Samsung ML-1610, 1615, 2010, 2015, 2510, 2570, 2571N",,,,,,,,,,,,,,,,,,,,"ML-1610D2, ML-2010D3",,,noname,,,,,,,,,,,,,,,,,,,,,"Samsung ML-1610, 1615, 2010, 2015, 2510, 2570, 2571N",,,,,,,,,,,,
400000031351,"Картридж оригинал. Konica Minolta TN-619K A3VX155/A3VX180, для цветных лазерных принтеров C1060/C4080, черный (black), 66500стр A4",,,91,0,7900.0,7900.0,"Konica Minolta AccurioPress C2060, C2070, C2070P, C3070, C3080, C3080P, C4070, C4080,Bizhub Press C1060, C1070, C1070P",Картридж,,Konica Minolta,оригинальный,,66500,,,"A3VX130, A3VX150, A3VX153, A3VX15D, A3VX15H, A3VX15K","Konica Minolta AccurioPress C2060, C2070, C2070P, C3070, C3070P, C3080, C3080P, C4070, C4080, Bizhub Press C1060, C1070, C1070P",C1060/C4080,Accurio Press C2060 C2070 C2070P C3070 C3070P C3080 C3080P C4070 C4080 C 2060 C 2070 C 2070P C 3070 C 3070P C 3080 C 3080P C 4070 C 4080 Bizhub Press C1060 C1070 C1070P C 1060 C 1070 C 1070P Коника Минолта Минольта Бизхаб Бицхаб пресс Акурио Аккурио replenisher тонер туба флакон порошок краска,,,"1635, грамм",10 месяцев,,,,,,,,TN-619K,A3VX180,A3VX155,A3VX180,черный (black),для цветных лазерных принтеров,1222,,Япония,,,,,,,,,,,,,,,,,,,,,,,,
400000032576,"Ролик переноса изображения первый (1st Transfer Roller) оригинал. для Xerox C550/C75, черный (black), 059K79210/059K55890",,,6,0,2550.0,2550.0,"Xerox Color C550, C560, C570; C60, C70; C75, J75;PrimeLink C9065/C9070;Digital Color Press DC700, DC700i, DC770",Ролик переноса изображения первый,1st Transfer Roller,Xerox,оригинальный,не предусмотрено,нет данных,черный (black),059K79210/059K55890,"059K79210, 059K79211, 059K55890","Xerox Color C550, C560, C570; C60, C70; C75, J75; PrimeLink C9065/C9070; Digital Color Press DC700, DC700i, DC770",C550/C75,"Ролик первого переноса Ролик переноса изображения Ролик первичного переноса Вал переноса Ролик BTR Узел первого переноса 1st BTR Assembly First Transfer Roller Primary Transfer Roller Transfer Roller Assy BTR Assembly Ролик для переноса тонера Вал для первичного переноса Ролик для передачи изображения Узел переноса тонера Ролик первичного переноса изображения Primary Transfer Roll Transfer Roller Unit Image Transfer Roller Вал переноса изображения Ролик трансферного узла Ролик для печати Трансферный ролик Первичный ролик переноса Roll Image Transfer Roller Unit Вал первого переноса Трансферный вал (первый) BTR ролик (первый) BTR вал (первый) Ролик заряда 1st BTR ролик Валик первого переноса Ролик Bias Transfer Ролик начального переноса Ролик первого этапа переноса черный Xerox Color Colour C550 C560 C570 C60 C70 C75 J75 PrimeLink C9065 C9070 Digital Color Press DC700, DC700i, DC770 C550 C560 C570 С550 С560 С570 C 60 C 70 С60 С70 C 9065 C 9070 С9065 С9070 DC700 DC700i DC770 Праймлинк колор калэр калор colour пресс ксерокс",Перенос изображения,Ролики переноса,"807, грамм",Гарантия на данный товар не предоставляется,,,,,,,,,,,,,,,,,,,,,,,,,,,,,,,,,,,,,,,,
400000033719,"Лента переноса (IBT Belt Assembly) оригинал. для Xerox (Fujifilm) C800/C1000, 064K93190",,,2,0,69900.0,69899.99,Xerox Color 800 1000 800i 1000i press,Лента переноса,IBT Belt Assembly,Xerox (Fujifilm),оригинальный,не предусмотрено,нет данных,не предусмотрено,064K93190,"CT400028, 064k03230, 064K93191",Xerox Color 800 1000 800i 1000i press,C800/C1000,Лента переноса Ремень переноса Транспортная лента Промежуточная лента Лента передачи изображения Конвейерная лента Intermediate Belt Transfer сборка ленты переноса Image Transfer Belt Intermediate Transfer Belt ITB Лента для переноса тонера Лента трансфера Ремень трансферный Пояс переноса Лента для печати Лента изображения Трансферная лента Лента для принтера Трансферный ремень Модуль переноса IBT-лента IBT-ремень IBT Unit IBT Beld оригинал неоригинальный аналог совместим compatible Xerox Ксерокс Color Сolour колор калэр калор 800 800i 1000 1000i,Перенос изображения,Ленты переноса,"780, грамм",Гарантия на данный товар не предоставляется,,,,,,,,,,,,,,,,,,,,,,,,,,,,,,,,,,,,,,,,
400000032447,"Чип для лазерных принтеров Xerox Altalink C8130, C8135, C8170 и картриджей 006R01757, желтый (yellow)",,,75,0,180.0,179.99,,,,,,,,,,,,,,,,"1, грамм",Гарантия на данный товар не предоставляется,,,,,,,,,,,,,,,,,,,,,,,,,,,,,,,,,,,,,,,,
400000032684,"Печной ремень нижний (Lower Fuser Belt) оригинал. для Canon C60/C800, FM1-Z226-010",,,2,0,55900.0,55899.99,"Canon imagePRESS C60, C65, C600, C600i, C650, C700, C700i, C710, C750, C800, C810, C850, C910",Печной ремень нижний,Lower Fuser Belt,Canon,оригинальный,не предусмотрено,600000,не предусмотрено,FM1-Z226-010,"FM1-C226-000, FM1-C722-000, FM1-C722","Canon imagePRESS C60, C65, C600, C600i, C650, C700, C700i, C710, C750, C800, C810, C850, C910",C60/C800,Бумагопроводящая лента Бумагопротяжная лента Бумагопротяжный тракт Конвейерная лента Конвейерный ремень Лента для подачи листов Лента конвейера Лента механизма подачи Лента подачи Лента подачи бумаги Лента протяжки бумаги Лента транспортера Лента транспортировки Подающая лента Ремень конвейера Ремень конвейера принтера Ремень подачи Ремень протяжки Ремень транспортировки Транспортерная лента Транспортёрная лента Транспортёрный ремень Транспортировочная лента Транспортная лента Нижний нижняя имэджпресс имэджпрес пресс прес кэнон канон имейдж имейджпресс имейджпрес C 60 C 65 C 600 C 600i C 650 C 700 C 700i C 710 C 750 C 800 C 810 C 850 C 910 С60 С65 С600 С600i С650 С700 С700i С710 С750 С800 С810 С850 С910 Canon ImagePress Image Press C60 C65 C650 C600 C600i C650 C700 C710 C750 C800 C810 C850 C910 C 60 C 65 C 600 C 600i C 650 C 700 C 710 C 750 C 800 C 810 C 850 C 910 C 60 C 65 C 600 C 600i C 650 C 700 C 700i C 710 C 750 C 800 C 810 C 850 C 910 С60 С65 С600 С600i С650 С700 С700i С710 С750 С800 С810 С850 С910,Закрепление изображения,Печные валы и ремни,"3162, грамм",Гарантия на данный товар не предоставляется,,,,,,,,,,,,,,,,,,,,,,,,,,,,,,,,,,,,,,,,
400000033194,"Бункер для отработанного тонера (Waste Toner Box) оригинал. WT-204 для Canon C165/С9065, FM1-P094-020",,,4,0,5190.0,5189.99,"Canon imagePRESS C165, C170, C265, C270, Lite C165, Lite C170, Lite C265, Lite C270, imageRUNNER ADVANCE C7055, C7055i, C7065, C7065i, C7260, C7260i, C7270, C7270i, C7280, C7280i, C7565, C7565i, C7570, C7570i, C7580, C7580i, C9270, C9270i, C9280, C9280i, C9065 PRO, C9075 PRO, C9270 PRO, C9280 PRO, DX C7765i, DX C7770i, DX C7780i",Бункер для отработанного тонера,Waste Toner Box,Canon,оригинальный,WT-204,123000,не предусмотрено,FM1-P094-020,"FM1-P094, FM1-P094-000, FM1-P094-010, FM0-4545, FM0-4545-000, FM4-5696, FM4-5696-010, FM4-5696-000, WT-204","Canon imagePRESS C165, C170, C265, C270, Lite C165, Lite C170, Lite C265, Lite C270, imageRUNNER ADVANCE C7055, C7055i, C7065, C7065i, C7260, C7260i, C7270, C7270i, C7280, C7280i, C7565, C7565i, C7570, C7570i, C7580, C7580i, C9270, C9270i, C9280, C9280i, C9065 PRO, C9075 PRO, C9270 PRO, C9280 PRO, DX C7765i, DX C7770i, DX C7780i",C165/С9065,Canon imagePRESS C165 C170 C265 C270 Lite C165 Lite C170 Lite C265 Lite C270 imageRUNNER ADVANCE C7055 C7055i C7065 C7065i C7260 C7260i C7270 C7270i C7280 C7280i C7565 C7565i C7570 C7570i C7580 C7580i C9270 C9270i C9280 C9280i C9065 PRO C9075 PRO C9270 PRO C9280 PRO DX C7765i DX C7770i DX C7780i image PRESS C 165 C 170 C 265 C 270 image RUNNER C 7055 C 7055i C 7065 C 7065i C 7260 C 7260i C 7270 C 7270i C 7280 C 7280i C 7565 C 7565i C 7570 C 7570i C 7580 C 7580i C 9270 C 9270i C 9280 C 9280i C 9065 PRO C 9075 PRO C 9270 PRO C9280 PRO DX C7765i DX C7770i DX C7780i кэнон канон имейдж имэдж пресс раннер адванс отработка отработки контейнер бокс емкость канистра фляга,Прочее,Бункер для отработанного тонера,"790, грамм",Гарантия на данный товар не предоставляется,,,,,,,,,,,,,,,,,,,,,,,,,,,,,,,,,,,,,,,,
400000033578,"Крышка тонер-картриджа (Toner Cartridge Cover) совместим. для Xerox DC700/C75, желтая (yellow)",,,13,0,90.0,90.0,"Крышка — это запасная часть тонер-картриджа, совместимая с принтерами Xerox Digital Color Press 700, 700i, 770; C75; J75. Она предназначена для защиты содержимого картриджа и обеспечивает правильную фиксацию картриджа в устройстве. Крышка используется при ремонте или восстановлении картриджа, например, при его повторной заправке тонером.Кроме того, если у вас есть картридж от Xerox DC250, Color 550, C60 или PrimeLink C9065, вы можете переставить крышку и установитьчип. После такой модификации картридж станет совместимым с моделями Xerox DCP 700/770, C75/J75. Это возможно благодаря идентичному составу тонера и девелопера, а также схожей конструкции картриджей — различия между ними заключаются лишь в крышке и чипе.",Крышка тонер-картриджа,Toner Cartridge Cover,Xerox,совместимый,не предусмотрено,нет данных,желтая (yellow),не предусмотрено,не предусмотрено,"Digital Color Press 700, 700i, 770; C75, J75",DC700/C75,Xerox DocuColor 700 700i 770 DC700 DC700i DC770 DC 700 DC 700i DC 770 С75 J75 С 75 J 75 доку колор калор калэр диджитал дижитал дигитал пресс прес ксерокс картридж крышка сменная End Cap фиксация фиксации крепление закрывашка ручка,Прочее,Крышки,"32, грамм",Гарантия на данный товар не предоставляется,NK,,,,,,,,,,,,,,,,,,,,,,,,,,,,,,,,,,,,,,,
400000030666,"Картридж оригинал. Konica Minolta TN-622K A5E7130/A5E7150, для цветных лазерных принтеров C1100/C6085, черный (black), 88000стр A4",,,107,0,7690.0,7690.0,"Konica Minolta Bizhub Press C1085, C1100, AccurioPress C6085, C6100",Картридж,,Konica Minolta,оригинальный,,88000,,,"A5E7151, A5E715H, A5E715J","Konica Minolta Bizhub Press C1085, C1100, AccurioPress C6085, C6100",C1100/C6085,Konica Minolta bizhub press C1085 C1100 C 1085 C 1100 AccurioPress C6085 C6100 C 6085 C 6100 Коника Минолта Минольта Бизхаб Бицхаб пресс Акурио Аккурио replenisher тонер туба флакон порошок краска,,,"2145, грамм",10 месяцев,,,,,,,,TN-622K,A5E7150,A5E7130,A5E7150,черный (black),для цветных лазерных принтеров,1645,,Япония,,,,,,,,,,,,,,,,,,,,,,,,
400000022370,"Чип тонер-картриджа  совместим. для лазерных принтеров Xerox Phaser 7500 (106R01443) C, голубой (cyan), 17800стр A4, Tonex",,,1,0,383.35,454.51,"Чип для принтеров Xerox Phaser 7500 и картриджей 106R01443.Чип для картриджа — микросхема памяти, на которой записаны характеристики картриджа. Количество израсходованного тонера, подсчитанное чипом, лишь приблизительно и на момент когда, согласно подсчету, тонер израсходован и печать блокируется, картридж содержит еще около 30% тонера. Таким образом, замена чипа позволяет значительно сэкономить на расходных материалах лазерного принтера.",,,,,,,,,,,,,,,,,,,,106R01443,Xerox Phaser 7500,,Tonex,,,,,,,,,,,,,универсальный,,,,,,,,,,,,,,,,,,,,
400000032318,"Шестерня привода (Screw Drive Gear/Left 16T) оригинал. для Konica Minolta C6000/C6000L, A03U389200",,,2,0,650.0,649.99,Konica Minolta Bizhub Press C6000; Bizhub PRO C6000L,Шестерня привода,Screw Drive Gear/Left 16T,Konica Minolta,оригинальный,не предусмотрено,нет данных,не предусмотрено,A03U389200,не предусмотрено,Konica Minolta Bizhub Press C6000 Bizhub PRO C6000L,C6000/C6000L,Konica Minolta Bizhub Press C6000 Bizhub PRO C6000L,Формирование изображения,"Подшипники, шестерни, втулки","3, грамм",Гарантия на данный товар не предоставляется,,,,,,,,,,,,,,,,,,,,,,,,,,,,,,,,,,,,,,,,
400000030640,"Фотобарабан  совместим. для лазерных принтеров Samsung ML 1610, Китай",,,46,0,112.17,121.92,"Фотобарабан для принтеров Samsung ML 1610, 1615, 2010, 2015, 2510, 2570, 2571N",Фотобарабан,,Китай,совместимый,Samsung ML 1610,нет данных,не предусмотрено,,,,,"Samsung ML 1610, 1615, 2010, 2015, 2510, 2570, 2571N",,,"50, грамм",Гарантия на данный товар не предоставляется,RST,"Samsung ML 1610D2, ML 2010D3",Фотобарабаны,,,,,,,,,,,,,,,,,,,,,,,,,,,,,,,,,,,,,
400000032840,"Картридж оригинал. Xerox 006R01647/CT202293, для цветных лазерных принтеров Versant 80/280, голубой (cyan), 22000стр A4",,,148,0,6880.0,6880.0,"Opигинaльный тoнeр-картридж Xerox, голубой(cyan)Подходит для принтеров Xerox Versant 80, 170i, 180, 180i, 280 PressКартриджи предназначены для распространения в США и Канаде, для корректной работы требуется заменучипа.",Картридж,,Xerox,оригинальный,,22000,,,"006R01639, 006R01643, 006R01846, CT202281, CT202285, CT202289, CT202293, CT202297, CT202301, CT203443","Xerox Versant 80, 170i, 180, 180i, 280 Press",Versant 80/280,Xerox Versant 80 170 170i 180 180i 280 v80 c170i v180 v180i v280 Press Ксерокс Версант вёрсант пресс туба тонер порошок краска репленишер replenisher,,,"1220, грамм",10 месяцев,,,,,,,,не предусмотрено,006R01643,006R01647,CT202293,голубой (cyan),для цветных лазерных принтеров,638,695,США,,,,,,,,,,,,,,,,,,,,,,,,
400000033642,"Картридж для ч/б лазерных принтеров Pantum, TL-420X, черный (black), с чипом, 6000стр A4, Булат 7Q",,,1,0,657.17,714.32,"Тонер-картридж Pantum TL-420X для принтеров и МФУ Pantum P3010, P3300, M6700, M6800, M7100, M7200, M7300 обеспечивает чёрную печать высокого качества. Ресурс — 6000 страниц при 5% заполнении A4. Совместимый картридж от Булат гарантирует чёткость текста и надёжность. Оснащён чипом, поддерживает заправку. Идеален для офисов с большим объёмом печати.",Картридж,,Булат 7Q,,,6000,,,,,"Pantum P3010D, P3010DW, P3020D, P3300DN, P3300DW, P3302DN, P3302DW, M6700D, M6700DW, M6800FDW, M7100DN, M7100DW, M7102DN, M7200FD, M7200FDN, M7200FDW, M7300FDN, M7300FDW, M7302FDW",,,,"630, грамм",Гарантия на данный товар не предоставляется,,,,,,,,TL-420X,,,,черный (black),для ч/б лазерных принтеров Pantum,,,,с чипом,TL-420X,https://bulatgroup.ru/,,,,,,,,,,,,,,,,,,,,,
400000027147,"Фотобарабан  совместим. для лазерных принтеров Samsung ML 2850/1910, SGT",,,3,0,126.04,136.99,"Фотобарабан для принтеров Samsung ML 1910, ML 1915, ML 2520, ML 2525, ML 2540, ML 2580, ML-2850, SCX 4600, SCX 4605, SCX 4610, SCX 4623, SF 650",Фотобарабан,,SGT,совместимый,Samsung ML 2850/1910,нет данных,не предусмотрено,,,,,"Samsung ML 1910, ML 1915, ML 2520, ML 2525, ML 2540, ML 2580, ML-2850, SCX 4600, SCX 4605, SCX 4610, SCX 4623, SF 650",,,"99, грамм",Гарантия на данный товар не предоставляется,Булат,Samsung MLT D105S,Фотобарабаны,,,,,,,,,,,,,,,,,,,,,,,,,,,,,,,,,,,,,
400000012701,"Чип тонер-картриджа  совместим. для лазерных принтеров Samsung CLP-300/CLX-2160/3160 CLP-K300A, черный (black), 1000стр A4, Tonex",,,2,0,39.15,42.55,"Чип для лазерных принтеров Samsung CLP-300, 300N, CLX-2160, 3160N, 3160FN и картриджей CLP-K300A. Чип для лазерного картриджа — микросхема памяти, на которой записаны характеристики картриджа. Количество израсходованного тонера, подсчитанное чипом, лишь приблизительно и на момент когда, согласно подсчету, тонер израсходован и печать блокируется, картридж содержит еще около 30% тонера. Таким образом, замена чипа позволяет значительно сэкономить на расходных материалах лазерного принтера.",,,,,,,,,,,,,,,,,,,,CLP-K300A,"CLP-300, 300N, CLX-2160, 3160N, 3160FN",,Tonex,,,,,,,,,,,,,,,,,,,,,,,,,,,,,,,,,
400000031846,"Девелопер (Developer) оригинал. для Xerox Versant 80/4100, черный (black), 676K33611/505S00037",,,6,0,3990.0,3990.0,"Xerox Versant Press 80, 170i, 180, 180i, 280; 2100, 3100, 3100i, 4100",Девелопер,Developer,Xerox,оригинальный,не предусмотрено,1500000,черный (black),676K33611/505S00037,676K33612,"Xerox Versant Press 80, 170i, 180, 180i, 280; 2100, 3100, 3100i, 4100",Versant 80/4100,Xerox Versant v80 v180 v280 v2100 v3100 v4100 Press проявитель носитель,Формирование изображения,Девелоперы,"490, грамм",Гарантия на данный товар не предоставляется,,,,,,,,,,,,,,,,,,,,,,,,,,,,,,,,,,,,,,,,
400000030962,"Картридж оригинал. Xerox 006R01647/CT202293, для цветных лазерных принтеров Versant 80/280, голубой (cyan), 22000стр A4",,,81,0,6880.0,6880.0,"Xerox Versant 80, 180, 280 Press",Картридж,,Xerox,оригинальный,,22000,,,"006R01639, 006R01643, 006R01846, CT202281, CT202285, CT202289, CT202293, CT202297, CT202301, CT203443","Xerox Versant 80, 180, 280 Press",Versant 80/280,Xerox Versant 80 180 280 v80 v180 v280 Press Ксерокс Версант вёрсант пресс туба тонер порошок краска репленишер replenisher,,,"1220, грамм",10 месяцев,,,,,,,,не предусмотрено,006R01643,006R01647,CT202293,голубой (cyan),для цветных лазерных принтеров,638,695,США,,,,,,,,,,,,,,,,,,,,,,,,
400000033187,"Ролик переноса изображения второй нижний (2nd Image Transfer Roller/Lower) оригинал. для Konica Minolta C6000/C70hc, 65AA45011",,,4,0,12900.0,12899.99,"Konica Minolta Bizhub Press C6000, C7000, C7000P, C70hc;Bizhub Pro C5500, C5501, C6000L, C6500, C6501, C65hc",Ролик переноса изображения второй нижний,2nd Image Transfer Roller/Lower,Konica Minolta,оригинальный,не предусмотрено,300000,не предусмотрено,65AA45011,"65AA45010, 4969102301","Konica Minolta Bizhub Press C6000, C7000, C7000P, C70hc; Bizhub Pro C5500, C5501, C6000L, C6500, C6501, C65hc",C6000/C70hc,2nd Image Transfer Roller 2nd ITR ролик 2nd Transfer Roller Вал второго переноса Вал для вторичного переноса Вал переноса Вал переноса изображения Вторичный ролик переноса Вторичный трансферный ролик Второй ролик Второй ролик переноса Второй трансферный ролик Ролик вторичного переноса Ролик вторичного переноса изображения Ролик второго переноса изображения Ролик второго переноса тонера Ролик второго этапа переноса Ролик второго ITR модуля Ролик для передачи изображения Ролик для переноса тонера Ролик для печати Ролик заключительного переноса Ролик переноса Ролик переноса изображения Ролик трансферного узла Ролик финального переноса Трансферный ролик Узел второго переноса Image Transfer Roll Roll Second Transfer Roller Secondary Transfer Roller Transfer Roll нижний нижнего C6000 C7000 C7000P C70hc C5500 C5501 C6000L C6500 C6501 C65hc C 6000 C 7000 C 7000P C 70hc C 5500 C 5501 C 6000L C 6500 C 6501 C 65hc С6000 С7000 С7000Р С70hc С5500 С5501 С6000L С6500 С6501 С65hc Коника Conika Konika Минолта Минольта бицхаб бизхаб,Перенос изображения,Ролики переноса,"882, грамм",Гарантия на данный товар не предоставляется,,,,,,,,,,,,,,,,,,,,,,,,,,,,,,,,,,,,,,,,
400000031575,"Чип тонер-картриджа совместим. 006R01531 для Xerox C550/C570, пурпурный (magenta)",,,24,0,200.0,200.0,"Xerox Color C550, C560, C570",Чип тонер-картриджа,не предусмотрено,Xerox,совместимый,006R01531,нет данных,пурпурный (magenta),не предусмотрено,не предусмотрено,"Xerox Color C550, C560, C570",C550/C570,Xerox Color Colour C550 C560 C570,Прочее,Чипы,"1, грамм",Гарантия на данный товар не предоставляется,CB,,,,,,,,,,,,,,,,,,,,,,,,,,,,,,,,,,,,,,,
400000032171,"Картридж совместимый для ч/б лазерных принтеров HP, RTC W1106A, черный (black), без чипа, 1000стр A4, Булат 7Q",,,1,0,750.46,815.72,,Картридж совместимый,,Булат 7Q,,,1000,,,,,W1106A,,,,"885, грамм",Гарантия на данный товар не предоставляется,,,,,,,,RTC W1106A,,,,черный (black),для ч/б лазерных принтеров HP,,,,без чипа,"HP L 107a, HP L 107w, HP L 135a, HP L 135w, HP L 137fnw",https://bulatgroup.ru/,,,,,,,,,,,,,,,,,,,,,
400000031981,"Чип тонер-картриджа совместим. 006R01739 для Xerox C9065/C9070, голубой (cyan)",,,93,0,200.0,200.0,"Xerox PrimeLink C9065, C9070",Чип тонер-картриджа,не предусмотрено,Xerox,совместимый,006R01739,34000,голубой (cyan),не предусмотрено,не предусмотрено,"Xerox PrimeLink C9065, C9070",C9065/C9070,Xerox PrimeLink Prime Link C9065 C9070,Прочее,Чипы,"1, грамм",Гарантия на данный товар не предоставляется,JDY,,,,,,,,,,,,,,,,,,,,,,,,,,,,,,,,,,,,,,,
400000032148,"Блок фотобарабана (Drum Unit) оригинал. D01 для Canon C600/C850, цветной (голубой, пурпурный, желтый/cyan, magenta, yellow), 8065B001",,,3,0,49900.0,49900.0,"Canon ImagePress C60, C65, C600i, C650, C660, C700, C710, C750, C800, C810, C850, C910",Блок фотобарабана,Drum Unit,Canon,оригинальный,D01,900000,"цветной (голубой, пурпурный, желтый/cyan, magenta, yellow)",8065B001,8065B001AA,"Canon ImagePress C60, C65, C600i, C650, C660, C700, C710, C750, C800, C810, C850, C910",C600/C850,"Canon ImagePress Image Press IP C60, C65, C600i, C650, C660, C700, C710, C750, C800, C810, C850, C910 C 60 65 600 i C 600i C 650 C 660 C 700 C 710 C 750 C 800 C 810 C 850 C 910",Формирование изображения,Блок фотобарабана,"1770, грамм",Гарантия на данный товар не предоставляется,,,,,,,,,,,,,,,,,,,,,,,,,,,,,,,,,,,,,,,,
400000029060,"Фотобарабан  совместим. для лазерных принтеров Pantum P2200/M6500, SGT",,,20,0,128.05,139.19,Фотобарабан для принтеров Pantum P2200/M6500,Фотобарабан,,SGT,совместимый,Pantum P2200/M6500,нет данных,не предусмотрено,,,,,Pantum P2200/M6500,,,"48, грамм",Гарантия на данный товар не предоставляется,Булат,PC-211EV,Фотобарабаны,,,,,,,,,,,,,,,,,,,,,,,,,,,,,,,,,,,,,
400000023989,"Фотобарабан  совместим. для лазерных принтеров Konica Minolta C203, Tonex",,,1,0,697.03,825.67,"Фотобарабан для лазерных принтеров Minolta bizhub C200, 203, 253. Фотобарабан состоит из металлического цилиндра, на который нанесен фотослой. Фотобарабаны различаются размерами и формой шестерен, обеспечивающих его вращение. На фотобарабане лазер принтера засвечивает области, на которые магнитному валу необходимо нанести тонер. Срок службы фотобарабана зависит от используемых тонера и бумаги.",,,,,,,,,,,,,,,,,,,,,"Minolta bizhub C200, 203, 253",,Tonex,,,,,,,,,,,,http://www.bulatgroup.ru,,,,,,,,,,,,,,,,,,,,,
400000029976,"Дозирующее лезвие (doctor blade)  совместим. для лазерных принтеров HP LJ M402/M426, Булат",,,61,0,23.78,25.85,"Дозирующее лезвие (doctor blade) для принтеров HP LJ M402, М506, М404, М406, М507, M429",Дозирующее лезвие (doctor blade),,Булат,совместимый,HP LJ M402/M426,нет данных,не предусмотрено,,,,,"HP LJ M402, М506, М404, М406, М507, M429",,,"55, грамм",Гарантия на данный товар не предоставляется,Булат,"HP CF226A, CF287A, CF226X, CF287X, Canon 041, 041H, 052, 052H",Дозирующие лезвия,,,,,,,,,,,,,,,,,,,,,,,,,,,,,,,,,,,,,
400000031865,"Блок фотобарабана (Drum Unit) оригинал. DR-620YMC для Konica Minolta C4070/C4080, цветной (голубой, пурпурный, желтый/cyan, magenta, yellow), ACE60Y1",,,5,0,39900.0,39900.0,"Konica Minolta AccurioPress C4070, C4080",Блок фотобарабана,Drum Unit,Konica Minolta,оригинальный,DR-620YMC,460000,"цветной (голубой, пурпурный, желтый/cyan, magenta, yellow)",ACE60Y1,не предусмотрено,"Konica Minolta AccurioPress C4070, C4080",C4070/C4080,Konica Minolta Bizhub AccurioPress Accurio Press C4070 C4080 C 4070 C 4080  Коника Минолта Минольта пресс прес аккурио акурио акку акуриопринт аккуриопринт фотобарабаны фотовал фотовалы фоторецептор фоторецепторы драм драмм драмы модуль ксерографии DR620 DR 620 DR620CMY DR 620 CMY,Формирование изображения,Блок фотобарабана,"1700, грамм",Гарантия на данный товар не предоставляется,,,,,,,,,,,,,,,,,,,,,,,,,,,,,,,,,,,,,,,,
400000033689,"Картридж оригинал. Ricoh 828514/828510, для цветных лазерных принтеров C9200/C9210, черный (black), 58000стр A4",,,20,0,11690.0,11690.0,"Ricoh Pro C9200, C9210",Картридж,,Ricoh,оригинальный,,58000,,,828569,"Ricoh Pro C9200, C9210",C9200/C9210,Ricoh Pro Про Rico Rikoh Riko Рико Рикох replenisher тонер туба флакон порошок краска картриж С9200 С9210 С 9200 С 9210,,,"2060, грамм",10 месяцев,,,,,,,,не предусмотрено,828569,828514,828510,черный (black),для цветных лазерных принтеров,1482,,Япония,,,,,,,,,,,,,,,,,,,,,,,,
400000033695,"Картридж оригинал. Ricoh 828428/828424, для цветных лазерных принтеров C5200S/C5210S, пурпурный (magenta), 24000стр A4",,,10,0,9900.0,9900.0,,Картридж,,Ricoh,оригинальный,,24000,,,"60-0385, 828432","Pro C5200S, C5210S",C5200S/C5210S,Ricoh Pro Про Rico Rikoh Riko Рико Рикох replenisher тонер туба флакон порошок краска картриж С5200 С5210 С 5200 С 5210 C5200S C5210S,,,"2060, грамм",10 месяцев,,,,,,,,не предусмотрено,60-0385,828428,828424,пурпурный (magenta),для цветных лазерных принтеров,,,Япония,,,,,,,,,,,,,,,,,,,,,,,,
400000019405,"Чип тонер-картриджа  совместим. для лазерных принтеров Kyocera FS-1120 (TK-160), черный (black), Tonex",,,9,0,30.42,34.58,"Чип для лазерных принтеров Kyocera Mita FS- 1120, и картриджей TK-160.Чип для лазерного картриджа — микросхема памяти, на которой записаны характеристики картриджа. Количество израсходованного тонера, подсчитанное чипом, лишь приблизительно и на момент когда, согласно подсчету, тонер израсходован и печать блокируется, картридж содержит еще около 30% тонера. Таким образом, замена чипа позволяет значительно сэкономить на расходных материалах лазерного принтера.",,,,,,,,,,,,,,,,,,,,TK-160,Kyocera Mita FS- 1120,,Tonex,,,,,,,,,,,,,,,,,,,,,,,,,,,,,,,,,
400000022694,"Картридж совместимый для цветных лазерных принтеров Kyocera, TK-560, желтый (yellow), с чипом, 10000стр A4, Булат S-Line",,,1,0,1885.08,2015.81,"Тонер-картридж для принтеров FS-C5300, C5350, ECOSYS P6030c, заменяющий оригинальные картриджи TK-560. Тонеры компании Булат для картриджей лазерных принтеров производятся из современного сырья. Это полимеры, применение которых позволяет использовать тонеры в тонер-картриджах для новых скоростных принтеров и копиров. Это магнетиты и зарядорегуляторы, позволяющие получать стабильные результаты качества печати. Все это, плюс технологические приемы, направленные на улучшение структуры и формы частиц тонера, позволяют получить продукт стабильного качества. Все стадии производства тонеров проходят жесткий технологический контроль, готовый продукт всесторонне тестируется. Более 20 параметров подлежат проверке. Компания Булат проводит исследование тонеров во взаимодействии с другими расходными материалами: фотобарабанами, валами первичного заряда и т. д. для наиболее эффективного использования формулировок в дальнейшем.",,,,,,,,,,,,,,,,,,,,,,,Булат,,,,,,,,,,,,http://www.bulatgroup.ru,,TK560,yellow (желтый),TK560,"FS-C5300, C5350, ECOSYS P6030c",10000,,,,,,,,,,,,,,,
400000019123,"Картридж совместимый для ч/б лазерных принтеров Kyocera, RTC TK-1140, черный (black), с чипом, 7200стр A4, Булат S-Line",,,3,0,873.61,949.58,"Черный тонер-картридж для принтеров KyoceraMita FS-1035MFP, заменяющий оригинальный картридж TK 1140. Данный тонер-картридж поставляется без чипа.Тонеры компании Булат для картриджей лазерных принтеров производятся из современного сырья. Это полимеры, применение которых позволяет использовать тонеры в тонер-картриджах для новых скоростных принтеров и копиров. Это магнетиты и зарядорегуляторы, позволяющие получать стабильные результаты качества печати. Все это, плюс технологические приемы, направленные на улучшение структуры и формы частиц тонера, позволяют получить продукт стабильного качества. Все стадии производства тонеров проходят жесткий технологический контроль, готовый продукт всесторонне тестируется. Более 20 параметров подлежат проверке. Компания Булат проводит исследование тонеров во взаимодействии с другими расходными материалами: фотобарабанами, валами первичного заряда и т. д. для наиболее эффективного использования формулировок в дальнейшем.",,,,,,,,,,,,,,,,,,,,,,,Булат,,,,,,,,,,,,http://www.bulatgroup.ru,,TK1140NC с чипом,black (черный),TK1140,"Kyocera FS1035mfp, FS1135mfp, M2035dn, M2535dn",7200,,,,,,,,,,,,,,,
400000032870,"Датчик температуры печки (Fusing Temperature Sensor/4) оригинал. для Konica Minolta C1060/C3070, A50UR70E22",,,1,0,3790.0,3789.99,"Konica Minolta AccurioPress C2060, C2070, C2070P, C3070, C3080, C3080P, C4070, C4080, C7090, C7100, C83hc;AccurioPrint C2060L, C3070L, C4065, C4065P;bizhub PRESS C1060, C1070, C1070P, C71cf, C71hc;bizhub PRO C1060L;AccurioLabel 190, 230;",Датчик температуры печки,Fusing Temperature Sensor/4,Konica Minolta,оригинальный,не предусмотрено,3000000,не предусмотрено,A50UR70E22,"A50UR70E00, A50UR70E11","AccurioPress C2060, C2070, C2070P, C3070, C3080, C3080P, C4070, C4080, C7090, C7100, C83hc; AccurioPrint C2060L, C3070L, C4065, C4065P; bizhub PRESS C1060, C1070, C1070P, C71cf, C71hc; bizhub PRO C1060L; AccurioLabel 190, 230;",C1060/C3070,датчик сенсор температуры термодатчик термозакрепления датчик температуры фьюзера сенсор термоблока датчик нагревательного узла сенсор температуры термопленки NTC-термистор термопара термоконтроля терморезистор NTC-термистор термоэлемент термочувствительный элемент печки оригинал Konica Коника Minolta Минолта Минольта AccurioPress Акку Аку Акурио Акуриопресс Аккуриопресс Акуриопрес Аккуриопрес Акурио пресс Аккурио пресс Акурио прес Аккурио прес AccurioPrint Акку Аку Акурио Акуриопринт Аккуриопринт Акурио принт Аккурио принт  bizhub бицхаб бизхаб PRESS Прес Пресс PRO ПроAccurioLabel лейбел лэйбел Акуриолэйбл Аккуриолэйбл Акуриолэйбел Аккуриолэйбел Акуриолэйбэл Аккуриолэйбэл Акурио лэйбл Аккурио лэйбл Акурио лэйбел Аккурио лэйбел Акурио лэйбэл Аккурио лэйбэл C2060 C 2060 C2070 C 2070 C2070P C 2070P C3070 C 3070 C3080 C 3080 C3080P C 3080P C4070 C 4070 C4080 C 4080 C7090 C 7090 C7100 C 7100 C83hc C 83hc C2060L C 2060L C3070L C 3070L C4065 C 4065 C4065P C 4065P C1060 C 1060 C1070 C 1070 C1070P C 1070P C71cf C 71cf C71hc C 71hc bizhub PRO C1060L C 1060L 190 230 C 2060 C 2070 C 2070P C 3070 C 3080 C 3080P C 4070 C 4080 C 7090 C 7100 C83hc C 2060L C 3070L C 4065 C 4065P C 1060 C 1070 C 1070P C71cf C71hc C 1060L 190 230 С2060 С2070 С2070Р С3070 С3080 С3080Р С4070 С4080 С7090 С7100 С83hc С2060L С3070L С4065 С4065Р С1060 С1070 С1070Р С71cf С71hc С1060L,Закрепление изображения,Датчики,"88, грамм",Гарантия на данный товар не предоставляется,,,,,,,,,,,,,,,,,,,,,,,,,,,,,,,,,,,,,,,,
400000020351,"Картридж совместимый для ч/б лазерных принтеров Samsung, RTC MLT-D305L, черный (black), с чипом, 15000стр A4, Булат 7Q",,,2,0,2071.72,2251.87,"Черный тонер-картридж для принтеров Samsung ML3750 заменяющий оригинальные картриджи D305L .Тонеры компании Булат для картриджей лазерных принтеров производятся из современного сырья. Это полимеры, применение которых позволяет использовать тонеры в тонер-картриджах для новых скоростных принтеров и копиров. Это магнетиты и зарядорегуляторы, позволяющие получать стабильные результаты качества печати. Все это, плюс технологические приемы, направленные на улучшение структуры и формы частиц тонера, позволяют получить продукт стабильного качества. Все стадии производства тонеров проходят жесткий технологический контроль, готовый продукт всесторонне тестируется. Более 20 параметров подлежат проверке. Компания Булат проводит исследование тонеров во взаимодействии с другими расходными материалами: фотобарабанами, валами первичного заряда и т. д. для наиболее эффективного использования формулировок в дальнейшем.",,,,,,,,,,,,,,,,,,,,,,,Булат,,,,,,,,,,,,http://www.bulatgroup.ru,,RTC D305L,black (черный),ML-D305L,Samsung ML3750,15000,,,,,,,,,,,,,,,
400000030019,"Дозирующее лезвие (doctor blade)  совместим. для лазерных принтеров Samsung ML-2950/SCX-4728/Phaser 3052, Булат",,,20,0,50.74,55.16,"Дозирующее лезвие (doctor blade) для принтеров Samsung ML-2950, SCX-4728, Xerox Phaser 3052",Дозирующее лезвие (doctor blade),,Булат,совместимый,Samsung ML-2950/SCX-4728/Phaser 3052,нет данных,не предусмотрено,,,,,"Samsung ML-2950, SCX-4728, Xerox Phaser 3052",,,"20, грамм",Гарантия на данный товар не предоставляется,Булат,"Samsung MLT-D103S, MLT-D103L, MLT-D115S, MLT-D115L",Дозирующие лезвия,,,,,,,,,,,,,,,,,,,,,,,,,,,,,,,,,,,,,
400000024345,"Чип тонер-картриджа  совместим. для лазерных принтеров Kyocera FS-C8600/8650 (TK-8600M), пурпурный (magenta), 20000стр A4, Tonex",,,1,0,52.95,62.67,"Чип для лазерных принтеров Kyocera FS-C8600, 8650 и картриджей TK-8600M, пурпурный (magenta). Чип для лазерного картриджа — микросхема памяти, на которой записаны характеристики картриджа. Количество израсходованного тонера, подсчитанное чипом, лишь приблизительно и на момент когда, согласно подсчету, тонер израсходован и печать блокируется, картридж содержит еще около 30% тонера. Таким образом, замена чипа позволяет значительно сэкономить на расходных материалах лазерного принтера.Чип для принтеров Kyocera FS-C8600, 8650",,,,,,,,,,,,,,,,,,,,TK-8600M,"Kyocera FS-C8600, 8650",,Tonex,,,,,,,,,,,,,,,пурпурный (magenta),,,,,,,,,,,,,,,,,,
400000033694,"Картридж оригинал. Ricoh 828429/828425, для цветных лазерных принтеров C5200S/C5210S, голубой (cyan), 24000стр A4",,,10,0,9900.0,9900.0,,Картридж,,Ricoh,оригинальный,,24000,,,"60-0386, 828433","Pro C5200S, C5210S",C5200S/C5210S,Ricoh Pro Про Rico Rikoh Riko Рико Рикох replenisher тонер туба флакон порошок краска картриж С5200 С5210 С 5200 С 5210 C5200S C5210S,,,"2060, грамм",10 месяцев,,,,,,,,не предусмотрено,60-0386,828429,828425,голубой (cyan),для цветных лазерных принтеров,,,Япония,,,,,,,,,,,,,,,,,,,,,,,,
400000033786,"Картридж оригинал. Konica Minolta TN321M A33K350/A33K390, для цветных лазерных принтеров C224/C364, пурпурный (magenta), 25000стр A4",,,4,0,4790.0,4790.0,,Картридж,,Konica Minolta,оригинальный,,25000,,,"A33K330, A33K370","Konica Minolta Bizhub C224, C224e, C284, C284e, C364, C364e",C224/C364,Konica Minolta bizhub C224 C224e C284 C284e C364 C364e C 224 C 224e C 284 C 284e C 364 C 364e Коника Минолта Минольта Бизхаб Бицхаб replenisher тонер туба флакон порошок краска картриж тонер-картридж,,,"782, грамм",10 месяцев,,,,,,,,TN321M,A33K390,A33K350,A33K390,пурпурный (magenta),для цветных лазерных принтеров,"502,3",,Япония,,,,,,,,,,,,,,,,,,,,,,,,
400000030641,"Фотобарабан  совместим. для лазерных принтеров Brother HL-1110, Китай",,,27,0,194.19,211.02,Фотобарабан для принтеров Brother HL-1110/1112/DCP-1510/1512/MFC-1810/1815,Фотобарабан,,Китай,совместимый,Brother HL-1110,нет данных,не предусмотрено,,,,,Brother HL-1110/1112/DCP-1510/1512/MFC-1810/1815,,,"50, грамм",Гарантия на данный товар не предоставляется,RST,DR-1075,Фотобарабаны,,,,,,,,,,,,,,,,,,,,,,,,,,,,,,,,,,,,,
400000026272,"Картридж совместимый для ч/б лазерных принтеров Kyocera, TK-3150, черный (black), с чипом, 14500стр A4, Булат S-Line",,,1,0,740.6,803.82,"Черный тонер-картридж для принтеров Kyocera M3040IDN, M3540IDN, заменяющий оригинальные картриджи Kyocera M3040IDN, M3540IDN. Тонеры компании Булат для картриджей лазерных принтеров производятся из современного сырья. Это полимеры, применение которых позволяет использовать тонеры в тонер-картриджах для новых скоростных принтеров и копиров. Это магнетиты и зарядорегуляторы, позволяющие получать стабильные результаты качества печати. Все это, плюс технологические приемы, направленные на улучшение структуры и формы частиц тонера, позволяют получить продукт стабильного качества. Все стадии производства тонеров проходят жесткий технологический контроль, готовый продукт всесторонне тестируется. Более 20 параметров подлежат проверке. Компания Булат проводит исследование тонеров во взаимодействии с другими расходными материалами: фотобарабанами, валами первичного заряда и т. д. для наиболее эффективного использования формулировок в дальнейшем.",Картридж совместимый,,Булат S-Line,,,14500,,,,,"Kyocera M3040IDN, M3540IDN",,,,"484, грамм",Гарантия на данный товар не предоставляется,,,,,,,,TK-3150,,,,черный (black),для ч/б лазерных принтеров Kyocera,,,,с чипом,TK-3150,http://www.bulatgroup.ru,,,,,,,,,,,,,,,,,,,,,
400000033101,"Фотобарабан  совместим. для лазерных принтеров HP LJ Pro M402, M426, NetProduct",,,71,0,152.37,165.62,"Барабан NetProduct для HP LJ Pro M402/M404n/M426/M427/M428dw/M506/M527, с хвостовиком",Фотобарабан,,NetProduct,совместимый,"HP LJ Pro M402, M426",нет данных,не предусмотрено,,,,,"HP LJ Pro M402, M404n, M426, M427, M428dw, M506, M527 с хвостовиком",,,"44, грамм",Гарантия на данный товар не предоставляется,NetProduct,"HP CF226A, CF226X, CF287A, CF287AS, CF287X",Фотобарабаны,,,,,,,,,,,,,,,,,,,,,,,,,,,,,,,,,,,,,
400000031929,"Бункер для отработанного тонера (Waste Toner Box) оригинал. для Konica Minolta C1060/C4080, A50UR70115",,,9,0,6900.0,6900.0,"Konica Minolta AccurioLabel 190, 230; Bizhub PRO C1060L, AccurioPrint C2060L, C3070L, C4065, C4065P, AccurioPress C83hc, C2060, C2070, C2070P, C3070, C3080, C3080P, C4070, C4080, Bizhub PRESS C70hc, C71cf, C71hc, C1060, C1070, C1070P",Бункер для отработанного тонера,Waste Toner Box,Konica Minolta,оригинальный,не предусмотрено,130000,не предусмотрено,A50UR70115,A50UR70114,"Konica Minolta AccurioLabel 190, 230; Bizhub PRO C1060L, AccurioPrint C2060L, C3070L, C4065, C4065P, AccurioPress C83hc, C2060, C2070, C2070P, C3070, C3080, C3080P, C4070, C4080, Bizhub PRESS C70hc, C71cf, C71hc, C1060, C1070, C1070P",C1060/C4080,"Konica Minolta AccurioLabel Accurio Label 190, 230; Bizhub PRO C1060L, AccurioPrint Accurio Print C2060L, C3070L, C4065, C4065P, AccurioPress Accurio Press C83hc, C2060, C2070, C2070P, C3070, C3080, C3080P, C4070, C4080, Bizhub PRESS C70hc, C71cf, C71hc, C1060, C1070, C1070P",Прочее,Бункер для отработанного тонера,"1127, грамм",Гарантия на данный товар не предоставляется,,,,,,,,,,,,,,,,,,,,,,,,,,,,,,,,,,,,,,,,
400000024192,"Картридж оригинал. Konica Minolta TN-014 A3VV130/A3VV150, для ч/б лазерных принтеров 1052e/2250P, черный (black), 105000стр A4",,,4,0,8690.0,9729.82,"Оригинальный черный тонер-картридж TN014 для использования с принтерами Konica Minolta Bizhub Press 1052e, 1250e, 1250eP, 2250P. Ресурс картриджа составляет около 105000 страниц.Konica Minolta Bizhub Press 1052, 1250, 1250P, 2250P",,,,,,,,,,,,,,,,,,,,,,,Konica Minolta,,,,,,,,,,,,https://www.konicaminolta.com,,TN014,Black (черный),,"Konica Minolta Bizhub Press 1052e, 1250e, 1250eP, 2250P",,,,,137000,2100,,,,,,,,,,
400000020244,"Картридж совместимый для ч/б лазерных принтеров Kyocera, TK-1100, черный (black), с чипом, 2100стр A4, Булат S-Line",,,17,0,327.34,355.8,"Черный тонер-картридж для принтеров Kyocera FS-1110/1024MFP/1124, заменяющий оригинальные картриджи ТК-1100. Тонеры компании Булат для картриджей лазерных принтеров производятся из современного сырья. Это полимеры, применение которых позволяет использовать тонеры в тонер-картриджах для новых скоростных принтеров и копиров. Это магнетиты и зарядорегуляторы, позволяющие получать стабильные результаты качества печати. Все это, плюс технологические приемы, направленные на улучшение структуры и формы частиц тонера, позволяют получить продукт стабильного качества. Все стадии производства тонеров проходят жесткий технологический контроль, готовый продукт всесторонне тестируется. Более 20 параметров подлежат проверке. Компания Булат проводит исследование тонеров во взаимодействии с другими расходными материалами: фотобарабанами, валами первичного заряда и т. д. для наиболее эффективного использования формулировок в дальнейшем.",,,,,,,,,,,,,,,,,,,,,,,Булат,,,,,,,,,,,,http://www.bulatgroup.ru,,ТК-1100,black (черный),TK 1100,Kyocera FS-1110/1024MFP/1124,2100,,,,,,,,,,,,,,,
400000033696,"Картридж оригинал. Ricoh 828427/828423, для цветных лазерных принтеров C5200S/C5210S, желтый (yellow), 24000стр A4",,,10,0,9900.0,9900.0,,Картридж,,Ricoh,оригинальный,,24000,,,"60-0384, 828431","Pro C5200S, C5210S",C5200S/C5210S,Ricoh Pro Про Rico Rikoh Riko Рико Рикох replenisher тонер туба флакон порошок краска картриж С5200 С5210 С 5200 С 5210 C5200S C5210S,,,"2060, грамм",10 месяцев,,,,,,,,не предусмотрено,60-0384,828427,828423,желтый (yellow),для цветных лазерных принтеров,,,Япония,,,,,,,,,,,,,,,,,,,,,,,,
400000031470,"Уплотнитель боковой (Side Seal) оригинал. для Konica Minolta C1060/C4080, A50U531601",,,21,0,820.0,820.0,"Кoniсa Minоltа AccurioPress C2060, C2070, C2070P, C3070, C3070P, C3080, C3080P, C4070, C4080, C83hc;AccurioPrint C2060L, 3070L, C4065;Bizhub Press C1060, C1070, C1070P, C71cf, C71hc;Bizhub Pro C1060L;AccurioLabel 190, 230",Уплотнитель боковой,Side Seal,Konica Minolta,оригинальный,не предусмотрено,нет данных,не предусмотрено,A50U531601,не предусмотрено,"Кoniсa Minоltа AccurioPress C2060, C2070, C2070P, C3070, C3070P, C3080, C3080P, C4070, C4080, C83hc; AccurioPrint C2060L, 3070L, C4065; Bizhub Press C1060, C1070, C1070P, C71cf, C71hc; Bizhub Pro C1060L; AccurioLabel 190, 230",C1060/C4080,"уплотнитель ленты переноса, прокладка, уплотнитель боковой Konica Minolta AccurioLabel Accurio Label 190 230 Konica Minolta AccurioPress Accurio Press C2060 C2070 C2070P C3070 C3080 C3080P C4070 C4080 AccurioPrint Accurio Print 3070L C2060L C4065 Bizhub Press C1060 C1070 C1070P C71cf C71hc Bizhub Pro C1060L C 2060 C 2070 C 2070P C 3070 C 3070P C 3080 C 3080P C 4070 C 4080 C 83hc C 2060L 3070L C 4065 C 1060 C 1070 C 1070P C 71cf C 71hc C 1060L 190 230 С2060 С2070 С2070Р С3070 С3070Р С3080 С3080Р С4070 С4080 С83hс 3070L С2060L С4065 С1060 С1070 С1070Р С71сf С71hс С1060L",Перенос изображения,Уплотнители,"3, грамм",Гарантия на данный товар не предоставляется,,,,,,,,,,,,,,,,,,,,,,,,,,,,,,,,,,,,,,,,
400000024237,"Картридж совместимый для ч/б лазерных принтеров Brother, RTC TN2075/2085, черный (black), с чипом, 2500стр A4, Булат 7Q",,,8,0,676.34,735.15,"Черный тонер-картридж для принтеров Brother HL 2030, 2035, 2037, 2040, 2070N, 2075N, DCP-7010, 7020, 7025, FAX-2820, 2920, MFC-7220, 7225N, 7420, 7820N, заменяющий оригинальные картриджи Brother TN2070, 2085.Тонеры компании Булат для картриджей лазерных принтеров производятся из современного сырья. Это полимеры, применение которых позволяет использовать тонеры в тонер-картриджах для новых скоростных принтеров и копиров. Это магнетиты и зарядорегуляторы, позволяющие получать стабильные результаты качества печати. Все это, плюс технологические приемы, направленные на улучшение структуры и формы частиц тонера, позволяют получить продукт стабильного качества. Все стадии производства тонеров проходят жесткий технологический контроль, готовый продукт всесторонне тестируется. Более 20 параметров подлежат проверке. Компания Булат проводит исследование тонеров во взаимодействии с другими расходными материалами: фотобарабанами, валами первичного заряда и т. д. для наиболее эффективного использования формулировок в дальнейшем.",,,,,,,,,,,,,,,,,,,,,,,Булат http://www.bulatgroup.ru,,,,,,,,,,,,,,TN2075/2085 с чипом,black (черный),Brother TN2075/2085,"Brother HL 2030, 2035, 2037, 2040, 2070N, 2075N, DCP-7010, 7020, 7025, FAX-2820, 2920, MFC-7220, 7225N, 7420, 7820N",2500,,,,,,,,,,,,,,,
400000033241,"Пластина отделения (Fusing Separation Plate Assy) оригинал. для Konica Minolta C6000/C7000, A1DUR74H11",,,2,0,12690.0,12690.0,"Bizhub Press C6000, C7000, C7000P, C70HC;Bizhub Pro C6000L",Пластина отделения,Fusing Separation Plate Assy,Konica Minolta,оригинальный,не предусмотрено,300000,не предусмотрено,A1DUR74H11,A1DUR74H00,"Bizhub Press C6000, C7000, C7000P, C70HC; Bizhub Pro C6000L",C6000/C7000,Направляющая пластина печки Отделительная пластина печки Отделительная пластина фьюзера Отделяющая пластина Отделяющий коготь Пластина выхода бумаги из печки Пластина для запекания Пластина для отделения бумаги Пластина для печки Пластина для предотвращения замятия Пластина для фиксации изображения Пластина разделения Пластина сепарации Пластина термозакрепления Пластина фьюзера Разделитель бумаги Разделитель для термозакрепления Разделительная пластина Сепаратор для печки принтера Сепаратор для фьюзерной ленты Сепаратор фьюзера Сепараторная пластина Сепарационная лапка Сепарационная пластина Скребок отделения Фьюзерный коготь Fuser Claw Assembly Fuser Separation Plate Fuser Separator Plate Fusing Claw Plate Fusing Separator Paper Separation Plate Separation Claw Assy Thermal Separation В сборе Комплект Набор Assembly Коника Conika Konika Минолта Минольта Bizhub бицхаб бизхаб Пресс Прес Про Bizhub Press C6000 C7000 C7000P C70HC C 6000 C 7000 C 7000P C 70HC С6000 С7000 С7000Р С70HC,Закрепление изображения,Пальцы и пластины отделения,"236, грамм",Гарантия на данный товар не предоставляется,,,,,,,,,,,,,,,,,,,,,,,,,,,,,,,,,,,,,,,,
400000027144,"Фотобарабан  совместим. для лазерных принтеров HP LJ M104, SGT",,,6,0,232.01,252.19,"Фотобарабан для принтеров HP LJ Pro M102, M104, M130, M132",Фотобарабан,,SGT,совместимый,HP LJ M104,нет данных,не предусмотрено,,,,,"HP LJ Pro M102, M104, M130, M132",,,"120, грамм",Гарантия на данный товар не предоставляется,Булат,CF219a,Фотобарабаны,,,,,,,,,,,,,,,,,,,,,,,,,,,,,,,,,,,,,
400000031802,"Вал нагревательный (Fusing Roller/2) оригинал. для Konica Minolta C3070/C83hc, A9VE720500/A50U720501",,,10,0,8690.0,8689.99,"Konica Minolta bizhub Press C1060, C1070, C1070P, C71cf, C71hc;bizhub Pro C1060L;AccurioPress C2060, C2070, C2070P, C3070, C3070P, C3080, C3080P, C4070, C4080, C7090, C7100, C83hc;AccurioPrint C2060L, C3070L, C4065, C4065P;AccurioLabel 190, 230;",Вал нагревательный,Fusing Roller/2,Konica Minolta,оригинальный,не предусмотрено,1800000,не предусмотрено,A9VE720500/A50U720501,A9VE720501,"Konica Minolta bizhub Press C1060, C1070, C1070P, C71cf, C71hc; bizhub Pro C1060L; AccurioPress C2060, C2070, C2070P, C3070, C3070P, C3080, C3080P, C4070, C4080, C7090, C7100, C83hc; AccurioPrint C2060L, C3070L, C4065, C4065P; AccurioLabel 190, 230;",C3070/C83hc,Вал нагрева Вал печки Вал термобарабана Вал термоблока Вал термозакрепления Вал термоузла Вал термофиксации Вал узла фиксации Вал фьюзера Нагревательный барабан Нагревательный вал Нагревательный вал фьюзера Нагревательный ролик Нагревательный ролик термоблока Нагревательный элемент Прижимной ролик Резиновый вал Ролик для печки Ролик для фьюзера Ролик нагрева Ролик нагревательный Ролик нагревателя Ролик печки Ролик термоблока Ролик термовала Ролик термозакрепления Ролик узла нагрева Ролик фиксации Ролик фьюзера Термический вал Термовал Терморолик Тефлоновый вал Фьюзер роллер Фьюзерный ролик Fuser Roller Fusing Heater Roller Heater Roller второй №2 Коника Минолта Минольта колор калэр пресс прес про принт аккурио акурио акку акуриопринт аккуриопринт аккуриолэйбел аккуриолэйбл калор Konica Minolta AccurioPress Accurio Press C2060 C2070 C2070P C3070 C3080 C3080P C4070 C4080 C83hc C7090 C7100 AccurioPrint Print C3070L C 3070L C4065 C4065P AccurioLabel Accurio Label 190 230 Bizhub Press C1060 C1070 C1070P C71cf C71hcC 1060 C 1070 C 1070P C 71cf C 71hc C 1060L C 2060 C 2070 C 2070P C 3070 C 3070P C 3080 C 3080P C 4070 C 4080 C 7090 C 7100 C 83hc C 2060L C 3070L C 4065 C 4065P С1060 С1070 С1070Р С71cf С71hc С1060L С2060 С2070 С2070Р С3070 С3070Р С3080 С3080Р С4070 С4080 С7090 С7100 С83hc С2060L С3070L С4065 С4065Р,Закрепление изображения,Печные валы и ремни,"250, грамм",Гарантия на данный товар не предоставляется,,,,,,,,,,,,,,,,,,,,,,,,,,,,,,,,,,,,,,,,
400000031920,"Блок девелопера (Developer Unit) оригинал. DV-512Y для Konica Minolta C224/C554, желтый (yellow), A2XN08D",,,3,0,25900.0,25900.0,"Konica Minolta Bizhub C224, C224E, C284, C284E, C364, C364E, C454, C454E, C554, C554E",Блок девелопера,Developer Unit,Konica Minolta,оригинальный,DV-512Y,600000,желтый (yellow),A2XN08D,не предусмотрено,"Konica Minolta Bizhub C224, C224E, C284, C284E, C364, C364E, C454, C454E, C554, C554E",C224/C554,"Konica Minolta Bizhub C224, C224e C284 C284e C364 C364e C454 C454e C554 C554e C 224 C 224e C 284 C 284e C 364 C 364e C 454 C 454e C 554 C 554e e Минолта Минольта бизхаб бицхаб носитель носителя проявка проявки проявления проявитель узел юнит",Формирование изображения,Блок девелопера,"1450, грамм",Гарантия на данный товар не предоставляется,,,,,,,,,,,,,,,,,,,,,,,,,,,,,,,,,,,,,,,,
400000019830,"Чип тонер-картриджа  совместим. для лазерных принтеров Kyocera FS-С5100 (TK-540C), голубой (cyan), 4000стр A4, Китай",,,2,0,230.66,270.07,"Чип для лазерных принтеровKyocera FS-C5100DN, и картриджейТК540C.Чип для лазерного картриджа — микросхема памяти, на которой записаны характеристики картриджа. Количество израсходованного тонера, подсчитанное чипом, лишь приблизительно и на момент когда, согласно подсчету, тонер израсходован и печать блокируется, картридж содержит еще около 30% тонера. Таким образом, замена чипа позволяет значительно сэкономить на расходных материалах лазерного принтера.",,,,,,,,,,,,,,,,,,,,ТК540C,Kyocera FS-C5100DN,,,,,,,,,,,,,,,Европа,,,,,,,,,,,,,,,,,,,,
400000030669,"Картридж оригинал. Konica Minolta TN-622Y A5E7230/A5E7250, для цветных лазерных принтеров C1100/C6085, желтый (yellow), 104000стр A4",,,10,0,8690.0,8689.99,"Konica Minolta bizhub press C1085, C1100, AccurioPress C6085, C6100",Картридж,,Konica Minolta,оригинальный,,104000,,,"A5E7251, A5E725H, A5E725J","Konica Minolta Bizhub Press C1085, C1100; AccurioPress C6085, C6100",C1100/C6085,Konica Minolta bizhub press C1085 C1100 C 1085 C 1100 AccurioPress C6085 C6100 C 6085 C 6100 Коника Минолта Минольта Бизхаб Бицхаб пресс Акурио Аккурио replenisher тонер туба флакон порошок краска,,,"2145, грамм",10 месяцев,,,,,,,,TN-622Y,A5E7250,A5E7230,A5E7250,желтый (yellow),для цветных лазерных принтеров,1645,,Япония,,,,,,,,,,,,,,,,,,,,,,,,
400000031867,"Блок фотобарабана (Drum Unit) оригинал. DR-012 для Konica Minolta Pro 951/AccurioPrint 2100, черный (black), A3VVP00",,,3,0,18990.0,18990.0,"Konica Minolta AccurioPrint 2100;Bizhub Press 1052, 1250, 1250P, 2250P;Bizhub Pro 951, 1100",Блок фотобарабана,Drum Unit,Konica Minolta,оригинальный,DR-012,750000,черный (black),A3VVP00,не предусмотрено,"Konica Minolta AccurioPrint 2100; Bizhub Press 1052, 1250, 1250P, 2250P; Bizhub Pro 951, 1100",Pro 951/AccurioPrint 2100,Konica Minolta AccurioPrint Accurio Print 2100 Bizhub Press 1052 1250 1250P Bizhub Pro 951 1100 Коника Минолта Минольта Бизхаб Бицхаб колор калэр пресс прес про аккурио акурио акку акуриопринт аккуриопринт калор  фотобарабаны фотовал фотовалы фоторецептор фоторецепторы драмы модуль ксерографии,Формирование изображения,Блок фотобарабана,"800, грамм",Гарантия на данный товар не предоставляется,,,,,,,,,,,,,,,,,,,,,,,,,,,,,,,,,,,,,,,,
400000023506,"Картридж совместимый для ч/б лазерных принтеров Brother, RTC TN2375, черный (black), с чипом, 2600стр A4, Булат 7Q",,,5,0,345.62,375.67,"Черный тонер-картридж для принтеров Brother HL 2300, 2340, 2360, 2365, DCP 2500, 2520, 2540, 2560, MFC 2700, 2720, 2740 заменяющий оригинальные картриджи Brother TN2375.Тонеры компании Булат для картриджей лазерных принтеров производятся из современного сырья. Это полимеры, применение которых позволяет использовать тонеры в тонер-картриджах для новых скоростных принтеров и копиров. Это магнетиты и зарядорегуляторы, позволяющие получать стабильные результаты качества печати. Все это, плюс технологические приемы, направленные на улучшение структуры и формы частиц тонера, позволяют получить продукт стабильного качества. Все стадии производства тонеров проходят жесткий технологический контроль, готовый продукт всесторонне тестируется. Более 20 параметров подлежат проверке. Компания Булат проводит исследование тонеров во взаимодействии с другими расходными материалами: фотобарабанами, валами первичного заряда и т. д. для наиболее эффективного использования формулировок в дальнейшем.",,,,,,,,,,,,,,,,,,,,,,,Булат,,,,,,,,,,,,http://www.bulatgroup.ru,,RTC TN2375,black (черный),Brother TN2375,"Brother HL 2300, 2340, 2360, 2365, DCP 2500, 2520, 2540, 2560, MFC 2700, 2720, 2740",2600,,,,,,,,,,,,,,,
400000031352,"Картридж оригинал. Konica Minolta TN-619C A3VX455/A3VX480, для цветных лазерных принтеров C1060/C4080, голубой (cyan), 78000стр A4",,,76,0,8900.0,8900.01,"Konica Minolta AccurioPress C2060, C2070, C2070P, C3070, C3070P, C3080, C3080P, C4070, C4080,Bizhub Press C1060, C1070, C1070P",Картридж,,Konica Minolta,оригинальный,,78000,,,"A3VX430, A3VX450, A3VX453, A3VX45D, A3VX45H, A3VX45K","Konica Minolta AccurioPress C2060, C2070, C2070P, C3070, C3070P, C3080, C3080P, C4070, C4080, Bizhub Press C1060, C1070, C1070P",C1060/C4080,Accurio Press C2060 C2070 C2070P C3070 C3070P C3080 C3080P C4070 C4080 C 2060 C 2070 C 2070P C 3070 C 3070P C 3080 C 3080P C 4070 C 4080 Bizhub Press C1060 C1070 C1070P C 1060 C 1070 C 1070P Коника Минолта Минольта Бизхаб Бицхаб пресс Акурио Аккурио replenisher тонер туба флакон порошок краска,,,"1635, грамм",10 месяцев,,,,,,,,TN-619C,A3VX480,A3VX455,A3VX480,голубой (cyan),для цветных лазерных принтеров,1222,,Япония,,,,,,,,,,,,,,,,,,,,,,,,
400000021558,"Дозирующее лезвие (doctor blade)  совместим. для лазерных принтеров LJ 1010/P2035/1320/P2015, Булат",,,15,0,25.36,27.57,"Дозирующее лезвие магнитного вала для лазерных принтеров HP LJ 1010. Дозирующее лезвие предназначено для регулировки количества тонера наносимого на магнитный вал. Срок службы дозирующего лезвия напрямую зависит от качества используемого тонера.Дозирующее лезвие (doctor blade) для принтеров HP P2035, P2050, P2055, M402, M426, M102, M401, M425, M527, M506, M501, LJ 1010, LJ 1012, LJ 1015, LJ 1018, LJ 1020, LJ 1022, LJ 3015, LJ 3020, LJ 3030, LJ 3050, LJ 3052, LJ 3055, M1005, M1319, LBP2900, LBP3000, LJ 1160, LJ 1320, LJ 3390, LJ 3392, LBP3300",,,,,,,,,,,,,,,,,,,,,HP LJ 1010,,Булат,,,,,,,,,,,,http://bulatgroup.ru,,,,,,,,,,,,,,,,,,,,,
400000024174,"Ролик отделения бумаги (Separation roller)  совместим. для лазерных принтеров FS-2100/P3050, Китай",,,1,0,174.01,183.53,Ролик отделения бумаги для лазерных принтеров Kyocera FS-2100/FS-4100/M3040dn/p3050,,,,,,,,,,,,,,,,,,,,,,,Китай,,,,,,,,,,,,,,,,,,,,,,,,Ролик захвата (Pulley feed assy),"Kyocera FS-2000D, 3900DN, 4000DN, 2020D, 3040MFP, 6950DN, 6970D, C5100DN, PF-310, 430, 500, 510, 2550ci, 3050ci",2F909170,,,,,,,
400000030061,"Фотобарабан  совместим. для лазерных принтеров Ricoh SP100, 200, SGT",,,5,0,208.81,226.97,"Фотобарабан для принтеров Ricoh SP100, 200",Фотобарабан,,SGT,совместимый,"Ricoh SP100, 200",нет данных,не предусмотрено,,,,,"Ricoh SP100, 200",,,"50, грамм",Гарантия на данный товар не предоставляется,Булат,"SP100, SP200",Фотобарабаны,,,,,,,,,,,,,,,,,,,,,,,,,,,,,,,,,,,,,
400000031922,"Блок фотобарабана (Drum Unit) оригинал. DR-618K для Konica Minolta C450i/C750i, черный (black), ACV80RE",,,2,0,16900.0,16900.0,"Konica Minolta Bizhub 450i, 550i, 650i, 750i, C450i, C550i, C650i, C750i",Блок фотобарабана,Drum Unit,Konica Minolta,оригинальный,DR-618K,240000,черный (black),ACV80RE,ACV80RD,"Konica Minolta Bizhub 450i, 550i, 650i, 750i, C450i, C550i, C650i, C750i",C450i/C750i,"Konica Minolta Bizhub 450i, 550i, 650i, 750i, C450i, C550i, C650i, C750i",Формирование изображения,Блок фотобарабана,"1089, грамм",Гарантия на данный товар не предоставляется,,,,,,,,,,,,,,,,,,,,,,,,,,,,,,,,,,,,,,,,
400000033246,"Лента переноса (IBT Belt) оригинал. для Xerox WC7525/C8035, 064K93623/064K93621",,,18,0,9390.0,9389.99,"Xerox WC7525, 7530, 7535, 7545, 7556, 7830, 7835, 7845, 7855, 7970, 7970i;AltaLink C8030, C8035, C8045, C8055, C8070;Phaser 7500, 7800",Лента переноса,IBT Belt,Xerox,оригинальный,не предусмотрено,нет данных,не предусмотрено,064K93623/064K93621,"064K93622, 064K92664","WC7525, 7530, 7535, 7545, 7556, 7830, 7835, 7845, 7855, 7970, AltaLink C8030, C8035, C8045, C8055, C8070, Phaser 7500, 7800",WC7525/C8035,Лента вторичного переноса Лента для МФУ Лента для переноса изображения Лента для печати Лента для формирования изображения Лента передачи изображения Лента переноса Лента промежуточного переноса Переносящая лента Пленка для переноса Пленка переноса Пояс переноса Промежуточная лента переноса Ремень для принтера Ремень переноса Ремень переноса изображения Ремень трансфера сборка ленты переноса Транспортный ремень Трансферная лента Трансферный ремень Genuine original ibt belt IBT лента IBT ремень IBT Beld IBT Belt Intermediate Belt Transfer Transfer Belt Transfer Belt Intermediate Ксерокс WC7525 WC7530 WC7535 WC7545 WC7556 WC7830 WC7835 WC7845 WC7855 WC7970  WC 7525 WC 7530 WC 7535 WC 7545 WC 7556 WC 7830 WC 7835 WC 7845 WC 7855 WC 7970 WC 7970i AltaLink C8030 C8035 C8045 C8055 C8070 C 8030 C 8035 C 8045 C 8055 C 8070 Phaser 7500 7800 Фазер Фазэр воркцентр вёркцентр workcenter,Перенос изображения,Ленты переноса,"550, грамм",Гарантия на данный товар не предоставляется,,,,,,,,,,,,,,,,,,,,,,,,,,,,,,,,,,,,,,,,
400000023608,"Картридж совместимый для ч/б лазерных принтеров Samsung, RTC MLT-D109S, черный (black), с чипом, 2000стр A4, Булат 7Q",,,2,0,911.59,990.86,"Черный тонер-картридж для принтеров Samsung SCX-4300 заменяющий оригинальные картриджи D109S. Тонеры компании Булат для картриджей лазерных принтеров производятся из современного сырья. Это полимеры, применение которых позволяет использовать тонеры в тонер-картриджах для новых скоростных принтеров и копиров. Это магнетиты и зарядорегуляторы, позволяющие получать стабильные результаты качества печати. Все это, плюс технологические приемы, направленные на улучшение структуры и формы частиц тонера, позволяют получить продукт стабильного качества. Все стадии производства тонеров проходят жесткий технологический контроль, готовый продукт всесторонне тестируется. Более 20 параметров подлежат проверке. Компания Булат проводит исследование тонеров во взаимодействии с другими расходными материалами: фотобарабанами, валами первичного заряда и т. д. для наиболее эффективного использования формулировок в дальнейшем.",,,,,,,,,,,,,,,,,,,,,,,Булат,,,,,,,,,,,,http://www.bulatgroup.ru,,RTC MLT-D109S с чипом,black (черный),D109S,,2000,,,,,,,,,Samsung SCX-4300,,,,,,
400000030973,"Коротрон заряда (Charge Corona Unit) оригинал. для Konica Minolta C1060/C3080, A50UR70323",,,157,0,3290.0,3290.0,"Konica Minolta AccurioPress C2060, C2070, C2070P, C3070, C3080, C3080P, C83hc;AccurioPrint C2060L, C3070L;Bizhub Press C1060, C1070, C1070P, C71cf, C71hc;Bizhub Pro C1060L;AccurioLabel 190, 230",Коротрон заряда,Charge Corona Unit,Konica Minolta,оригинальный,не предусмотрено,160000,не предусмотрено,A50UR70323,"A50UR70300, A50UR70311","Konica Minolta AccurioLabel 190, 230; AccurioPress C2060, C2070, C2070P, C3070, C3080, C3080P, C83hc; AccurioPrint C2060L, C3070L; Bizhub Press C1060, C1070, C1070P, C71cf, C71hc; Bizhub Pro C1060L",C1060/C3080,Блок заряда Блок коронного разряда Блок короны заряда Блок коротрона Зарядная корона Зарядная нить Зарядное устройство Зарядный коротрон Коратрон Корона заряда Коронарная проволока Коронарная решетка Коронарный блок Коронарный провод Коронарный узел Коронарный электрод Коронатор Коронатор заряда Коронный провод Коронный разряд Коротон Коротрон Коротрон главного заряда Коротрон заряда Коротрон зарядки Кортрон Нить коротрона Проволока заряда Сетка коротрона Узел заряда Узел коронного заряда Узел коротрона Экранированный коротрон (скоротрон) Charge Corona Unit Charge Corotron Charge Corotron Cartridge Charging Corona Charging Pole Unit Corona Wire AccurioLabel Accurio Label 190 230  AccurioPrint C2060L C3070L C 2060L C 2060L C 3070L Konica Minolta bizhub Press C1060 C1070 C1070P C71hc C71cf PRO C1060L AccurioPress Accurio Press C2060 C2060P C2070 C2070P C3070 C3070P C3080 C3080P C83hc C 1060 C 1070 C 1070P C 71hc C 71cf PRO C 1060L C 2060 C 2060P C 2070 C 2070P C 3070 C 3070P C 3080 C 3080P C 83hc Print принт Коника минолта бизхаб бицхаб пресс про акурио акку акуриопресс лейбел лэйбел,Формирование изображения,"Коротроны, валы заряда","275, грамм",Гарантия на данный товар не предоставляется,,,,,,,,,,,,,,,,,,,,,,,,,,,,,,,,,,,,,,,,
400000033051,"Картридж оригинал. Konica Minolta TN712 A3VU050/A3VU050, для цветных лазерных принтеров 654/С754, черный (black), 40800стр A4",,,20,0,6890.0,6890.0,,Картридж,,Konica Minolta,оригинальный,,40800,,,не предусмотрено,"Konica Minolta Bizhub 654, 654e, 754, 754e, C654, C654e, C754, C754e, Develop ineo+ 654, 754",654/С754,Konica Minolta KM Bizhub  Develop ineo+ 654 654e 754 754e C654 C654e C754 C754e replenisher туба Коника минолта минольта бизхаб инео порошок туба тонер краска,,,"1893, грамм",10 месяцев,,,,,,,,TN712,A3VU030,A3VU050,A3VU050,черный (black),для цветных лазерных принтеров,980,,Япония,,,,,,,,,,,,,,,,,,,,,,,,
400000031516,"Девелопер (Developer) оригинал. DV-614C для Konica Minolta C1060/C4080, голубой (cyan), A3VX900",,,1,0,19990.0,19990.01,"Konica Minolta AccurioPress C2060, C2070, C2070P, C3070, C3080, C3080P; AccurioPrint C2060L, C3070L; Bizhub Press C1060, C1070, C1070P, C71hc; Bizhub Pro C1060L",Девелопер,Developer,Konica Minolta,оригинальный,DV-614C,1200000,голубой (cyan),A3VX900,не предусмотрено,"Konica Minolta AccurioPress C2060, C2070, C2070P, C3070, C3080, C3080P; AccurioPrint C2060L, C3070L; Bizhub Press C1060, C1070, C1070P, C71hc; Bizhub Pro C1060L",C1060/C4080,"Konica Minolta AccurioPress Accurio Press C2060, C2070, C2070P, C3070, C3080, C3080P; AccurioPrint Print C2060L, C3070L; Bizhub Press C1060, C1070, C1070P, C71hc; Bizhub Pro C1060L",Формирование изображения,Девелоперы,"739, грамм",Гарантия на данный товар не предоставляется,,,,,,,,,,,,,,,,,,,,,,,,,,,,,,,,,,,,,,,,
400000033697,"Блок фотобарабана (Drum Unit) оригинал. для Ricoh C5200S/C5310S, универсальный, D0CP-9510",,,8,0,26900.0,26900.0,"Ricoh Pro C5200S, C5210S, C5300S, C5310S",Блок фотобарабана,Drum Unit,Ricoh,оригинальный,не предусмотрено,нет данных,универсальный,D0CP-9510,"D0CP9510, D0CQ-9510, D0CQ9510","Ricoh Pro C5200S, C5210S, C5300S, C5310S",C5200S/C5310S,блок модуль узел фотобарабана барабан барабаны фотовал фоторецептор фоторецепторы ксерографии драмы драм-юнит драм-картридж OPC Drum фотобарабанный блок фотопроводящий барабан фотоблок блок фотопечати фотобаробан фотобаран фотоборабан фоторецепторный барабан CMYK Drum фото барабан unit блок модуль узел оригинал Ricoh Rico Rikoh Riko Рико Рикох Про C5200S C5300S C5310S C 5200S C 5300S C 5310S С5200S С5300S С5310S,Перенос изображения,Блок фотобарабана,"553, грамм",Гарантия на данный товар не предоставляется,,,,,,,,,,,,,,,,,,,,,,,,,,,,,,,,,,,,,,,,
400000032005,"Чип тонер-картриджа  совместим. для лазерных принтеров Pantum M7100 (TL-420X, TL-420Y), черный (black), 6000стр A4, Китай",,,64,0,60.0,59.99,"P3010D, P3010DW, P3020D, P3300DN, P3300DW, P3302DN, P3302DW, M6700D, M6700DW, M6800FDW, M7100DN, M7100DW, M7102DN, M7200FD, M7200FDN, M7200FDW, M7300FDN, M7300FDW, M7302FDW",Чип тонер-картриджа,,Китай,совместимый,"Pantum M7100 (TL-420X, TL-420Y)",6000,черный (black),,,,,Pantum M7100/P3010D/P3300/M6700/M6800/M7102,,,"1, грамм",Гарантия на данный товар не предоставляется,JDY,"TL-420X, TL-420Y",Чипы,,,,,,,,,,,,,,,,,,,,,,,,,,,,,,,,,,,,,
400000033383,"Чистящее лезвие (Wiper blade)  совместим. для лазерных принтеров CET7816, CET",,,2,0,486.91,529.25,,Чистящее лезвие (Wiper blade),,CET,совместимый,CET7816,нет данных,не предусмотрено,,,,,"Ракель FS-2100D/4100DN/4300DN, ECOSYS M3040dn/3540dn",,,"1, грамм",Гарантия на данный товар не предоставляется,нет данных,Kyocera,Лезвия очистки,,,,,,,,,,,,,,,,,,,,,,,,,,,,,,,,,,,,,
400000031615,"Картридж со скрепками (Staple Cartridge) оригинал. SK-602 для Konica Minolta C203/C759, 14YK",,,9,0,6590.0,6589.99,"Konica Minolta bizhub 223, 224e, 227, 283, 284e, 287, 308, 308e, 36, 3602P, 3622, 363, 364e, 367, 368, 368e, 42, 423, 4402P, 4422, 454e, 458, 458e, 4702P, 552, 554e, 558, 558e, 600, 601, 652, 654, 654e, 658e, 750, 751, 754, 754e, 758, C203, C220, C224, C224e, C227, C250i, C252, C252P, C253, C258, C280, C284, C284e, C287, C300, C300i, C308, C352, C352P, C353, C353P, C360, C360i, C364, C364e, C368, C3850, C3850FS, C451, C452, C454, C454e, C458, C550, C552, C554, C554e, C558, C650, C652, C652DS, C654, C654e, C658, C659, C754, C754e, C759, bizhub PRESS C1060, C1070, C1070P, C1085, C1100, C6000, C7000, C7000P, C70hc, C71hc, bizhub PRO C754, C754e, 1051, 1100, 1200, 1200P, 951, 958, C1060L, C6000L",Картридж со скрепками,Staple Cartridge,Konica Minolta,оригинальный,SK-602,15000,не предусмотрено,14YK,не предусмотрено,"Konica Minolta Bizhub 223, 224e, 227, 283, 284e, 287, 308, 308e, 36, 3602P, 3622, 363, 364e, 367, 368, 368e, 42, 423, 4402P, 4422, 454e, 458, 458e, 4702P, 552, 554e, 558, 558e, 600, 601, 652, 654, 654e, 658e, 750, 751, 754, 754e, 758, C203, C220, C224, C224e, C227, C250i, C252, C252P, C253, C258, C280, C284, C284e, C287, C300, C300i, C308, C352, C352P, C353, C353P, C360, C360i, C364, C364e, C368, C3850, C3850FS, C451, C452, C454, C454e, C458, C550, C552, C554, C554e, C558, C650, C652, C652DS, C654, C654e, C658, C659, C754, C754e, C759, Bizhub PRESS C1060, C1070, C1070P, C1085, C1100, C6000, C7000, C7000P, C70hc, C71hc, Bizhub PRO C754, C754e, 1051, 1100, 1200, 1200P, 951, 958, C1060L, C6000L",C203/C759,"Konica Minolta bizhub 223, 224e, 227, 283, 284e, 287, 308, 308e, 36, 3602P, 3622, 363, 364e, 367, 368, 368e, 42, 423, 4402P, 4422, 454e, 458, 458e, 4702P, 552, 554e, 558, 558e, 600, 601, 652, 654, 654e, 658e, 750, 751, 754, 754e, 758, C203, C220, C224, C224e, C227, C250i, C252, C252P, C253, C258, C280, C284, C284e, C287, C300, C300i, C308, C352, C352P, C353, C353P, C360, C360i, C364, C364e, C368, C3850, C3850FS, C451, C452, C454, C454e, C458, C550, C552, C554, C554e, C558, C650, C652, C652DS, C654, C654e, C658, C659, C754, C754e, C759, bizhub PRESS C1060, C1070, C1070P, C1085, C1100, C6000, C7000, C7000P, C70hc, C71hc, bizhub PRO C754, C754e, 1051, 1100, 1200, 1200P, 951, 958, C1060L, C6000L",Прочее,Скрепки,"595, грамм",Гарантия на данный товар не предоставляется,,,,,,,,,,,,,,,,,,,,,,,,,,,,,,,,,,,,,,,,
400000030673,"Девелопер (Developer) оригинал. DV-610M для Konica Minolta C5500/C70hc, пурпурный (magenta), A04P800",,,3,0,10990.0,10990.0,"Konica Minolta Bizhub Pro C5500, C5501, C6000L, C6500, C6501, C65hc;Konica Minolta Bizhub Press C70hc, C6000, C7000, C7000P;Develop Ineo + 5501, 6501",Девелопер,Developer,Konica Minolta,оригинальный,DV-610M,300000,пурпурный (magenta),A04P800,не предусмотрено,"Konica Minolta Bizhub Pro C5500, C5501, C6000L, C6500, C6501, C65HC; Press C70hc, C6000, C7000, C7000P; Develop Ineo + 5501, 6501",C5500/C70hc,"Konica Minolta bizhub Press C6000 C7000, C7000P C70hc C 6000 C 7000, C 7000P c 70hc Pro С5500 C5501 C6500 C6501 C6000L C65hc С 5500 C 5501 C 6500 C 6501 C 6000L C 65hc Develop Ineo + Коника Минолта Минольта бизхаб бицхаб пресс про девелоп инео блок девелопер проявитель проявка",Формирование изображения,Девелоперы,"1100, грамм",Гарантия на данный товар не предоставляется,,,,,,,,,,,,,,,,,,,,,,,,,,,,,,,,,,,,,,,,
400000031471,"Узел разряда (Separation Discharging Unit) оригинал. для Konica Minolta C2060/C3070, A50UR70B00",,,1,0,2660.0,2660.0,"Konica Minolta AccurioPress C2060, C2070, C2070P, C3070, C3070P, C3080, C3080P, C4070, C4080, C83hc;AccurioPrint C2060L, C3070L, C4065, C4065P;Bizhub Press C1060, C1070, C1070P, C71cf, C71hc;Bizhub Pro C1060L;AccurioLabel 190, 230",Узел разряда,Separation Discharging Unit,Konica Minolta,оригинальный,не предусмотрено,440000,не предусмотрено,A50UR70B00,"A50U R70B 00, A50U-R70B-00","Konica Minolta AccurioPress C2060, C2070, C2070P, C3070, C3070P, C3080, C3080P, C4070, C4080, C83hc; AccurioPrint C2060L, C3070L, C4065, C4065P; Bizhub Press C1060, C1070, C1070P, C71cf, C71hc; Bizhub Pro C1060L; AccurioLabel 190, 230",C2060/C3070,"Блок антистатики Блок нейтрализации Блок отделения Блок разряда Блок сепарации Блок снятия заряда Блок снятия статики Демпфирующий разрядный блок Дисчарджинг Юнит Модуль отделения Модуль разряда Модуль снятия заряда Модуль снятия заряда при отделении Модуль снятия статики Разрядник отделительного узла Разрядный узел сепарации Сепарейшн Юнит Система разрядки Separation Статический нейтрализатор отделения Узел деионизации Узел отделения Узел снятия заряда Узел снятия статики Separation Unitер роллер Фьюзерный ролик Fuser Roller Fusing Heater Roller Heater Roller второй №2 C 2060 C 2070 C 2070P C 3070 C 3070P C 3080 C 3080P C 4070 C 4080C 83hc C 2060L C 3070L C 4065 C 4065P С1060 С1070 С1070Р С71cf С71hc С1060L С2060 С2070 С2070Р С3070 С3070Р С3080 С3080Р С4070 С4080 С83hc С2060L С3070L С4065 С4065Р Konica Minolta AccurioLabel 190 230 AccurioPress C2060 C2070 C2070P C3070 C3070P C3080 C3080P C4070 C4080 C83hc C 2060 C 2070 C 2070P C 3070 C 3070P C 3080 C 3080P C 4070 C 4080 C 83hc AccurioPrint C3070L C2060L Bizhub Press C1060 C1070, C1070P bizhub PRESS C71cf Bizhub Pro C 1060L 3070L C 2060L Bizhub Press C 1060 C 1070 C 1070P C 71 cf Коника Минолта Минольта Аккурио принт бизхаб бицхаб пресс про",Перенос изображения,Узел разряда,"293, грамм",Гарантия на данный товар не предоставляется,,,,,,,,,,,,,,,,,,,,,,,,,,,,,,,,,,,,,,,,
400000031838,"Лента переноса (IBT Belt) оригинал. для Xerox C560/C75, 675K72181",,,15,0,12690.0,12690.0,"Xerox DocuColor DC240, DC250, DC242, DC252, DC260WorkCentre WC7655, WC7665, WC7675, WC7755, WC7765, WC7775Color C550, C560, C570; C60, C70; C75, J75Digital Color Press DC700, 700i, 770PrimеLink C9065, C9070",Лента переноса,IBT Belt,Xerox,оригинальный,не предусмотрено,300000,не предусмотрено,675K72181,"064К91930, 064K93010, 064К93220, 675К18280, 675K18281, 675K67690, 675K67691, 675K69690, 675K72180, 675K72181","Xerox DocuColor 240, 242, 250, 252, 260; Color 550, 560, 570, C60, C70, C75, J75; Digital Color Press 700, 700i, 770; PrimeLink C9065, C9070; WorkCentre 7655, 7665, 7675, 7755, 7765, 7775",C560/C75,Лента вторичного переноса Лента для МФУ Лента для переноса изображения Лента для печати Лента для формирования изображения Лента передачи изображения Лента переноса Лента промежуточного переноса Переносящая лента Пленка для переноса Пленка переноса Пояс переноса Промежуточная лента переноса Ремень для принтера Ремень переноса Ремень переноса изображения Ремень трансфера сборка ленты переноса Транспортный ремень Трансферная лента Трансферный ремень Genuine original ibt belt IBT лента IBT ремень IBT Beld IBT Belt Intermediate Belt Transfer Transfer Belt Transfer Belt Intermediate ксерокс праймлинк  колор калор пресс линк воркцентр вёркцентр ворк вёрк  C550 C560 C570 С550 С560 С570 C 60 C 70 C 75 С60 С70 С75 J 75 C 9065 C 9070 С9065 С9070 DC700 DC700i DC770,Перенос изображения,Ленты переноса,"474, грамм",Гарантия на данный товар не предоставляется,,,,,,,,,,,,,,,,,,,,,,,,,,,,,,,,,,,,,,,,
400000032003,"Чип фотобарабана совместим. 013R00663 для Xerox C550/C70, черный (black)",,,137,0,210.0,210.0,"Xerox Color C550, C560, C570; C60, C70",Чип фотобарабана,не предусмотрено,Xerox,совместимый,013R00663,190000,черный (black),не предусмотрено,не предусмотрено,"Xerox Color C550, C560, C570; C60, C70",C550/C70,Xerox Color Colour C550 C560 C570 C 550 C 560 C 570 C60 C70 C 60 C 70 Чип микросхема счетчик отпечатков Xerox Ксероркс Color колор калэр калор фотобарабан барабан барабаны фотовал фоторецептор фоторецепторы ксерографии драмы,Формирование изображения,Чипы,"1, грамм",Гарантия на данный товар не предоставляется,JND,,,,,,,,,,,,,,,,,,,,,,,,,,,,,,,,,,,,,,,
200000001644,"Фотобарабан  совместим. для лазерных принтеров Samsung ML-1710, Static Control",,,2,0,321.23,381.16,"Фотобарабан для лазерных принтеров Samsung ML-1500, 1510, 1710, 1740, 1750, Xerox Phaser 3120, 3121, 3130 и картриджей ML-1710D3, 109R00725. Фотобарабан состоит из металлического цилиндра, на который нанесен фотослой. Фотобарабаны различаются размерами и формой шестерен, обеспечивающих его вращение. На фотобарабане лазер принтера засвечивает области, на которые магнитному валу необходимо нанести тонер. Срок службы фотобарабана зависит от используемых тонера и бумаги.",,,,,,,,,,,,,,,,,,,,"Samsung ML-1710D3, Xerox 109R00725",,,Static Control,,,,,,,,,,,,,,,,,,,,,"Samsung ML-1500, 1510, 1710, 1740, 1750, Xerox Phaser 3120, 3121, 3130",,,,,,,,,,,,
400000031843,"Девелопер (Developer) оригинал. для Xerox C550/DC770, пурпурный (magenta), 675K76250/005R00732",,,24,0,3990.0,3990.0,"Xerox Color C550, C560, C570; C60, C70; C75, J75; Digital Color Press DC700, DC700i, DC770",Девелопер,Developer,Xerox,оригинальный,не предусмотрено,1500000,пурпурный (magenta),675K76250/005R00732,"005R00732, 505S00032","Xerox Color C550, C560, C570; C60, C70; C75, J75; Digital Color Press DC700, DC700i, DC770",C550/DC770,"Xerox Color Colour C550, C560, C570; C60, C70; C75, J75; Digital Color Press DC700, DC700i, DC770",Формирование изображения,Девелоперы,"497, грамм",Гарантия на данный товар не предоставляется,,,,,,,,,,,,,,,,,,,,,,,,,,,,,,,,,,,,,,,,
400000032566,"Узел пальцев отделения прижимного вала (Fuser Pressure Stripper Finger Assembly) оригинал. для Xerox Versant 80/4100, 019K15351",,,4,0,13900.0,13900.0,"Xerox Versant Press 80, 170i, 180, 180i, 280; 2100, 3100, 3100i, 4100",Узел пальцев отделения прижимного вала,Fuser Pressure Stripper Finger Assembly,Xerox,оригинальный,не предусмотрено,200000,не предусмотрено,019K15351,не предусмотрено,"Xerox Versant Press 80, 170i, 180, 180i, 280; 2100, 3100, 3100i, 4100",Versant 80/4100,Коготь отделения Коготь термоблока Коготь фьюзера Когти отделения термоблока Комплект когтей отделения Лапка отделения Лапка фьюзера Механизм отделения бумаги от термовала Отделитель термозакрепления Отделительные когти фьюзера Отделительные пальцы Fuser Unit Отделительный палец Отделяющая лапка Отделяющий коготь Палец отделения Палец отделения бумаги Палец отделения печки Палец отделения термоблока Палец отделения фьюзера Палец термозакрепления Палец узла термозакрепления Палец фиксации Пальцы отделения термозакрепляющего узла Пластина отделения Пластина отделения бумаги фьюзера Пластины антиадгезионного отделения Сепаратор Сепаратор в сборе Сепаратор нагревательного ролика Сепаратор термоблока Сепаратор узла фиксации Сепаратор фьюзера Сепарационная лапка Сепарационная пластина Термоотделительные пальцы Узел отделения Fuser Stripper Claws Fusing Claw Separator Claw для фьюзера Версант Вёрсант Версанта Versant Press 80 170i 180 180i 280 2100 3100 3100i 4100 V80 V170i V180 V180i V280 V2100 V3100 V3100i V4100,Закрепление изображения,Пальцы и пластины отделения,"287, грамм",Гарантия на данный товар не предоставляется,,,,,,,,,,,,,,,,,,,,,,,,,,,,,,,,,,,,,,,,
400000026135,"Картридж совместимый для ч/б лазерных принтеров Kyocera, TK-1170, черный (black), с чипом, 7200стр A4, Uniton",,,0,4,540.0,516.61,,Картридж совместимый,,Uniton,,,7200,,,,,"Kyocera M2040, M2540, M2640",,,,"350, грамм",Гарантия на данный товар не предоставляется,,,,,,,,TK-1170,,,,черный (black),для ч/б лазерных принтеров Kyocera,,,,с чипом,TK-1170,,,,,,,,,,,,,,,,,,,,,,
400000031932,"Ролик захвата бумаги (Paper Feed/Separation Roller) совместим. для Konica Minolta Pro 920/Press 1250, 55VAR75000",,,18,0,690.0,690.0,"Konica Minolta AccurioPrint 2100; AccurioPress 6120, 6136P; Bizhub Press 1250, 1250P, 2250P; Bizhub Pro 920, 951, 1050, 1051",Ролик захвата бумаги,Paper Feed/Separation Roller,Konica Minolta,совместимый,не предусмотрено,нет данных,не предусмотрено,55VAR75000,"A4EUR71511, A4EUR71500","Konica Minolta AccurioPrint 2100; AccurioPress 6120, 6136P; Bizhub Press 1250, 1250P, 2250P; Bizhub Pro 920, 951, 1050, 1051",Pro 920/Press 1250,"Konica Minolta AccurioPrint Accurio Print 2100; AccurioPress Accurio Press 6120, 6136P; Bizhub Press 1250, 1250P, 2250P; Bizhub Pro 920, 951, 1050, 1051",Подача и вывод материала,Ролики подачи и захвата,"44, грамм",Гарантия на данный товар не предоставляется,NK,,,,,,,,,,,,,,,,,,,,,,,,,,,,,,,,,,,,,,,
400000030330,"Картридж(уценка) оригинал. Canon 713, для ч/б лазерных принтеров LBP3250, черный (black), 2000стр A4",,,2,0,390.0,436.67,Canon i-Sensys LBP3250,,,,,,,,,,,,,,,"817, грамм",10 месяцев,,,,,,,,,,,,,,,,,,,,,,,,,,,,,,,,,,,,,,,,
400000033690,"Картридж оригинал. Ricoh 828517/828513, для цветных лазерных принтеров C9200/C9210, голубой (cyan), 48000стр A4",,,20,0,11690.0,11690.0,,Картридж,,Ricoh,оригинальный,,48000,,,828572,"Ricoh Pro C9200, C9210",C9200/C9210,Ricoh Pro Про Rico Rikoh Riko Рико Рикох replenisher тонер туба флакон порошок краска картриж С9200 С9210 С 9200 С 9210,,,"2060, грамм",10 месяцев,,,,,,,,не предусмотрено,828572,828517,828513,голубой (cyan),для цветных лазерных принтеров,1482,,Япония,,,,,,,,,,,,,,,,,,,,,,,,
400000032574,"Девелопер (Developer) оригинал. для Xerox WC7525/8035, черный (black), 675K85030",,,9,0,2890.0,2890.0,"Xerox WorkCentre 7525, 7530, 7535, 7545, 7556, 7830, 7835, 7845, 7855, 7970",Девелопер,Developer,Xerox,оригинальный,не предусмотрено,120000,черный (black),675K85030,675K085030,"Xerox WorkCentre 7525, 7530, 7535, 7545, 7556, 7830, 7835, 7845, 7855, 7970, 7830i, 7835i, 7845i, 7855i, WC7970i, AltaLink C8030, 8035, 8045, 8055, 8070, Xerox Phaser 7800",WC7525/8035,Xerox WorkCentre WorkCenter Work Centre Center WC7525 WC7530 WC7535 WC7545 WC7556 WC7830 WC7835 WC7845 WC7855 WC7970 проявитель носитель Phaser,Формирование изображения,Девелоперы,"245, грамм",Гарантия на данный товар не предоставляется,,,,,,,,,,,,,,,,,,,,,,,,,,,,,,,,,,,,,,,,
400000019407,"Картридж совместимый для ч/б лазерных принтеров Kyocera, RTC TK-725, черный (black), с чипом, 34000стр A4, Булат S-Line",,,1,0,3330.4,3609.38,"Черный тонер-картридж для принтеров Kyocera TASKalfa 420i, 520i, заменяющий оригинальный картридж TK-725.Тонеры компании Булат для картриджей лазерных принтеров производятся из современного сырья. Это полимеры, применение которых позволяет использовать тонеры в тонер-картриджах для новых скоростных принтеров и копиров. Это магнетиты и зарядорегуляторы, позволяющие получать стабильные результаты качества печати. Все это, плюс технологические приемы, направленные на улучшение структуры и формы частиц тонера, позволяют получить продукт стабильного качества. Все стадии производства тонеров проходят жесткий технологический контроль, готовый продукт всесторонне тестируется. Более 20 параметров подлежат проверке. Компания Булат проводит исследование тонеров во взаимодействии с другими расходными материалами: фотобарабанами, валами первичного заряда и т. д. для наиболее эффективного использования формулировок в дальнейшем.",,,,,,,,,,,,,,,,,,,,,,,Булат,,,,,,,,,,,,http://www.bulatgroup.ru,,RTC TK725 с чипом,black (черный),TK725,"Kyocera TASKalfa 420i, 520i",34000,,,,,,,,,,,,,,,
400000031437,"Картридж оригинал. Xerox 006R01738/CT201586, для цветных лазерных принтеров C9065/C9070, черный (black), 30000стр A4",,,8,0,6790.0,6790.0,"Xerox Primelink C9065/C9070Внимание, для работы картриджа на Xerox Color C9065/C9070 требуется заменачипа!",Картридж,,Xerox,оригинальный,,30000,,,"006R01734, CT201702","Xerox PrimeLink C9065, C9070",C9065/C9070,Xerox Color Colour C550 C560 C570 C60 C70 C 550 C 560 C 570 C 60 C 70 PrimeLink Prime Link C9065 C9070 C 9065 C 9070 Праймлинк колор калэр калор colour пресс ксерокс тонер туба replenisher краска,,,"1410, грамм",10 месяцев,,,,,,,,не предусмотрено,006R01525,006R01738,CT201586,черный (black),для цветных лазерных принтеров,638,780,США,,,,,,,,,,,,,,,,,,,,,,,,
400000015222,"Фотобарабан  совместим. для лазерных принтеров Samsung ML 3050, SGT",,,10,0,107.71,117.09,"Фотобарабан для лазерных принтеров Samsung ML-3050, 3051N, 3051ND, SCX-5330N, 5530FN, Xerox Phaser 3428, 3300MFP, Dell 1815 и картриджей ML-D3050A, SCX-D5530A, 106R01245, 106R01411. Фотобарабан состоит из металлического цилиндра, на который нанесен фотослой. Фотобарабаны различаются размерами и формой шестерен, обеспечивающих его вращение. На фотобарабане лазер принтера засвечивает области, на которые магнитному валу необходимо нанести тонер. Срок службы фотобарабана зависит от используемых тонера и бумаги.",,,,,,,,,,,,,,,,,,,,"ML-D3050A, SCX-D5530A, 106R01245, 106R01411","Samsung ML-3050, 3051N, 3051ND, SCX-5330N, 5530FN, Xerox Phaser 3428, 3300MFP, Dell 1815",,Asia,,,,,,,,,,,,,,,,,,,,,,,,,,,,,,,,,
400000016877,"Вал заряда  совместим. для лазерных принтеров Samsung ML-2165, SCX-3400, Китай",,,10,0,92.24,100.25,"Вал заряда для лазерных принтеров Samsung ML-2165, SCX-3400. Вал первичного заряда представляет собой металлическую ось, заключенную в резиновую оболочку. PCR имеют разное строение резинового слоя. Основная задача этой детали зарядка фотобарабана однородным отрицательным зарядом. В некоторых картриджах PCR выполняет функцию своеобразного дворника - очищает фотобарабан от остатков тонера и бумажной пыли. PCR также стирает остаточный заряд, который остался на фотобарабане от предыдущей зарядки. Вал первичного заряда подвержен сильному загрязнению бумажной пылью, поэтому требует регулярной и тщательной чистки.",,,,,,,,,,,,,,,,,,,,,"Samsung ML-2165, SCX-3400",,Boost,,,,,,,,,,,,http://www.boosttechnologies.ru,,,,,,,,D101,,,,,,,,,,,,,
400000031587,"Шестерня привода (Screw Drive Gear/Right 16T) оригинал. для Konica Minolta C6000/C6000L, A03U389301",,,2,0,650.0,650.01,Konica Minolta Bizhub Press C6000/Bizhub PRO C6000L,Шестерня привода,Screw Drive Gear/Right 16T,Konica Minolta,оригинальный,не предусмотрено,нет данных,не предусмотрено,A03U389301,не предусмотрено,Konica Minolta Bizhub Press C6000/Bizhub PRO C6000L,C6000/C6000L,Konica Minolta Bizhub Press C6000/Bizhub PRO C6000L,Формирование изображения,"Подшипники, шестерни, втулки","3, грамм",Гарантия на данный товар не предоставляется,,,,,,,,,,,,,,,,,,,,,,,,,,,,,,,,,,,,,,,,
400000033201,"Картридж оригинал. Konica Minolta/Develop TN-616Y A1U9230/A1U9250, для цветных лазерных принтеров C6000/C7000, желтый (yellow), 31000стр A4",,,10,0,5790.0,5789.99,"Bizhub Press C6000, C7000, C7000PBizhub Pro C6000L",Картридж,,Konica Minolta/Develop,оригинальный,,31000,,,"A1U9252, A1U9232, A1U9230, A1U9253, A1U9230, A1U9260, A1U92D2, A1U92D3","Konica Minolta Bizhub Press C6000, C7000, C7000P, Bizhub Pro C6000L",C6000/C7000,Konica Minolta Bizhub Press C6000 C6000L C7000 C7000P 6000 C 6000L 7000 7000P Коника Минольта Минолта Бизхуб Бицхаб Пресс replenisher туба флакон порошок краска,,,"962, грамм",10 месяцев,,,,,,,,TN-616Y,A1U92D0,A1U9230,A1U9250,желтый (yellow),для цветных лазерных принтеров,630,,Япония,,,,,,,,,,,,,,,,,,,,,,,,
400000031515,"Девелопер (Developer) оригинал. DV-614K для Konica Minolta C1060/C4080, черный (black), A3VX600",,,2,0,19990.0,19990.01,"Konica Minolta AccurioPress C2060, C2070, C2070P, C3070, C3080, C3080P;AccurioPrint C2060L, C3070L;Bizhub Press C1060, C1070, C1070P, C71hc;Bizhub Pro C1060L",Девелопер,Developer,Konica Minolta,оригинальный,DV-614K,1200000,черный (black),A3VX600,не предусмотрено,"Konica Minolta AccurioPress C2060, C2070, C2070P, C3070, C3080, C3080P; AccurioPrint C2060L, C3070L; Bizhub Press C1060, C1070, C1070P, C71hc; Bizhub Pro C1060L",C1060/C4080,"Konica Minolta AccurioPress Accurio Press C2060, C2070, C2070P, C3070, C3080, C3080P; AccurioPrint Print C2060L, C3070L; Bizhub Press C1060, C1070, C1070P, C71hc; Bizhub Pro C1060L",Формирование изображения,Девелоперы,"739, грамм",Гарантия на данный товар не предоставляется,,,,,,,,,,,,,,,,,,,,,,,,,,,,,,,,,,,,,,,,
400000030642,"Фотобарабан  совместим. для лазерных принтеров Brother HL 2030R, 2040R, 2070NR, Китай",,,43,0,194.14,211.02,"Фотобарабан для принтеров Brother HL 2030R, 2040R, 2070NR, DCP 7010R, 7025R, MFC 7420R, 7820NR, FAX 2825R, 2920R",Фотобарабан,,Китай,совместимый,"Brother HL 2030R, 2040R, 2070NR",нет данных,не предусмотрено,,,,,"Brother HL 2030R, 2040R, 2070NR, DCP 7010R, 7025R, MFC 7420R, 7820NR, FAX 2825R, 2920R",,,"50, грамм",Гарантия на данный товар не предоставляется,RST,Brother TN 2075,Фотобарабаны,,,,,,,,,,,,,,,,,,,,,,,,,,,,,,,,,,,,,
400000031576,"Чип тонер-картриджа совместим. 006R01532 для Xerox C550/C570, голубой (cyan)",,,18,0,200.0,200.0,"Xerox Color C550, C560, C570",Чип тонер-картриджа,не предусмотрено,Xerox,совместимый,006R01532,нет данных,голубой (cyan),не предусмотрено,не предусмотрено,"Xerox Color C550, C560, C570",C550/C570,Xerox Color Colour C550 C560 C570,Прочее,Чипы,"1, грамм",Гарантия на данный товар не предоставляется,CB,,,,,,,,,,,,,,,,,,,,,,,,,,,,,,,,,,,,,,,
400000021563,"Чип тонер-картриджа  совместим. для лазерных принтеров Oki C810/830 (44059118/44059106), пурпурный (magenta), 8000стр A4, Tonex",,,1,0,226.46,268.03,"Чип для принтеров Oki C810, C830, Чип для картриджа — микросхема памяти, на которой записаны характеристики картриджа. Количество израсходованного тонера, подсчитанное чипом, лишь приблизительно и на момент когда, согласно подсчету, тонер израсходован и печать блокируется, картридж содержит еще около 30% тонера. Таким образом, замена чипа позволяет значительно сэкономить на расходных материалах лазерного принтера.",,,,,,,,,,,,,,,,,,,,"Oki C810, C830","Oki C810, C830",,tonex,,,,,,,,,,,,,универсальный,,,,,,,,,,,,,,,,,,,,
400000031675,"Блок девелопера (Developer Unit) оригинал. DV-619C для Konica Minolta C458/С658, голубой (cyan), A9C80KD",,,4,0,23990.0,23990.0,"Konica Minolta Bizhub C458, C558, C658",Блок девелопера,Developer Unit,Konica Minolta,оригинальный,DV-619C,600000,голубой (cyan),A9C80KD,не предусмотрено,"Konica Minolta Bizhub C458, C558, C658",C458/С658,Konica Minolta Bizhub C458 C558 C658 C 458 C 558 C 658 Минолта Минольта бизхаб бицхаб носитель носителя проявка проявки проявления проявитель узел юнит,Формирование изображения,Блок девелопера,"1417, грамм",Гарантия на данный товар не предоставляется,,,,,,,,,,,,,,,,,,,,,,,,,,,,,,,,,,,,,,,,
400000016080,"Картридж совместимый для цветных лазерных принтеров Canon и HP, RTC CB542A/CE322A/Y, желтый (yellow), с чипом, 1400стр A4, Булат 7Q",,,1,0,811.96,882.56,"Желтый тонер-картридж для принтеров HP Color CP 1210, 1215, 1217, 1510, 1515, 1518, CM 1300, 1312, CM1312NFI, CP1525nw, CM1415fnw,Canon LBP 5050, 5050N, iC MF8030, 8050, 8080cw, заменяющий оригинальные картриджи HP CB542A, CE322A, CF212A, Canon C716, C731H yellow. Тонеры компании Булат для картриджей лазерных принтеров производятся из современного сырья. Это полимеры, применение которых позволяет использовать тонеры в тонер-картриджах для новых скоростных принтеров и копиров. Это магнетиты и зарядорегуляторы, позволяющие получать стабильные результаты качества печати. Все это, плюс технологические приемы, направленные на улучшение структуры и формы частиц тонера, позволяют получить продукт стабильного качества. Все стадии производства тонеров проходят жесткий технологический контроль, готовый продукт всесторонне тестируется. Более 20 параметров подлежат проверке. Компания Булат проводит исследование тонеров во взаимодействии с другими расходными материалами: фотобарабанами, валами первичного заряда и т. д. для наиболее эффективного использования формулировок в дальнейшем.",,,,,,,,,,,,,,,,,,,,,,,Булат,,,,,,,,,,,,http://www.bulatgroup.ru,,RTC CB542A/CE322A/CF212a/C716/C731H с чипом,yellow (желтый),"HP CB542A, CE322A, CF212A, Canon C716, C731H yellow","HP Color CP 1210, 1215, 1217, 1510, 1515, 1518, CM 1300, 1312, CM1312NFI, CP1525nw, CM1415fnw,Canon LBP 5050, 5050N, iC MF8030, 8050, 8080cw",1400,,,,,,,,,,,,,,,
400000015018,"Чип тонер-картриджа  совместим. для лазерных принтеров Xerox Phaser 6000/6010 106R01634, черный (black), 2000стр A4, Китай",,,4,0,30.59,32.26,"Чип для лазерного принтера Xerox Phaser 6000, 6010. Чип для лазерного картриджа — микросхема памяти, на которой записаны характеристики картриджа. Количество израсходованного тонера, подсчитанное чипом, лишь приблизительно и на момент когда, согласно подсчету, тонер израсходован и печать блокируется, картридж содержит еще около 30% тонера. Таким образом, замена чипа позволяет значительно сэкономить на расходных материалах лазерного принтера.",,,,,,,,,,,,,,,,,,,,"106R01630, 106R01634",,,Static Control,,,,,,,,,,,,,,,,,,,,,"Xerox Phaser 6000, 6010",,,,,,,,,,,,
400000032629,"Ролик переноса изображения второй в сборе (2nd BTR Bias Transfer Roller Assembly) оригинал. для Xerox C75/J75, 059K79310",,,1,0,35990.0,35990.0,"Xerox Color C75, J75;Digital Color Press DC700, DC700i, DC770;",Ролик переноса изображения второй в сборе,2nd BTR Bias Transfer Roller Assembly,Xerox,оригинальный,не предусмотрено,300000,не предусмотрено,059K79310,"055K55903, 059K55900, 059K55901, 059K55902, 059K55903, 059K55904, 059K55905, 059K55906, 059K55907, 059K55908, 059K55909, 059K6839, 059K78320, 059K78321, 059K78322, 059K78323, 059K79310, 059K79311, 059K79312, 059K79313, 059K79314, 059К79312, 544P24849,  544P25231, 641S00706, 641S01058, 859K07840","Xerox Color Press C75, J75; Digital Color Press DC700, DC700i, DC770;",C75/J75,Вал вторичного переноса Вал для вторичного переноса Вал переноса изображения Второй ролик переноса Ролик вторичного переноса Ролик второго переноса изображения Ролик второго BTR модуля Ролик для передачи изображения Ролик для переноса тонера Ролик для печати Ролик переноса изображения Ролик трансферного узла Ролик финального переноса Ролик BTR Трансферный ролик Узел второго переноса assy в сборе узел переноса узел ролика 2-го переноса блок второго переноса BTR ролик BTR Assembly Image Transfer Roller Second Transfer Roller Secondary Transfer Roller Xerox Color Press C75 J75 colour ксерокс колор калор пресс прес диджитал дижитал дигитал,Перенос изображения,Ролики переноса,"3121, грамм",Гарантия на данный товар не предоставляется,,,,,,,,,,,,,,,,,,,,,,,,,,,,,,,,,,,,,,,,
400000012655,"Картридж совместимый для ч/б лазерных принтеров Xerox и Samsung, RTC ML-1710, черный (black), с чипом, 2500стр A4, Булат 7Q",,,1,0,865.55,940.82,"Черный тонер-картридж для принтеров Samsung ML1500, ML1510, ML1520, ML1710, ML1740, ML1750, ML1755S, SCX4100, SCX4216F, Xerox Phaser 3130, Xerox WorkCentre PE1, заменяющий оригинальные картриджи ML-1710D2, 109R00725.Тонеры компании Булат для картриджей лазерных принтеров производятся из современного сырья. Это полимеры, применение которых позволяет использовать тонеры в тонер-картриджах для новых скоростных принтеров и копиров. Это магнетиты и зарядорегуляторы, позволяющие получать стабильные результаты качества печати. Все это, плюс технологические приемы, направленные на улучшение структуры и формы частиц тонера, позволяют получить продукт стабильного качества. Все стадии производства тонеров проходят жесткий технологический контроль, готовый продукт всесторонне тестируется. Более 20 параметров подлежат проверке. Компания Булат проводит исследование тонеров во взаимодействии с другими расходными материалами: фотобарабанами, валами первичного заряда и т. д. для наиболее эффективного использования формулировок в дальнейшем.",,,,,,,,,,,,,,,,,,,,,,,Булат,,,,,,,,,,,,http://www.bulatgroup.ru,,RTC ML-1710 с чипом,black (черный),"ML-1710D2, 109R00725",,2500,,,,,,,,,"Samsung ML1500, ML1510, ML1520, ML1710, ML1740, ML1750, ML1755S, SCX4100, SCX4216F, Xerox Phaser 3130, Xerox WorkCentre PE1",,,,,,
400000031574,"Чип тонер-картриджа совместим. 006R01530 для Xerox C550/C570, желтый (yellow)",,,25,0,200.0,200.0,"Xerox Color C550, C560, C570",Чип тонер-картриджа,не предусмотрено,Xerox,совместимый,006R01530,нет данных,желтый (yellow),не предусмотрено,не предусмотрено,"Xerox Color C550, C560, C570",C550/C570,Xerox Color Colour C550 C560 C570,Прочее,Чипы,"1, грамм",Гарантия на данный товар не предоставляется,CB,,,,,,,,,,,,,,,,,,,,,,,,,,,,,,,,,,,,,,,
400000033096,"Фотобарабан  совместим. для лазерных принтеров НР LJ 1010, 1012, 1015, 3015, NetProduct",,,25,0,95.86,104.2,,Фотобарабан,,NetProduct,совместимый,"НР LJ 1010, 1012, 1015, 3015",нет данных,не предусмотрено,,,,,"HP LJ 1010, 1012, 1015, 1018, 1020, 1022, 3015, 3020, 3030, 3050, 3052, 3055, М1005, M1319f, Canon 703, Canon 724, LBP6750Dn, Hiper P-1120, Hiper M-1005, Cactus CS-LP1120B",,,"42, грамм",Гарантия на данный товар не предоставляется,NetProduct,Q2612A,Фотобарабаны,,,,,,,,,,,,,,,,,,,,,,,,,,,,,,,,,,,,,
400000032627,"Чип для лазерных принтеров Xerox Versant 2100 и картриджей 006R01634, черный (black)",,,239,0,110.0,110.0,,,,,,,,,,,,,,,,"1, грамм",Гарантия на данный товар не предоставляется,,,,,,,,,,,,,,,,,,,,,,,,,,,,,,,,,,,,,,,,
400000018144,"Картридж совместимый для цветных лазерных принтеров Canon и HP, RTC CE412A/CF328A/CC532A, желтый (yellow), с чипом, 2800стр A4, Булат 7Q",,,1,0,865.55,940.82,"Желтый тонер-картридж для принтеров HP LJ Pro Color 300 M351, M375, 400 M451, M475, заменяющий оригинальные картриджи HP CE412A.Тонеры компании Булат для картриджей лазерных принтеров производятся из современного сырья. Это полимеры, применение которых позволяет использовать тонеры в тонер-картриджах для новых скоростных принтеров и копиров. Это магнетиты и зарядорегуляторы, позволяющие получать стабильные результаты качества печати. Все это, плюс технологические приемы, направленные на улучшение структуры и формы частиц тонера, позволяют получить продукт стабильного качества. Все стадии производства тонеров проходят жесткий технологический контроль, готовый продукт всесторонне тестируется. Более 20 параметров подлежат проверке. Компания Булат проводит исследование тонеров во взаимодействии с другими расходными материалами: фотобарабанами, валами первичного заряда и т. д. для наиболее эффективного использования формулировок в дальнейшем.",,,,,,,,,,,,,,,,,,,,,,,Булат http://www.bulatgroup.ru,,,,,,,,,,,,,,RTC CE412A Y,yellow (желтый),HP CE412A,"HP LJ Pro Color 300 M351, M375, 400 M451, M475",2600,,,,,,,,,,,,,,,
400000033712,"Картридж оригинал. Ricoh 828533/828495, для цветных лазерных принтеров C7200/C7210, желтый (yellow), 45000стр A4",,,2,0,13390.0,13390.0,"Ricoh Pro C7200S, C7200SX, C7200X, C7210S, C7210SX, C7210X",Картридж,,Ricoh,оригинальный,,45000,,,"60-0402, 828499, 828586","Ricoh Pro C7200S, C7200SX, C7200X, C7210S, C7210SX, C7210X",C7200/C7210,Ricoh Pro Про Rico Rikoh Riko Рико Рикох replenisher тонер туба флакон порошок краска картриж С7200 С7210 С 7200 С 7210 C7200S C7200SX C7200X C7210S C7210SX C 7210X C 7200S C 7200SX C 7200X C 7210S C 7210SX C 7210X,,,"2060, грамм",10 месяцев,,,,,,,,не предусмотрено,60-0402,828533,828495,желтый (yellow),для цветных лазерных принтеров,1482,,Япония,,,,,,,,,,,,,,,,,,,,,,,,
400000031668,"Картридж оригинал. Xerox (Fujifilm) 006R01647/CT203443, для цветных лазерных принтеров Versant 80/280, голубой (cyan), 22000стр A4",,,18,0,6780.0,6780.0,Xerox Versant 80/180/280 Press,Картридж,,Xerox (Fujifilm),оригинальный,,22000,,,"006R01639, 006R01643, 006R01846, CT202281, CT202285, CT202289, CT202293, CT202297, CT202301, CT202301","Xerox Versant 80, 180, 280 Press",Versant 80/280,Xerox Versant 80 180 280 v80 v180 v280 Press Ксерокс Версант вёрсант пресс туба тонер порошок краска репленишер replenisher,,,"1340, грамм",10 месяцев,,,,,,,,не предусмотрено,CT203443,006R01647,CT203443,голубой (cyan),для цветных лазерных принтеров,638,695,Япония,,,,,,,,,,,,,,,,,,,,,,,,
400000030269,"Картридж совместимый для ч/б лазерных принтеров Brother, NV-TN-2375T, черный (black), с чипом, 2600стр A4, NVPrint",,,1,0,934.55,1015.82,,Картридж совместимый,,NVPrint,,,2600,,,,,"Brother HL 2300, 2340, 2360, 2365, DCP 2500, 2520, 2540, 2560, MFC 2700, 2720, 2740",,,,"483, грамм",Гарантия на данный товар не предоставляется,,,,,,,,NV-TN-2375T,,,,черный (black),для ч/б лазерных принтеров Brother,,,,с чипом,Brother TN2375,https://nvprint.ru/,,,,,,,,,,,,,,,,,,,,,
400000031613,"Блок девелопера (Developer Unit) оригинал. DV-619K для Konica Minolta C458/С658, черный (black), A9C803D",,,6,0,10990.0,10990.0,"Konica Minolta Bizhub 308e, 368e, 458, 458e, 558, 558e, 658e, C458, C558, C658",Блок девелопера,Developer Unit,Konica Minolta,оригинальный,DV-619K,600000,черный (black),A9C803D,не предусмотрено,"Konica Minolta Bizhub 308e, 368e, 458, 458e, 558, 558e, 658e, C458, C558, C658",C458/С658,Konica Minolta Bizhub 308e 368e 458 458e 558 558e 658e C458 C558 C658 C 458 C 558  Минолта Минольта бизхаб бицхаб носитель носителя проявка проявки проявления проявитель узел юнит,Формирование изображения,Блок девелопера,"1465, грамм",Гарантия на данный товар не предоставляется,,,,,,,,,,,,,,,,,,,,,,,,,,,,,,,,,,,,,,,,
400000033728,"Пружина нейтрализации (Neutralizing Flat Spring Assy) оригинал. для Konica Minolta C1060/C71hc, A50UR73322",,,1,0,590.0,590.0,"AccurioPress C2060, C2070, C2070P;AccurioPrint C2060L;bizhub PRESS C1060, C1070, C1070P, C71cf, C71hc;bizhub PRO C1060LAccurioLabel 190;",Пружина нейтрализации,Neutralizing Flat Spring Assy,Konica Minolta,оригинальный,не предусмотрено,1200000,не предусмотрено,A50UR73322,"A85CR70M00, A50UR73311, A50UR73300, A85C R70M 00","AccurioPress C2060, C2070, C2070P; AccurioPrint C2060L; bizhub PRESS C1060, C1070, C1070P, C71cf, C71hc; bizhub PRO C1060L; AccurioLabel 190",C1060/C71hc,Антистатическая плоская пружина Антистатическая пружина Демпферная пружина статического заряда Деталь системы нейтрализации - пружина Деталь снятия статического заряда Контактная пружина заземления Контактная пружина нейтрализации Нейтрализатор Пластина разрядного механизма Пластинчатая пружина нейтрализации Плоская пружина Плоская пружина нейтрализации Плоская пружина разряда Пружина антистатика Пружина антистатического узла Пружина деионизации Пружина деэлектризации Пружина для нейтрализации статики Пружина для разряда Пружина заземления Пружина коронатора Пружина коронного разряда Пружина нейтрализатора Пружина нейтрализации Пружина разряда Пружина разрядки статики Пружина разрядника Пружина снятия заряда Пружина снятия электрозаряда Пружина статики Пружина электростатического разряда Пружинный контакт нейтрализации Пружинный механизм нейтрализации Пружинный элемент Transfer Unit Элемент нейтрализации Flat Spring для нейтрализации заряда Flat Spring Neutralizer Flat Spring Neutralizing Static Discharge Spring Assy Кoника Минолта Минольта бицхаб бизхаб Акуриолэйбл Аккуриолэйбл Акуриолэйбел Аккуриолэйбел Акуриолэйбэл Аккуриолэйбэл Акурио лэйбл Аккурио лэйбл Акурио лэйбел Аккурио лэйбел Акурио лэйбэл Аккурио лэйбэл Акку Аку Акурио Акуриопресс Аккуриопресс Акуриопрес Аккуриопрес Акурио пресс Аккурио пресс Акурио прес Аккурио прес Акку Аку Акурио Акуриопринт Аккуриопринт Акурио принт Аккурио принт Пресс Прес Про C2060 C 2060 C2070 C 2070 C2070P C 2070P C2060L C 2060L C1060 C 1060 C1070 C 1070 C1070P C 1070P C71cf C 71cf C71hc C 71hc C1060L C 1060L 190 С2060 С2070 С2070Р С2060L С1060 С1070 С1070Р С71cf С71hc С1060L,Закрепление изображения,Узел разряда,"33, грамм",Гарантия на данный товар не предоставляется,,,,,,,,,,,,,,,,,,,,,,,,,,,,,,,,,,,,,,,,
400000031611,"Блок девелопера (Developer Unit) оригинал. DV-512K для Konica Minolta C224/С554, черный (black), A2XN03D",,,1,0,13890.0,13890.0,"Konica Minolta Bizhub 224e, 284e, 364e, 454e, 554e, C224, C224e, C284, C284e, C364, C364e, C454, C454e, C554, C554e",Блок девелопера,Developer Unit,Konica Minolta,оригинальный,DV-512K,600000,черный (black),A2XN03D,не предусмотрено,"Konica Minolta Bizhub 224e, 284e, 364e, 454e, 554e, C224, C224e, C284, C284e, C364, C364e, C454, C454e, C554, C554e",C224/С554,Konica Minolta Bizhub 224e 284e 364e 454e 554e C224 C224e C284 C284e C364 C364e C454 C454e C554 C554e C 224 C 224e C 284 C 284e C 364 C 364e C 454 C454e C 554 C 554e Минолта Минольта бизхаб бицхаб носитель носителя проявка проявки проявления проявитель узел юнит,Формирование изображения,Блок девелопера,"1450, грамм",Гарантия на данный товар не предоставляется,,,,,,,,,,,,,,,,,,,,,,,,,,,,,,,,,,,,,,,,
400000031974,"Чип тонер-картриджа совместим. 006R01531 для Xerox C550/C570, пурпурный (magenta)",,,368,0,200.0,200.0,"Xerox Color C550, C560, C570",Чип тонер-картриджа,не предусмотрено,Xerox,совместимый,006R01531,34000,пурпурный (magenta),не предусмотрено,не предусмотрено,"Xerox Color C550, C560, C570",C550/C570,Xerox Color Colour C550 C560 C570,Прочее,Чипы,"1, грамм",Гарантия на данный товар не предоставляется,JDY,,,,,,,,,,,,,,,,,,,,,,,,,,,,,,,,,,,,,,,
400000031851,"Девелопер (Developer) оригинал. для Xerox WC7525/C8035, голубой (cyan), 675K85040",,,6,0,2890.0,2890.0,"Xerox WorkCentre 7525, 7530, 7535, 7545, 7556, 7830, 7835, 7845, 7855, 7970, 7830i, 7835i, 7845i, 7855i, WC7970i, AltaLink C8030, 8035, 8045, 8055, 8070, Xerox Phaser 7800",Девелопер,Developer,Xerox,оригинальный,не предусмотрено,120000,голубой (cyan),675K85040,675K085040,"Xerox WorkCentre 7525, 7530, 7535, 7545, 7556, 7830, 7835, 7845, 7855, 7970, 7830i, 7835i, 7845i, 7855i, WC7970i, AltaLink C8030, 8035, 8045, 8055, 8070, Xerox Phaser 7800",WC7525/C8035,Xerox WorkCentre WorkCenter Work Centre Center WC7525 WC7530 WC7535 WC7545 WC7556 WC7830 WC7835 WC7845 WC7855 WC7970 проявитель носитель Phaser,Формирование изображения,Девелоперы,"245, грамм",Гарантия на данный товар не предоставляется,,,,,,,,,,,,,,,,,,,,,,,,,,,,,,,,,,,,,,,,
400000020431,"Термопленка  совместим. для лазерных принтеров Canon IR1018, Boost",,,1,0,1127.0,1337.29,"Термопленка для лазерных принтеров Canon IR1018. Термоплёнка — специальный гибкий материал в виде трубки, полностью оборачивающий несущую конструкцию с тонкой и длинной керамической пластинкой, являющейся как раз нагревательным элементом, содержащим в самой структуре керамической пластины, помимо проводников нагревателя, ещё и встроенный низковольтный термодатчик контроля температуры с другой стороны пластины. Термоплёнка в основном своими крайними сторонами опирается и вращается на боковых пластмассовых опорных стойках.",,,,,,,,,,,,,,,,,,,,,,,Boost,,,,,,,,,,,,,,,,,,,,,Canon IR1018,,,термопленка,,,,,,,,,
400000015427,"Фотобарабан  совместим. для лазерных принтеров HP Color CP1215, SGT",,,12,0,105.66,114.85,"Фотобарабан для лазерных принтеров HP CLJ CP1215, 1515, 1518, CM1312 и картриджей СВ540А, СВ541A, СВ542A, СВ543A. Фотобарабан состоит из металлического цилиндра, на который нанесен фотослой. Фотобарабаны различаются размерами и формой шестерен, обеспечивающих его вращение. На фотобарабане лазер принтера засвечивает области, на которые магнитному валу необходимо нанести тонер. Срок службы фотобарабана зависит от используемых тонера и бумаги.",,,,,,,,,,,,,,,,,,,,"СВ540А, СВ541A, СВ542A, СВ543A",,,Asia,,,,,,,,,,,,,,,,,,,,,"HP CLJ CP1215, 1515, 1518, CM1312",,,,,,,,,,,,
400000032940,"Чип фотобарабана совместим. 013R00674 для Xerox Versant 80/2100, черный/желтый/пурпурный/голубой (black/yellow/magenta/cyan)",,,289,0,110.0,110.0,,Чип фотобарабана,не предусмотрено,Xerox,совместимый,013R00674,348000,черный/желтый/пурпурный/голубой (black/yellow/magenta/cyan),не предусмотрено,не предусмотрено,"Xerox Versant 80, 180,180i, 280; 2100, 3100, 3100i, 4100",Versant 80/2100,Xerox Versant 80 180 280 2100 3100 4100 R1/R2/R3/R4 чип микросхема счетчик отпечатков Xerox Ксерокс Versant Версант Вёрсант Версанта драм-картриджа барабан барабаны фотовал фоторецептор фоторецепторы ксерографии драмы,Прочее,Чипы,"1, грамм",Гарантия на данный товар не предоставляется,JND,,,,,,,,,,,,,,,,,,,,,,,,,,,,,,,,,,,,,,,
400000031852,"Девелопер (Developer) оригинал. для Xerox WC7525/C8035, пурпурный (magenta), 675K85050",,,5,0,2890.0,2890.0,"Xerox WorkCentre 7525, 7530, 7535, 7545, 7556, 7830, 7835, 7845, 7855, 7970, 7830i, 7835i, 7845i, 7855i, WC7970i, AltaLink C8030, 8035, 8045, 8055, 8070, Xerox Phaser 7800",Девелопер,Developer,Xerox,оригинальный,не предусмотрено,120000,пурпурный (magenta),675K85050,675K085050,"Xerox WorkCentre 7525, 7530, 7535, 7545, 7556, 7830, 7835, 7845, 7855, 7970, 7830i, 7835i, 7845i, 7855i, WC7970i, AltaLink C8030, 8035, 8045, 8055, 8070, Xerox Phaser 7800",WC7525/C8035,Xerox WorkCentre WorkCenter Work Centre Center WC7525 WC7530 WC7535 WC7545 WC7556 WC7830 WC7835 WC7845 WC7855 WC7970 проявитель носитель Phaser,Формирование изображения,Девелоперы,"245, грамм",Гарантия на данный товар не предоставляется,,,,,,,,,,,,,,,,,,,,,,,,,,,,,,,,,,,,,,,,
400000014786,"Картридж совместимый для ч/б лазерных принтеров Canon и HP, RTC CE278A/728/726, черный (black), с чипом, 2100стр A4, Булат 7Q",,,7,0,386.57,420.19,"Черный тонер-картридж для принтеров HP LJ Pro M1536, P1566, P1606, Canon FAX-L150, L170, L410, i-SENSYS MF-4410, 4430, 4450, 4550, 4570, 4580, 4780, 4890(C728), LBP-6200(C726), заменяющий оригинальные картриджи CE278A, С728, С278. Тонеры компании Булат для картриджей лазерных принтеров производятся из современного сырья. Это полимеры, применение которых позволяет использовать тонеры в тонер-картриджах для новых скоростных принтеров и копиров. Это магнетиты и зарядорегуляторы, позволяющие получать стабильные результаты качества печати. Все это, плюс технологические приемы, направленные на улучшение структуры и формы частиц тонера, позволяют получить продукт стабильного качества. Все стадии производства тонеров проходят жесткий технологический контроль, готовый продукт всесторонне тестируется. Более 20 параметров подлежат проверке. Компания Булат проводит исследование тонеров во взаимодействии с другими расходными материалами: фотобарабанами, валами первичного заряда и т. д. для наиболее эффективного использования формулировок в дальнейшем.",,,,,,,,,,,,,,,,,,,,,,,Булат,,,,,,,,,,,,http://www.bulatgroup.ru,,"RTC CE278A/Cannon 728/726, с чипом",black (черный),"CE278A, С728, С726","HP LaserJet Pro M1536, P1566, P1606, Canon FAX-L150, L170, L410, i-SENSYS MF4410, MF4430, MF4450, MF4550, MF4570, MF4580, MF4780, MF4890(C728), LBP-6200(C726)",2100,,,,,,,,,,,,,,,
400000022938,"Чип тонер-картриджа  совместим. для лазерных принтеров Xerox WC 5325\5330\5335(006R01160), черный (black), 30000стр A4, Tonex",,,1,0,326.51,386.56,"Чип для лазерных принтеров Xerox WorkCentre 5325, 5330, 5335 и картриджей 006R01160. Чип для лазерного картриджа — микросхема памяти, на которой записаны характеристики картриджа. Количество израсходованного тонера, подсчитанное чипом, лишь приблизительно и на момент когда, согласно подсчету, тонер израсходован и печать блокируется, картридж содержит еще около 30% тонера. Таким образом, замена чипа позволяет значительно сэкономить на расходных материалах лазерного принтера.",,,,,,,,,,,,,,,,,,,,006R01160,,,Tonex,,,,,,,,,,,,,,,,,,,,,"Xerox WorkCentre 5325, 5330, 5335",,,,,,,30000,,,,,
400000031977,"Чип тонер-картриджа совместим. 006R01660 для Xerox C60/C70, голубой (cyan)",,,343,0,200.0,200.0,"Xerox Color C60, C70",Чип тонер-картриджа,не предусмотрено,Xerox,совместимый,006R01660,34000,голубой (cyan),не предусмотрено,не предусмотрено,"Xerox Color C60, C70",C60/C70,Xerox Color Colour C60 C70,Прочее,Чипы,"1, грамм",Гарантия на данный товар не предоставляется,JDY,,,,,,,,,,,,,,,,,,,,,,,,,,,,,,,,,,,,,,,
400000033692,"Картридж оригинал. Ricoh 828515/828511, для цветных лазерных принтеров C9200/C9210, желтый (yellow), 48000стр A4",,,20,0,11690.0,11690.0,,Картридж,,Ricoh,оригинальный,,48000,,,828570,"Ricoh Pro C9200, C9210",C9200/C9210,Ricoh Pro Про Rico Rikoh Riko Рико Рикох replenisher тонер туба флакон порошок краска картриж С9200 С9210 С 9200 С 9210,,,"2060, грамм",10 месяцев,,,,,,,,не предусмотрено,828570,828515,828511,желтый (yellow),для цветных лазерных принтеров,1482,,Япония,,,,,,,,,,,,,,,,,,,,,,,,
400000032700,"Чип тонер-картриджа совместим. для Samsung 1910/2580/4600, черный (black), S-MLTD105L EX",,,30,0,80.0,80.0,Для MLT-D105L,Чип тонер-картриджа,,Samsung,совместимый,не предусмотрено,2500,черный (black),,,,,ДЛЯ,,,"1, грамм",Гарантия на данный товар не предоставляется,JDY,,,,,,,,,,,,,,,,,,,,,,,,,,,,,,,,,,,,,,,
400000024837,"Фотобарабан  совместим. для лазерных принтеров HP M402, SGT",,,1,0,149.09,162.05,"Фотобарабан для лазерных принтеров HP LaserJet Pro M402, M426, M102, M527, M506, M501, использ. в картриджах HP CF226a. Фотобарабан состоит из металлического цилиндра, на который нанесен фотослой. Фотобарабаны различаются размерами и формой шестерен, обеспечивающих его вращение. На фотобарабане лазер принтера засвечивает области, на которые магнитному валу необходимо нанести тонер. Срок службы фотобарабана зависит от используемых тонера и бумаги.",,,,,,,,,,,,,,,,,,,,CF226A,"HP LaserJet Pro M402, MFP426","в сборе, шестерня правая",Asia,,,,,,,,,,,,,,,,,,,,,,,,,,,,,,,,,
400000002803,"Фотобарабан  совместим. для лазерных принтеров HP CLJ 4700/CP4005, Alpha",,,2,0,296.49,367.11,"Фотобарабан для лазерных принтеров HP CLJ 4700, 4730, CP4005 и картриджей Q5950A. Фотобарабан состоит из металлического цилиндра, на который нанесен фотослой. Фотобарабаны различаются размерами и формой шестерен, обеспечивающих его вращение. На фотобарабане лазер принтера засвечивает области, на которые магнитному валу необходимо нанести тонер. Срок службы фотобарабана зависит от используемых тонера и бумаги.",,,,,,,,,,,,,,,,,,,,Q5950A,"HP CLJ 4700, 4730, CP4005",,Alpha,,,,,,,,,,,,,,,,,,,,,,,,,,,,,,,,,
400000031940,"Чип тонер-картриджа совместим. 006R01529 для Xerox C550/C570, черный (black)",,,51,0,200.0,200.0,"Xerox Color C550, C560, C570",Чип тонер-картриджа,не предусмотрено,Xerox,совместимый,006R01529,30000,черный (black),не предусмотрено,не предусмотрено,"Xerox Color C550, C560, C570",C550/C570,Xerox Color Colour C550 C560 C570,Прочее,Чипы,"1, грамм",Гарантия на данный товар не предоставляется,ZHN,,,,,,,,,,,,,,,,,,,,,,,,,,,,,,,,,,,,,,,
400000031365,"Печной ремень (Fusing Belt) оригинал. для Konica Minolta C1085/C6085, A5AW720301",,,4,0,53390.0,53390.0,"Konica Minolta AccurioPress C6085, C6100;Bizhub Press C1085, C1100",Печной ремень,Fusing Belt,Konica Minolta,оригинальный,не предусмотрено,1050000,не предусмотрено,A5AW720301,A5AW720300,"Konica Minolta AccurioPress C6085, C6100; Bizhub Press C1085, C1100",C1085/C6085,Печной ремень Fusing Belt Лента для запекания тонера Лента для печки Лента термозакрепления Нагревательная лента Нагревательный ремень Плёнка печки Ремень для запекания Ремень для термоблока Ремень для фиксации изображения Ремень для фьюзера Ремень печки Ремень термоблока Ремень фьюзера Термолента Термопленка Терморемень Фьюзерная лента Фьюзерный ремень Fuser Film Fuser Heat Belt Fusing film Heat Belt Thermal Belt оригинал Кoника Konica Conika Konika AccurioPress Акку Аку Акурио Акуриопресс Аккуриопресс Акуриопрес Аккуриопрес Акурио пресс Аккурио пресс Акурио прес Аккурио прес Bizhub бицхаб бизхаб Press Прес C6085 C6100 C1085 C1100 C 6085 C 6100 C 1085 C 1100 С6085 С6100 С1085 С1100,Закрепление изображения,Печные валы и ремни,"1100, грамм",Гарантия на данный товар не предоставляется,,,,,,,,,,,,,,,,,,,,,,,,,,,,,,,,,,,,,,,,
400000029494,"Картридж оригинал. Konica Minolta TN512M A33K352/A33K392, для цветных лазерных принтеров C454/C554, пурпурный (magenta), 26000стр A4",,,3,0,4790.0,4790.0,"Оригинальный черный тонер-картридж TN512M для использования с принтерами Konica Minolta Bizhub C454, C454e, C554, C554e. Ресурс картриджа составляет около 26 000 страниц.",Картридж,,Konica Minolta,оригинальный,,26000,,,A33K292G,"Konica-Minolta Bizhub C454, C454e, C554, C554e",C454/C554,Konica Minolta bizhub C454 C454e C554 C554e C 454 C 454e C 554 C 554e Коника Минолта Минольта Бизхаб Бицхаб replenisher тонер туба флакон порошок краска картриж тонер-картридж,,,"700, грамм",10 месяцев,,,,,,,,TN512M,A33K392G,A33K352,A33K392,пурпурный (magenta),для цветных лазерных принтеров,"502,3",,Япония,,,,,,,,,,,,,,,,,,,,,,,,
400000019401,"Картридж совместимый для ч/б лазерных принтеров Kyocera, TK-1110, черный (black), с чипом, 2500стр A4, Булат",,,6,0,368.09,400.1,"Черный тонер-картридж для принтеров KyoceraMita FS 1040, заменяющий оригинальный картридж TK 1110.Тонеры компании Булат для картриджей лазерных принтеров производятся из современного сырья. Это полимеры, применение которых позволяет использовать тонеры в тонер-картриджах для новых скоростных принтеров и копиров. Это магнетиты и зарядорегуляторы, позволяющие получать стабильные результаты качества печати. Все это, плюс технологические приемы, направленные на улучшение структуры и формы частиц тонера, позволяют получить продукт стабильного качества. Все стадии производства тонеров проходят жесткий технологический контроль, готовый продукт всесторонне тестируется. Более 20 параметров подлежат проверке. Компания Булат проводит исследование тонеров во взаимодействии с другими расходными материалами: фотобарабанами, валами первичного заряда и т. д. для наиболее эффективного использования формулировок в дальнейшем.",,,,,,,,,,,,,,,,,,,,,,,Булат http://www.bulatgroup.ru,,,,,,,,,,,,,,TK 1110,black (черный),TK 1110,KyoceraMita FS 1040,2500,,,,,,,,,,,,,,,
400000027209,"Картридж совместимый для ч/б лазерных принтеров Pantum, 7Q-PC-211EV, черный (black), с чипом, 1600стр A4, Булат E-Line",,,10,0,630.3,685.11,,Картридж совместимый,,Булат E-Line,,,1600,,,,,"Pantum P2200, P2207, P2500, P2507, M6500, M6550, M6607",,,,"120, грамм",Гарантия на данный товар не предоставляется,,,,,,,,7Q-PC-211EV,,,,черный (black),для ч/б лазерных принтеров Pantum,,,,с чипом,PC-211EV,https://bulat-group.ru,,,,,,,,,,,,,,,,,,,,,
400000024114,"Картридж оригинал. Konica Minolta TN-616C A1U9430/A1U9450, для цветных лазерных принтеров C6000/C7000, голубой (cyan), 31000стр A4",,,15,0,5900.0,5899.99,"Bizhub Press C6000, C7000, C7000PBizhub Pro C6000L",Картридж,,Konica Minolta,оригинальный,,31000,,,"A1U9452, A1U9430, A1U9432, A1U9433, A1U9453, A1U9460, A1U94D0, A1U94D2, A1U94D3","Konica Minolta Bizhub Press C6000, C7000, C7000P, Bizhub Pro C6000L",C6000/C7000,Konica Minolta Bizhub Press C6000 C6000L C7000 C7000P 6000 C 6000L 7000 7000P Коника Минольта Минолта Бизхуб Бицхаб Пресс replenisher туба флакон порошок краска,,,"957, грамм",10 месяцев,,,,,,,,TN-616C,A1U9450,A1U9430,A1U9450,голубой (cyan),для цветных лазерных принтеров,630,,Япония,,,,,,,,,,,,,,,,,,,,,,,,
400000032500,Палец отделения печного ремня (Picker finger for Fusing film) совместим. для Konica Minolta С454,,,20,0,490.0,490.0,"Konica Minolta Bizhub C224, C224e, C226, C258, C284, C284e, C308, C364, C364e, C368, C454, C454e; 306, 368, 454e",Палец отделения печного ремня,Picker finger for Fusing film,Konica Minolta,совместимый,не предусмотрено,нет данных,не предусмотрено,не предусмотрено,не предусмотрено,"Konica Minolta Bizhub C224, C224e, C226, C258, C284, C284e, C308, C364, C364e, C368, C454, C454e; 306, 368, 454e",С454,"Konica Minolta Bizhub C224, C224e, C226, C258, C284, C284e, C308, C364, C364e, C368, C454, C454e; 306, 368, 454e",Закрепление изображения,Пальцы и пластины отделения,"1, грамм",Гарантия на данный товар не предоставляется,NK,,,,,,,,,,,,,,,,,,,,,,,,,,,,,,,,,,,,,,,
400000031113,"Картридж оригинал. Xerox (Fuji Xerox) 006R01695/CT202244, для цветных лазерных принтеров SC2020, пурпурный (magenta), 3000стр A4",,,2,0,3200.0,3200.01,Xerox DocuCenter SC2020,Картридж,,Xerox (Fuji Xerox),оригинальный,,3000,,,"CT202248, CT202954,  CT203022","Xerox DocuCentre SC2020, SC2022",SC2020,Xerox DocuCentre DocuCenter Docu Centre Center SC2020 SC2022 докуцентр CT202957 CT202408,,,"400, грамм",10 месяцев,,,,,,,,не предусмотрено,CT202244,006R01695,CT202244,пурпурный (magenta),для цветных лазерных принтеров,57,нет данных,Япония,,,,,,,,,,,,,,,,,,,,,,,,
400000018135,"Картридж совместимый для ч/б лазерных принтеров Kyocera, TK-130, черный (black), с чипом, 7200стр A4, Булат S-Line",,,1,0,466.44,505.88,"Черный тонер-картридж для принтеров FS1300, 1350, 1028MFP, 1128 заменяющий оригинальные картриджи TK 130. Тонеры компании Булат для картриджей лазерных принтеров производятся из современного сырья. Это полимеры, применение которых позволяет использовать тонеры в тонер-картриджах для новых скоростных принтеров и копиров. Это магнетиты и зарядорегуляторы, позволяющие получать стабильные результаты качества печати. Все это, плюс технологические приемы, направленные на улучшение структуры и формы частиц тонера, позволяют получить продукт стабильного качества. Все стадии производства тонеров проходят жесткий технологический контроль, готовый продукт всесторонне тестируется. Более 20 параметров подлежат проверке. Компания Булат проводит исследование тонеров во взаимодействии с другими расходными материалами: фотобарабанами, валами первичного заряда и т. д. для наиболее эффективного использования формулировок в дальнейшем.",,,,,,,,,,,,,,,,,,,,,,,Булат,,,,,,,,,,,,http://www.bulatgroup.ru,,TK 130,black (черный),ТК 130,"Kyocera FS1028mfp, FS1128mfp, FS1300d, FS1350dn",7200,,,,,,,,,,,,,,,
400000019642,"Картридж совместимый для ч/б лазерных принтеров Brother, RTC TN2275/2090, черный (black), с чипом, 2600стр A4, Булат 7Q",,,2,0,538.84,585.7,"Черный тонер-картридж для принтеров Brother HL 2132, 2230, 2240, 2250, 2270, DCP 7057, 7060, 7065, 7070, MFC7360, 7860 заменяющий оригинальные картриджи TN2275, 2090. Тонеры компании Булат для картриджей лазерных принтеров производятся из современного сырья. Это полимеры, применение которых позволяет использовать тонеры в тонер-картриджах для новых скоростных принтеров и копиров. Это магнетиты и зарядорегуляторы, позволяющие получать стабильные результаты качества печати. Все это, плюс технологические приемы, направленные на улучшение структуры и формы частиц тонера, позволяют получить продукт стабильного качества. Все стадии производства тонеров проходят жесткий технологический контроль, готовый продукт всесторонне тестируется. Более 20 параметров подлежат проверке. Компания Булат проводит исследование тонеров во взаимодействии с другими расходными материалами: фотобарабанами, валами первичного заряда и т. д. для наиболее эффективного использования формулировок в дальнейшем.",,,,,,,,,,,,,,,,,,,,,,,Булат,,,,,,,,,,,,http://www.bulatgroup.ru,,RTC TN2275/2090,black (черный),"Brother TN2275, 2090","Brother HL 2132, 2230, 2240, 2250, 2270, DCP 7057, 7060, 7065, 7070, MFC7360, 7860",2600,,,,,,,,,,,,,,,
400000023293,"Картридж совместимый для ч/б лазерных принтеров Canon и HP, RTC CE505A/280A, черный (black), с чипом, 2700стр A4, Булат 7Q",,,4,3,697.74,758.41,"Черный тонер-картридж для принтеров HP LaserJet 2035,2055, Canon LBP6300, LBP6650, LBP6670, LBP6680, MF5840, MF5880, MF5940, MF5980, заменяющий оригинальные картриджи CE505A. Тонеры компании Булат для картриджей лазерных принтеров производятся из современного сырья. Это полимеры, применение которых позволяет использовать тонеры в тонер-картриджах для новых скоростных принтеров и копиров. Это магнетиты и зарядорегуляторы, позволяющие получать стабильные результаты качества печати. Все это, плюс технологические приемы, направленные на улучшение структуры и формы частиц тонера, позволяют получить продукт стабильного качества. Все стадии производства тонеров проходят жесткий технологический контроль, готовый продукт всесторонне тестируется. Более 20 параметров подлежат проверке. Компания Булат проводит исследование тонеров во взаимодействии с другими расходными материалами: фотобарабанами, валами первичного заряда и т. д. для наиболее эффективного использования формулировок в дальнейшем.",,,,,,,,,,,,,,,,,,,,,,,Булат,,,,,,,,,,,,http://www.bulatgroup.ru,,RTC CE505A/280A,black (черный),"CE505A, 280A",,2700,,,,,,,,,"HP LaserJet 2035,2055, Canon LBP6300, LBP6650, LBP6670, LBP6680, MF5840, MF5880, MF5940, MF5980",,,,,,
400000024116,"Картридж оригинал. Konica Minolta TN-616K A1U9130/A1U9150, для цветных лазерных принтеров C6000/C7000, черный (black), 41500стр A4",,,1,0,5390.0,5390.0,"Bizhub Press C6000, C7000, C7000PBizhub Pro C6000L",Картридж,,Konica Minolta,оригинальный,,41500,,,"A1U9152, A1U9132, A1U9133, A1U9153, A1U9160, A1U91D0, A1U91D2, A1U91D3","Konica Minolta Bizhub Press C6000, C7000, C7000P, Bizhub Pro C6000L",C6000/C7000,Konica Minolta Bizhub Press C6000 C6000L C7000 C7000P 6000 C 6000L 7000 7000P Коника Минольта Минолта Бизхуб Бицхаб Пресс replenisher туба флакон порошок краска,,,"1156, грамм",10 месяцев,,,,,,,,TN-616K,A1U9150,A1U9130,A1U9150,черный (black),для цветных лазерных принтеров,820,,Япония,,,,,,,,,,,,,,,,,,,,,,,,
400000031514,"Девелопер (Developer) оригинал. DV-616Y для Konica Minolta C1085/C6085, желтый (yellow), A5E7700",,,3,0,23690.0,23690.0,"Konica Minolta Bizhub Press C1085, C1100;Konica Minolta AccurioPress C6085, C6100",Девелопер,Developer,Konica Minolta,оригинальный,DV-616Y,850000,желтый (yellow),A5E7700,не предусмотрено,"Konica Minolta Bizhub Press C1085, C1100; AccurioPress C6085, C6100",C1085/C6085,Konica Minolta Bizhub Press C1085 C1100 C 1085 C 1100 AccurioPress Accurio Acurio C6085 C6100 C 6085 C 6100 Коника Минолта Минольта бизхаб бицхаб пресс про акку пресс аккурио акурио акуриопресс девелопер проявитель проявителя проявка,Формирование изображения,Девелоперы,"737, грамм",Гарантия на данный товар не предоставляется,,,,,,,,,,,,,,,,,,,,,,,,,,,,,,,,,,,,,,,,
400000031823,"Ролик подачи бумаги (Paper Feed/Separation Roller) оригинал. для Konica Minolta LU-202/PF-601/PF-602, A03X565300",,,17,0,790.0,790.0,"Данный ролик предназначен для опций Больших кассет с раздувом стопы Konica Minolta LU-202, PF-601, PF-602",Ролик подачи бумаги,Paper Feed/Separation Roller,Konica Minolta,оригинальный,не предусмотрено,нет данных,не предусмотрено,A03X565300,не предусмотрено,"LU-202 PF-601, PF-602",LU-202/PF-601/PF-602,"Konica Minolta Bizhub Pro 1050, C5500, C5501, C6500, C6500P, C6501, C6501E, C6501EP, C6501P, C65HC",Подача и вывод материала,Ролики подачи и захвата,"18, грамм",Гарантия на данный товар не предоставляется,,,,,,,,,,,,,,,,,,,,,,,,,,,,,,,,,,,,,,,,
400000022460,"Чип тонер-картриджа  совместим. для лазерных принтеров Xerox Phaser 7800 (106R01571) M, пурпурный (magenta), 17200стр A4, Tonex",,,1,0,105.95,115.16,"Чип для лазерных принтеров Xerox 7800 и картриджей 106R01571. Чип для лазерного картриджа — микросхема памяти, на которой записаны характеристики картриджа. Количество израсходованного тонера, подсчитанное чипом, лишь приблизительно и на момент когда, согласно подсчету, тонер израсходован и печать блокируется, картридж содержит еще около 30% тонера. Таким образом, замена чипа позволяет значительно сэкономить на расходных материалах лазерного принтера.",,,,,,,,,,,,,,,,,,,,106R01571,Xerox 7800,,Tonex,,,,,,,,,,,,,универсальный,,,,,,,,,,,,,,,,,,,,
400000024047,"Картридж оригинал. Konica Minolta TN221M A8K3350/A8K3390, для цветных лазерных принтеров C227/C287, пурпурный (magenta), 21000стр A4",,,1,0,5660.0,5659.99,,Картридж,,Konica Minolta,оригинальный,,21000,,,"A8K3330, A8K3370","Konica Minolta Bizhub C227, C287",C227/C287,Konica Minolta bizhub C227 C287 C 227 C287 Коника Минолта Минольта Бизхаб Бицхаб replenisher тонер туба флакон порошок краска картриж тонер-картридж,,,"740, грамм",10 месяцев,,,,,,,,TN221M,A8K3390,A8K3350,A8K3390,пурпурный (magenta),для цветных лазерных принтеров,467,,Япония,,,,,,,,,,,,,,,,,,,,,,,,
400000022503,"Чип тонер-картриджа  совместим. для лазерных принтеров Kyocera FS-1035MFP/1135 (TK1140), черный (black), 7200стр A4, Булат",,,33,0,37.07,40.81,"Чип для лазерных принтеров Kyocera FS1035, FS1135, M2035DN, M2535DN и картриджей TK1140",,,,,,,,,,,,,,,,,,,,TK1140,"Kyocera FS1035, FS1135",,,,,,,,,,,,,,,универсальный,,,,,,,,,,,,,,,,,,,,
400000030345,"Чип тонер-картриджа  совместим. для лазерных принтеров HP LJ M15/M28 CF244A, черный (black), 1000стр A4, Булат",,,10,0,310.81,327.84,"Чип для лазерных принтеров HP LJ Pro M15, HP LJ Pro M28, черный (black)",Чип тонер-картриджа,,Булат,совместимый,HP LJ M15/M28 CF244A,1000,черный (black),,,,,"HP LJ Pro M15, HP LJ Pro M28",,,"2, грамм",Гарантия на данный товар не предоставляется,Булат,CF244A,Чипы,,,,,,,,,,,,,,,,,,,,,,,,,,,,,,,,,,,,,
400000016081,"Картридж совместимый для цветных лазерных принтеров Canon и HP, RTC CB543A/CE323A/CF213A/C716/C731H, пурпурный (magenta), с чипом, 1400стр A4, Булат 7Q",,,2,0,923.21,1003.49,"Пурпурный тонер-картридж для принтеров HP Color CP 1210, 1215, 1217, 1510, 1515, 1518, CM 1300, 1312, CM1312NFI, CP1525nw, CM1415fnw,Canon LBP 5050, 5050N, iC MF8030, 8050, 8080cw, заменяющий оригинальные картриджи HP CB543A, CE323A, CF213A, Canon C716, C731H magenta. Тонеры компании Булат для картриджей лазерных принтеров производятся из современного сырья. Это полимеры, применение которых позволяет использовать тонеры в тонер-картриджах для новых скоростных принтеров и копиров. Это магнетиты и зарядорегуляторы, позволяющие получать стабильные результаты качества печати. Все это, плюс технологические приемы, направленные на улучшение структуры и формы частиц тонера, позволяют получить продукт стабильного качества. Все стадии производства тонеров проходят жесткий технологический контроль, готовый продукт всесторонне тестируется. Более 20 параметров подлежат проверке. Компания Булат проводит исследование тонеров во взаимодействии с другими расходными материалами: фотобарабанами, валами первичного заряда и т. д. для наиболее эффективного использования формулировок в дальнейшем.",,,,,,,,,,,,,,,,,,,,,,,Булат,,,,,,,,,,,,http://www.bulatgroup.ru,,RTC CB543A/CE323A/CF213A/C716/C731H,magenta (пурпурный),"HP CB543A, CE323A, CF213A, Canon C716, C731H magenta","HP Color CP 1210, 1215, 1217, 1510, 1515, 1518, CM 1300, 1312, CM1312NFI, CP1525nw, CM1415fnw,Canon LBP 5050, 5050N, iC MF8030, 8050, 8080cw",1400,,,,,,,,,,,,,,,
400000031980,"Чип тонер-картриджа совместим. 006R01738 для Xerox C9065/C9070, черный (black)",,,114,0,200.0,200.0,"Xerox PrimeLink C9065, C9070",Чип тонер-картриджа,не предусмотрено,Xerox,совместимый,006R01738,30000,черный (black),не предусмотрено,не предусмотрено,"Xerox PrimeLink C9065, C9070",C9065/C9070,Xerox PrimeLink Prime Link C9065 C9070,Прочее,Чипы,"1, грамм",Гарантия на данный товар не предоставляется,JDY,,,,,,,,,,,,,,,,,,,,,,,,,,,,,,,,,,,,,,,
400000032569,"Электромагнитная муфта (Clutch) оригинал. для Konica Minolta C224/C658, A161M20100",,,1,0,1890.0,1890.0,"Konica Minolta Bizhub C224, C224e, C258, C284, C284e, C308, C364, C364e, C368, C454, C458, C554, C554e, C558, C658",Электромагнитная муфта,Clutch,Konica Minolta,оригинальный,не предусмотрено,нет данных,не предусмотрено,A161M20100,A161M20101,"Konica Minolta Bizhub C224, C224e, C258, C284, C284e, C308, C364, C364e, C368, C454, C458, C554, C554e, C558, C658",C224/C658,Деталь привода подачи бумаги Клатч для подачи бумаги Клатч подачи бумаги Компонент системы транспортировки бумаги Муфта блока подачи бумаги Муфта бумажного тракта Муфта бумажной подачи Муфта включения подачи Муфта движущая Муфта для бумажного механизма Муфта для движения бумаги Муфта для подачи в принтер Муфта для подачи листов Муфта для подающего узла Муфта для протяжки листов Муфта драйвера подачи бумаги Муфта захвата Муфта захвата бумаги Муфта конвейера бумаги Муфта лотка подачи бумаги Муфта механизма подачи Муфта передачи Муфта подачи Муфта подачи бумаги Муфта подачи для лотка Муфта подачи из лотка Муфта подачи листов Муфта подачи листов Муфта подающего механизма Муфта подающего ролика Муфта привода Муфта привода Муфта привода бумаги Муфта привода захвата Муфта привода лотка Муфта привода лотка Муфта привода подачи Муфта привода подачи бумаги Муфта привода подающего вала Муфта привода ролика Муфта привода роликов подачи Муфта привода тракта Муфта привода транспортировки Муфта привода Konica Minolta Муфта привода PF (Paper Feed) Муфта протяжки Муфта протяжная Муфта роликов подачи Муфта сцепления Муфта транспортировки Муфта транспортировки Муфта транспортировки бумаги Муфта узла захвата бумаги Муфта узла подачи Муфта управления подачей Муфта фрикционная подачи бумаги Муфта электромагнитная Муфта электромагнитная Узел электромагнитной муфты подачи Электро-муфта Электромагнитное сцепление Электромагнитный клатч Электромагнитный механизм подачи Электромагнитный привод Электромеханическая муфта подачи бумаги Электромуфта подачи бумаги Clutch Assembly Drive Clutch Driving Clutch Driving Clutch Electromagnetic Clutch Electromagnetic Drive Clutch Feed Clutch Feed Drive Clutch Input Clutch Intermediate conveyance clutch /1 Intermediate conveyance clutch /2 Intermediate conveyance clutch /3 Intermediate conveyance clutch/1 (CL5) Intermediate conveyance clutch/2 (CL6) Intermediate conveyance clutch/3 (CL7) LCT feed clutch Paper Feed Clutch Paper feed clutch/1 (CL1) Paper feed clutch/2 (CL2) Paper feed clutch/3 (CL3) Paper Feed Drive Clutch Paper Feed Driving Clutch Paper Feeding Clutch Paper Handling Clutch Paper Pickup Clutch Paper Transport Clutch Pre-registration clutch /1 Pre-registration clutch /2 Pre-registration clutch /3 Registration clutch Transport Clutch Коника Минолта Минольта бицхаб бизхаб C 224 C 224 e C 258 C 284 C 284 e C 308 C 364 C 364 e C 368 C 454 C 458 C 554 C 554 e C 558 C 658 С224 С224е С258 С284 С284е С308 С364 С364е С368 С454 С458 С554 С554е С558 С658,Прочее,Муфты,"46, грамм",Гарантия на данный товар не предоставляется,,,,,,,,,,,,,,,,,,,,,,,,,,,,,,,,,,,,,,,,
400000024649,"Блок фотобарабана (Drum Unit) оригинал. DR-214K для Konica Minolta C227/C287, черный (black), A85Y0RD",,,2,0,14090.0,14090.0,"Konica Minolta Bizhub C227, C287",Блок фотобарабана,Drum Unit,Konica Minolta,оригинальный,DR-214K,80000,черный (black),A85Y0RD,не предусмотрено,"Konica Minolta Bizhub C227, C287",C227/C287,Konica Minolta Bizhub C227 C287 C 227 C 287 Коника Минолта Минольта бизхаб бицхаб барабан фотобарабаны фотовал фотовалы фоторецептор фоторецепторы драмы модуль ксерографии Драм-картридж драм-юнит,Формирование изображения,Блок фотобарабана,"900, грамм",Гарантия на данный товар не предоставляется,,,,,,,,,,,,,,,,,,,,,,,,,,,,,,,,,,,,,,,,
400000030313,"Фотобарабан  совместим. для лазерных принтеров HP LJ P2035/2055, Golden Green",,,1,0,115.05,190.71,Фотобарабан для принтеров HP LJ P2035/2055/M401/MFP M425,Фотобарабан,,Golden Green,совместимый,HP LJ P2035/2055,нет данных,не предусмотрено,,,,,HP LJ P2035/2055/M401/MFP M425,,,"50, грамм",Гарантия на данный товар не предоставляется,Синдо,CE505,Фотобарабаны,,,,,,,,,,,,,,,,,,,,,,,,,,,,,,,,,,,,,
400000031435,"Лента переноса (Transfer Belt) оригинал. для Konica Minolta C3070/C83hc, A9VE500100",,,11,0,23690.0,23690.0,"Konica Minolta AccurioPress C2060, C2070, C2070P, C3070, C3070P, C3080, C3080P, C4070, C4080, C83hc;AccurioPrint C2060L, C3070L, C4065;Bizhub Press C1060, C71hc;",Лента переноса,Transfer Belt,Konica Minolta,оригинальный,не предусмотрено,444000,не предусмотрено,A9VE500100,A50U510501,"Konica Minolta AccurioPress C2060, C2070, C2070P, C3070, C3070P, C3080, C3080P, C4070, C4080, C83hc; AccurioPrint C2060L, C3070L, C4065; Bizhub Press C1060, C71hc;",C3070/C83hc,Лента вторичного переноса Лента для МФУ Лента для переноса изображения Лента для печати Лента для формирования изображения Лента передачи изображения Лента переноса Лента промежуточного переноса Переносящая лента Пленка для переноса Пленка переноса Пояс переноса Промежуточная лента переноса Ремень для принтера Ремень переноса Ремень переноса изображения Ремень трансфера сборка ленты переноса Транспортный ремень Трансферная лента Трансферный ремень Genuine original ibt belt IBT лента IBT ремень IBT Beld IBT Belt Intermediate Belt Transfer Transfer Belt Transfer Belt Intermediate C 2060 C 2070 C 2070P C 3070 C 3070P C 3080 C 3080P C 4070 C 4080 C 83hc C 2060L C 3070L C 4065 C 1060 C 71hc С2060 С2070 С2070Р С3070 С3070Р С3080 С3080Р С4070 С4080 С83нс С2060Л С3070Л С4065 С1060 С71нс  Коника Conika Konika Минолта Минольта Акку Аку Акурио Акуриопресс Аккуриопресс Акуриопрес Аккуриопрес Акурио пресс Аккурио пресс Акурио прес Аккурио прес Акуриопринт Аккуриопринт Акурио принт Аккурио принт бицхаб бизхаб Пресс Прес Про,Перенос изображения,Ленты переноса,"299, грамм",Гарантия на данный товар не предоставляется,,,,,,,,,,,,,,,,,,,,,,,,,,,,,,,,,,,,,,,,
400000033346,"Ролик на выходе печки (Fixing Paper exit Roller) оригинал. для Konica Minolta C2060/C7000, A1DU722500",,,4,0,2690.0,2690.0,"AccurioPress C2060, C2070, C2070P;AccurioPrint C2060L, C3070L;Konica Minolta bizhub PRESS C6000, C7000, C7000P, C70hc;Konica Minolta bizhub PRO C5500, C5501, C6000L, C6500, C6501, C65hc",Ролик на выходе печки,Fixing Paper exit Roller,Konica Minolta,оригинальный,не предусмотрено,1200000,не предусмотрено,A1DU722500,A03U722500,"AccurioPress C2060, C2070, C2070P; AccurioPrint C2060L, C3070L; Konica Minolta bizhub PRESS C6000, C7000, C7000P, C70hc; bizhub PRO C5500, C5501, C6000L, C6500, C6501, C65hc",C2060/C7000,Серебрянный ролик Серебристый ролшик Бумагоотводящий ролик печки Бумажный ролик печки направляющий ролик печки ролик выхода ролик выхода печки ролик на выходе печки ролик печки Деталь выхода бумаги термоузла Компонент вывода бумаги из фьюзера Ролик выброса бумаги Ролик выброса из термоблока Ролик вывода Ролик вывода бумаги Ролик вывода бумаги из фьюзера Ролик вывода из узла закрепления Ролик вывода изображения Ролик выгрузки Ролик выдачи Ролик выхода Ролик выхода блока фиксации Ролик выхода бумаги Ролик выхода бумаги из печки Ролик выхода из термоблока Ролик выхода из узла закрепления Ролик выхода листа Ролик выхода нагревательного узла Ролик выхода печи Ролик выхода термоблока Ролик выхода термоузла Ролик выхода узла закрепления Ролик выхода фьюзера Ролик выхода fusing Ролик выходной Ролик конечного вывода Ролик на выходе Ролик на выходе печки Ролик на выходе fusing unit Ролик печного выхода Ролик подачи бумаги на выход Ролик подачи из фьюзера Ролик подачи на выход Ролик после печки Ролик протяжки бумаги после печки Ролик термофиксатора на выход Ролик транспортировки бумаги Ролик транспортировки выхода Ролик транспортировки после термозакрепления Ролик транспортировки фьюзера Ролик финишного вывода Ролик фьюзера выходной Ролик фьюзера Konica Minolta Ролик фьюзерный выходной Роллер выхода Fuser Delivery roller Ejection roller Exit roller Exit Roller для термоузла Exit Roller фьюзера Fuser exit roller Fuser output roller Fusing exit roller Fusing paper exit roller Output roller Paper discharge roller Paper exit roller Верхний направляющий ролик печки Верхний ролик выхода Верхний ролик выхода печки Верхний ролик на выходе печки Выходной ролик печки Upper exit roller upper верхний Konica Minolta bizhub Press PRO C5500 C5501 C6000L C6500 C6501 bizhub PRESS C6000 C7000 C7000P C70hc AccurioPress Accurio Press C2060 C2070 C2070P AccurioPrint Accurio Print C3070L C 5500 C 5501 C 6000L C 6500 C 6501 C 6000 C 7000 C 7000P C 70hc C 2060 C 2070 C 2070P C2060L C 2060L C3070L C 3070L C65hc C 65 hc С2060 С2070 С2070Р С2060L С3070L С6000 С7000 С7000Р С70hс С5500 С5501 С6000L С6500 С6501 С65hс принт Коника минолта минольта бизхаб бицхаб пресс прес про акурио акку акуриопресс,Подача и вывод материала,Ролики подачи и захвата,"37, грамм",Гарантия на данный товар не предоставляется,,,,,,,,,,,,,,,,,,,,,,,,,,,,,,,,,,,,,,,,
400000031401,"Картридж оригинал. Konica Minolta TN-616Y A1U9230/A1U9250, для цветных лазерных принтеров C6000/C7000, желтый (yellow), 31000стр A4",,,2,0,6990.0,6990.0,"Bizhub Press C6000, C7000, C7000PBizhub Pro C6000L",Картридж,,Konica Minolta,оригинальный,,31000,,,"A1U9252, A1U9232, A1U9233, A1U9253, A1U9230, A1U9260, A1U92D0, A1U92D2, A1U92D3","Konica Minolta Bizhub Press C6000, C7000, C7000P, Bizhub Pro C6000L",C6000/C7000,Konica Minolta Bizhub Press C6000 C6000L C7000 C7000P 6000 C 6000L 7000 7000P Коника Минольта Минолта Бизхуб Бицхаб Пресс replenisher туба флакон порошок краска,,,"1170, грамм",10 месяцев,,,,,,,,TN-616Y,A1U9233,A1U9230,A1U9250,желтый (yellow),для цветных лазерных принтеров,850,,Япония,,,,,,,,,,,,,,,,,,,,,,,,
400000031803,"Ролик подачи бумаги (Paper Feed/Separation Roller) оригинал. для Konica Minolta LU-202/PF-601/PF-602, A03X565200",,,7,0,890.0,889.99,"Данный ролик предназначен для опций Больших кассет с раздувом стопы Konica Minolta LU-202, PF-601, PF-602",Ролик подачи бумаги,Paper Feed/Separation Roller,Konica Minolta,оригинальный,не предусмотрено,нет данных,не предусмотрено,A03X565200,не предусмотрено,"LU-202 PF-601, PF-602",LU-202/PF-601/PF-602,"Konica Minolta Bizhub Pro 1050, C5500, C5501, C6500, C6500P, C6501, C6501E, C6501EP, C6501P, C65HC",Подача и вывод материала,Ролики подачи и захвата,"15, грамм",Гарантия на данный товар не предоставляется,,,,,,,,,,,,,,,,,,,,,,,,,,,,,,,,,,,,,,,,
400000032443,"Картридж оригинал. Xerox (Fuji Xerox) 006R01754/CT202634, для цветных лазерных принтеров C8130/C8170, черный (black), 34000стр A4",,,30,0,8700.0,8699.99,,Картридж,,Xerox (Fuji Xerox),оригинальный,,34000,,,"006R01742, 006R01758","Altalink C8130, C8135, C8145, C8155, C8170",C8130/C8170,Xerox DocuCentre-VI DocuCenter Docu Centre Center C5571 C7771 Altalink Alta Link C8130 C8135 C8170 ксерокс доку докуцентр алталинк,,,"1057, грамм",10 месяцев,,,,,,,,не предусмотрено,CT202634/006R01754,006R01754,CT202634,черный (black),для цветных лазерных принтеров,595,нет данных,Япония,,,,,,,,,,,,,,,,,,,,,,,,
400000021698,"Термопленка  совместим. для лазерных принтеров HP LJ 1200/1010/1320/P1005/P2015 USA-Type, Булат",,,52,0,121.73,132.31,"Термопленка для лазерных принтеров HP LaserJet 1010, 1200, 1320, P1005, P2015, P2035.Термоплёнка — специальный гибкий материал в виде трубки, полностью оборачивающий несущую конструкцию с тонкой и длинной керамической пластинкой, являющейся как раз нагревательным элементом, содержащим в самой структуре керамической пластины, помимо проводников нагревателя, ещё и встроенный низковольтный термодатчик контроля температуры с другой стороны пластины. Термоплёнка в основном своими крайними сторонами опирается и вращается на боковых пластмассовых опорных стойках.",,,,,,,,,,,,,,,,,,,,,,,USA,,,,,,,,,,,,,,,,,,,,,"HP LaserJet 1010, 1200, 1320, P1005, P2015, P2035",,,темопленка,,,,,,,,,
400000033710,"Картридж оригинал. Ricoh 828535/828497, для цветных лазерных принтеров C7200/C7210, голубой (cyan), 45000стр A4",,,1,0,13390.0,13390.0,"Ricoh Pro C7200S, C7200SX, C7200X, C7210S, C7210SX, C7210X",Картридж,,Ricoh,оригинальный,,45000,,,"60-0404, 828501, 828588","Ricoh Pro C7200S, C7200SX, C7200X, C7210S, C7210SX, C7210X",C7200/C7210,Ricoh Pro Про Rico Rikoh Riko Рико Рикох replenisher тонер туба флакон порошок краска картриж С7200 С7210 С 7200 С 7210 C7200S C7200SX C7200X C7210S C7210SX C 7210X C 7200S C 7200SX C 7200X C 7210S C 7210SX C 7210X,,,"2060, грамм",10 месяцев,,,,,,,,не предусмотрено,60-0404,828535,828497,голубой (cyan),для цветных лазерных принтеров,1482,,Япония,,,,,,,,,,,,,,,,,,,,,,,,
400000032259,"Бункер для отработанного тонера (Waste Toner Box) совместим. для Konica Minolta C1060/C4080, A50UR70115",,,6,0,2900.0,2900.0,"Konica Minolta AccurioLabel 190, 230; Bizhub PRO C1060L, AccurioPrint C2060L, C3070L, C4065, C4065P, AccurioPress C83hc, C2060, C2070, C2070P, C3070, C3080, C3080P, C4070, C4080, Bizhub PRESS C70hc, C71cf, C71hc, C1060, C1070, C1070P",Бункер для отработанного тонера,Waste Toner Box,Konica Minolta,совместимый,не предусмотрено,нет данных,не предусмотрено,A50UR70115,"A50UR70115, A50UR70114, A50UR70100, A50UR70112, A50UR70113","Konica Minolta AccurioLabel 190, 230; Bizhub PRO C1060L, AccurioPrint C2060L, C3070L, C4065, C4065P, AccurioPress C83hc, C2060, C2070, C2070P, C3070, C3080, C3080P, C4070, C4080, Bizhub PRESS C70hc, C71cf, C71hc, C1060, C1070, C1070P",C1060/C4080,"Konica Minolta AccurioLabel Accurio Label 190, 230; Bizhub PRO C1060L, AccurioPrint Accurio Print C2060L, C3070L, C4065, C4065P, AccurioPress Accurio Press C83hc, C2060, C2070, C2070P, C3070, C3080, C3080P, C4070, C4080, Bizhub PRESS C70hc, C71cf, C71hc, C1060, C1070, C1070P",Прочее,Бункер для отработанного тонера,"887, грамм",Гарантия на данный товар не предоставляется,NK,,,,,,,,,,,,,,,,,,,,,,,,,,,,,,,,,,,,,,,
400000033110,"Фотобарабан  совместим. для лазерных принтеров Samsung ML-2165, Булат R-Line",,,9,0,124.14,134.94,"ML 2160, ML 2162, ML 2165, ML 2167, ML 2168, SCX 3400, SCX 3405, SCX 3407, SF 760, (MLT D101S)",Фотобарабан,,Булат R-Line,совместимый,Samsung ML-2165,нет данных,не предусмотрено,,,,,"ML 2160, ML 2162, ML 2165, ML 2167, ML 2168, SCX 3400, SCX 3405, SCX 3407, SF 760, (MLT D101S)",,,"42, грамм",Гарантия на данный товар не предоставляется,Булат,MLT D101S,Фотобарабаны,,,,,,,,,,,,,,,,,,,,,,,,,,,,,,,,,,,,,
400000033244,"Печной ремень (Fusing Belt) оригинал. для Xerox Color 800/1000, 064K93300",,,4,0,60990.0,60990.0,"Xerox Color 800 Press, 800i Press;Xerox Color 1000 Press, 1000i Press",Печной ремень,Fusing Belt,Xerox,оригинальный,не предусмотрено,нет данных,не предусмотрено,064K93300,"064K02490, 064K93250, 064K93301, 064K93302, 064K93303, 604K62321, CWAA0804","Xerox Color 800, 800i, Color 1000, 1000i Press",Color 800/1000,Лента для запекания тонера Лента для печки Лента термозакрепления Нагревательная лента Нагревательный ремень Плёнка печки Ремень для запекания Ремень для термоблока Ремень для фиксации изображения Ремень для фьюзера Ремень печки Ремень термоблока Ремень фьюзера Термолента Термопленка Терморемень Фьюзерная лента Фьюзерный ремень Fixing Belt Fuser Belt Original Fuser Film Fuser Heat Belt Fusing Belt Fusing Film Heat Belt Thermal Belt колор калэр калор Colour 800 800i 1000 1000i C800 C800i C1000 C1000i ксерокс,Закрепление изображения,Печные валы и ремни,"763, грамм",Гарантия на данный товар не предоставляется,,,,,,,,,,,,,,,,,,,,,,,,,,,,,,,,,,,,,,,,
400000022914,"Картридж совместимый для ч/б лазерных принтеров Samsung, RTC MLT-D111L, черный (black), с чипом, 1800стр A4, Булат 7Q",,,5,0,502.55,546.25,"Черный тонер-картридж для принтеров Samsung Samsung SL-M2020, M2070 заменяющий оригинальные картриджи D111L. Тонеры компании Булат для картриджей лазерных принтеров производятся из современного сырья. Это полимеры, применение которых позволяет использовать тонеры в тонер-картриджах для новых скоростных принтеров и копиров. Это магнетиты и зарядорегуляторы, позволяющие получать стабильные результаты качества печати. Все это, плюс технологические приемы, направленные на улучшение структуры и формы частиц тонера, позволяют получить продукт стабильного качества. Все стадии производства тонеров проходят жесткий технологический контроль, готовый продукт всесторонне тестируется. Более 20 параметров подлежат проверке. Компания Булат проводит исследование тонеров во взаимодействии с другими расходными материалами: фотобарабанами, валами первичного заряда и т. д. для наиболее эффективного использования формулировок в дальнейшем.",,,,,,,,,,,,,,,,,,,,,,,Булат,,,,,,,,,,,,http://www.bulatgroup.ru,,RTC MLT-D111L,black (черный),D111l,"Samsung SL-M2020, M2070",1800,,,,,,,,,,,,,,,
400000030369,"Картридж(уценка) оригинал. HP 11A Q6511A, для ч/б лазерных принтеров LJ2410, черный (black), 6000стр A4",,,1,0,1389.99,1556.33,HP LaserJet 2410,,,,,,,,,,,,,,,"750, грамм",10 месяцев,,,,,,,,,,,,,,,,,,,,,,,,,,,,,,,,,,,,,,,,
400000021723,"Чистящее лезвие (Wiper blade)  совместим. для лазерных принтеров HP LJ 1010/IR-1018, Булат R-Line",,,17,0,45.08,49.0,,Чистящее лезвие (Wiper blade),,Булат R-Line,совместимый,HP LJ 1010/IR-1018,нет данных,не предусмотрено,,,,,"Ракель для лазерных принтеров HP LJ 1010, LJ 1012, LJ 1015, LJ 1018, LJ 1020, LJ 1022, LJ 3015, LJ 3020, LJ 3030, LJ 3050, LJ 3052, LJ 3055, M1005, M1319f, FAX-L100, FAX-L120, FAX-L140, FAX-L160, Canon MF4010, MF4018, MF4120, MF4140, MF4150, MF4270, MF4660, MF4660PL, MF4690, MF4690PL, LBP2900, LBP3000, IR 1018, IR 1020, IR 1022, IR 1024",,,"70, грамм",Гарантия на данный товар не предоставляется,Булат,"HP C3906A, C7115A, C7115X, Q2612A, Q2613A, Q2613X, Q2624A, Q2624X, Q5949A, Q5949X, Q7553A, Q7553X, Canon 703, 706, 708, 715, EP-25, EP-27, EP-22, FX-10",Лезвия очистки,,,,,,,,,,,,,,,,,,,,,,,,,,,,,,,,,,,,,
400000030896,"Ролик отделения бумаги (Separation Roller) оригинал. для Konica Minolta C200/C450, 4034015101",,,9,0,1790.0,1790.01,"Konica Minolta bizhub 162, 163, 163v, 164, 165, 180, 181, 184, 185, 195, 200, 210, 211, 215, 215i, 220, 222, 223, 224e, 225i, 226, 227, 235, 250, 266, 282, 283, 284e, 287, 306, 308, 308e, 350, 352, 352P, 36, 360, 361, 362, 363, 364e, 367, 368, 368e, 42, 420, 421, 423, 450, 454e, 458, 458e, 500, 501, 554e, 558, 558e, 658e, C20, C200, C200e, C203, C220, C224, C224e, C227, C227i, C25, C250, C250p, C252, C253, C257i, C258, C280, C284, C284e, C287, C300, C308, C3100P, C3110, C3350, C35, C352, C353, C353P, C35P, C360, C364, C364e, C368, C3850, C450, C450P, C454, C454e, C458, C554, C554e, C558, C658, c252p;magicolor 3730DN, 4690mf, 4750dn, 4750en, 8650DN, 7450 II, 7450 II GA",Ролик отделения бумаги,Separation Roller,Konica Minolta,оригинальный,не предусмотрено,нет данных,не предусмотрено,4034015101,"4658015106, 28GA4110","Konica Minolta bizhub 162, 163, 163v, 164, 165, 180, 181, 184, 185, 195, 200, 210, 211, 215, 215i, 220, 222, 223, 224e, 225i, 226, 227, 235, 250, 266, 282, 283, 284e, 287, 306, 308, 308e, 350, 352, 352P, 36, 360, 361, 362, 363, 364e, 367, 368, 368e, 42, 420, 421, 423, 450, 454e, 458, 458e, 500, 501, 554e, 558, 558e, 658e, C20, C200, C200e, C203, C220, C224, C224e, C227, C227i, C25, C250, C250p, C252, C253, C257i, C258, C280, C284, C284e, C287, C300, C308, C3100P, C3110, C3350, C35, C352, C353, C353P, C35P, C360, C364, C364e, C368, C3850, C450, C450P, C454, C454e, C458, C554, C554e, C558, C658, c252p;
magicolor 3730DN, 4690mf, 4750dn, 4750en, 8650DN, 7450 II, 7450 II GA",C200/C450,Для лотка ручной подачи Для лотка MSI Bypass Manual Для многоцелевого лотка Для обходного лотка Отделяющий ролик Разделительный ролик Разделяющий валик Резиновый ролик Ролик байпасного лотка Ролик обходного лотка Ролик отделения бумаги Ролик отделения листа Ролик подачи захвата тормозной Ролик разделения бумаги Ролик разделения листов Ролик сепарации Ролик универсального лотка Ролик MSI Ролик-сепаратор Роллер отделения Сепарационный ролик Сепарейшн роллер Сепарирующий ролик Сепарэйшн роллер By-pass tray roller Separation Roll Separator Roller Konica Minolta bizhub magicolor Минолта Минольта бицхаб бизхаб мэджик колор калэр 162 163 163v 164 165 180 181 184 185 195 200 210 211 215 215i 220 222 223 224e 225i 226 227 235 250 266 282 283 284e 287 306 308 308e 350 352 352P 36 360 361 362 363 364e 367 368 368e 42 420 421 423 450 454e 458 458e 500 501 554e 558 558e 658e C20 C200 C200e C203 C220 C224 C224e C227 C227i C25 C250 C250p C252 C253 C257i C258 C280 C284 C284e C287 C300 C308 C3100P C3110 C3350 C35 C352 C353 C353P C35P C360 C364 C364e C368 C3850 C450 C450P C454 C454e C458 C554 C554e C558 C658 c252p 3730DN 4690mf 4750dn 4750en 8650DN 7450 7450 163v 215i 224e 225i 284e 308e 352P 364e 368e 454e 458e 554e 558e 658e C 20 C 200 C 200e C 203 C 220 C 224 C 224e C 227 C 227i C 25 C 250 C 250p C 252 C 253 C 257i C 258 C 280 C 284 C 284e C 287 C 300 C 308 C 3100P C 3110 C 3350 C 35 C 352 C 353 C 353P C 35P C 360 C 364 C 364e C 368 C 3850 C 450 C 450P C 454 C 454e C 458 C 554 C 554e C 558 C 658 c 252p 3730DN 4690mf 4750dn 4750en 8650DN 163v 215i 224е 225i 284е 308е 352Р 364е 368е 454е 458е 554е 558е 658е С20 С200 С200е С203 С220 С224 С224е С227 С227i С25 С250 С250р С252 С253 С257i С258 С280 С284 С284е С287 С300 С308 С3100Р С3110 С3350 С35 С352 С353 С353Р С35Р С360 С364 С364е С368 С3850 С450 С450Р С454 С454е С458 С554 С554е С558 С658 с252р 3730DN 4690мf 4750dn 4750еn 8650DN II,Подача и вывод материала,Ролики подачи и захвата,"14, грамм",Гарантия на данный товар не предоставляется,,,,,,,,,,,,,,,,,,,,,,,,,,,,,,,,,,,,,,,,
400000031510,"Блок фотобарабана (Drum Unit) оригинал. DU-103 для Konica Minolta C8000, желтый/пурпурный/голубой (yellow/magenta/cyan), A22C0Y1",,,4,0,23900.0,23900.0,Konica Minolta Bizhub Press C8000,Блок фотобарабана,Drum Unit,Konica Minolta,оригинальный,DU-103,300000,желтый/пурпурный/голубой (yellow/magenta/cyan),A22C0Y1,не предусмотрено,Konica Minolta Bizhub Press C8000,C8000,Konica Minolta Bizhub Press C8000,Формирование изображения,Блок фотобарабана,"2065, грамм",Гарантия на данный товар не предоставляется,,,,,,,,,,,,,,,,,,,,,,,,,,,,,,,,,,,,,,,,
400000031673,"Блок девелопера (Developer Unit) оригинал. DV-313C для Konica Minolta C258/C368, голубой (cyan), A7U40KD",,,2,0,29900.0,29900.01,"Konica Minolta Bizhub C258, C308, C368",Блок девелопера,Developer Unit,Konica Minolta,оригинальный,DV-313C,600000,голубой (cyan),A7U40KD,не предусмотрено,"Konica Minolta Bizhub C258, C308, C368",C258/C368,Konica Minolta Bizhub С C258 258 C308 308 C368 368 Минолта Минольта бизхаб бицхаб носитель носителя проявка проявки проявления проявитель узел юнит,Формирование изображения,Блок девелопера,"1445, грамм",Гарантия на данный товар не предоставляется,,,,,,,,,,,,,,,,,,,,,,,,,,,,,,,,,,,,,,,,
400000032450,"Чип для лазерных принтеров Xerox Altalink C8130, C8135, C8170 и картриджей 006R01754, черный (black)",,,94,0,180.0,179.99,,,,,,,,,,,,,,,,"1, грамм",Гарантия на данный товар не предоставляется,,,,,,,,,,,,,,,,,,,,,,,,,,,,,,,,,,,,,,,,
400000031550,"Картридж оригинал. Konica Minolta TN-615Y A1DY230/A1DY250, для цветных лазерных принтеров C8000, желтый (yellow), 60000стр A4",,,11,0,7690.0,7690.0,Konica Minolta Bizhub PRESS C8000,Картридж,,Konica Minolta,оригинальный,,60000,,,не предусмотрено,Konica Minolta Bizhub Press C8000,C8000,Konica Minolta Bizhub PRESS C8000,,,"1997, грамм",10 месяцев,,,,,,,,TN-615Y,A1DY250,A1DY230,A1DY250,желтый (yellow),для цветных лазерных принтеров,1469,,Япония,,,,,,,,,,,,,,,,,,,,,,,,
400000031518,"Девелопер (Developer) оригинал. DV-614Y для Konica Minolta C1060/C4080, желтый (yellow), A3VX700",,,3,0,19990.0,19990.01,"Konica Minolta AccurioPress C2060, C2070, C2070P, C3070, C3080, C3080P; AccurioPrint C2060L, C3070L; Bizhub Press C1060, C1070, C1070P, C71hc; Bizhub Pro C1060L",Девелопер,Developer,Konica Minolta,оригинальный,DV-614Y,1200000,желтый (yellow),A3VX700,не предусмотрено,"Konica Minolta AccurioPress C2060, C2070, C2070P, C3070, C3080, C3080P; AccurioPrint C2060L, C3070L; Bizhub Press C1060, C1070, C1070P, C71hc; Bizhub Pro C1060L",C1060/C4080,"Konica Minolta AccurioPress Accurio Press C2060, C2070, C2070P, C3070, C3080, C3080P; AccurioPrint Print C2060L, C3070L; Bizhub Press C1060, C1070, C1070P, C71hc; Bizhub Pro C1060L",Формирование изображения,Девелоперы,"739, грамм",Гарантия на данный товар не предоставляется,,,,,,,,,,,,,,,,,,,,,,,,,,,,,,,,,,,,,,,,
400000033198,"Картридж оригинал. Konica Minolta/Develop TN-616C A1U9430/A1U9450, для цветных лазерных принтеров C6000/C7000, голубой (cyan), 31000стр A4",,,37,0,5790.0,5789.99,"Bizhub Press C6000, C7000, C7000PBizhub Pro C6000L",Картридж,,Konica Minolta/Develop,оригинальный,,31000,,,"A1U9452, A1U9432, A1U9433, A1U9453, A1U9430, A1U94D0, A1U94D2, A1U94D3","Konica Minolta Bizhub Press C6000, C7000, C7000P, Bizhub Pro C6000L",C6000/C7000,Konica Minolta Bizhub Press C6000 C6000L C7000 C7000P 6000 C 6000L 7000 7000P Коника Минольта Минолта Бизхуб Бицхаб Пресс replenisher туба флакон порошок краска,,,"960, грамм",10 месяцев,,,,,,,,TN-616C,A1U9460,A1U9430,A1U9450,голубой (cyan),для цветных лазерных принтеров,630,нет данных,Япония,,,,,,,,,,,,,,,,,,,,,,,,
400000011450,"Ролик захвата бумаги (Pick-up Roller) оригинал. для Konica Minolta C203/C360, A02E594700",,,5,0,1490.0,1490.0,"Konica Minolta bizhub C203, C220, C253, C280, C353, C353P, C360;magicolor 8650DN",,,,,,,,,,,,,,,,,,,,,,,Konica,,,,,,,,,,,,https://www.konicaminolta.ru,,,,,,,,,,,,Ролик захвата бумаги,Konica Minolta bizhub C353,A02E594700,,,,,,,
400000016322,"Чип тонер-картриджа  совместим. для лазерных принтеров Xerox Phaser 6000/6010 (106R01627) C EUR, голубой (cyan), 1000стр A4, Tonex",,,10,0,32.29,35.1,"Чип для лазерного принтера Xerox Phaser 6000, 6010. Чип для лазерного картриджа — микросхема памяти, на которой записаны характеристики картриджа. Количество израсходованного тонера, подсчитанное чипом, лишь приблизительно и на момент когда, согласно подсчету, тонер израсходован и печать блокируется, картридж содержит еще около 30% тонера. Таким образом, замена чипа позволяет значительно сэкономить на расходных материалах лазерного принтера.",,,,,,,,,,,,,,,,,,,,"106R01627, 106R01631",,,Tonex,,,,,,,,,,,,,,,,,,,,,"Xerox Phaser 6000, 6010",,,,,,,,,,,,
400000030947,"Блок фотобарабана (Drum Unit) оригинал. DR-313K для Konica Minolta C258/C658, черный (black), A7U40RD",,,6,0,12390.0,12390.0,"Konica Minolta Bizhub C258, C308, C368, C458, C558, C658; 308, 368, 458, 558",Блок фотобарабана,Drum Unit,Konica Minolta,оригинальный,DR-313K,120000,черный (black),A7U40RD,A7U4-0RD,"Konica Minolta Bizhub C258, C308, C368, C458, C558, C658; 308, 368, 458, 558",C258/C658,Konica Minolta Bizhub C258 C308 C368 C458 C558 C658 C 258 C 308 C 368 C 458 C 558 C 658 308 368 458 558 Коника Минолта Минольта Бизхаб Бицхаб колор калэр калор фотобарабаны фотовал фотовалы фоторецептор фоторецепторы драмы модуль ксерографии DR313,Формирование изображения,Блок фотобарабана,"1100, грамм",Гарантия на данный товар не предоставляется,,,,,,,,,,,,,,,,,,,,,,,,,,,,,,,,,,,,,,,,
400000033102,"Фотобарабан  совместим. для лазерных принтеров Pantum P2200/M6500, NetProduct",,,11,0,156.72,170.35,"Фотобарабан для Pantum Series P2200,2500,M6500,6550,6600. Для картридж PC-211",Фотобарабан,,NetProduct,совместимый,Pantum P2200/M6500,нет данных,не предусмотрено,,,,,"Pantum Series P2200,2500,M6500,6550,6600",,,"47, грамм",Гарантия на данный товар не предоставляется,NetProduct,PC-211EV,Фотобарабаны,,,,,,,,,,,,,,,,,,,,,,,,,,,,,,,,,,,,,
400000019681,"Картридж совместимый для ч/б лазерных принтеров Brother, RTC TN2235/2090, черный (black), с чипом, 1200стр A4, Булат 7Q",,,2,0,590.82,642.19,"Черный тонер-картридж для принтеров Brother HL 2200, 2230, 2240, 2250, 2270, DCP 7060, 7065, 7070, MFC 7360, 7860 заменяющий оригинальные картриджи Brother TN2235, 2090.Тонеры компании Булат для картриджей лазерных принтеров производятся из современного сырья. Это полимеры, применение которых позволяет использовать тонеры в тонер-картриджах для новых скоростных принтеров и копиров. Это магнетиты и зарядорегуляторы, позволяющие получать стабильные результаты качества печати. Все это, плюс технологические приемы, направленные на улучшение структуры и формы частиц тонера, позволяют получить продукт стабильного качества. Все стадии производства тонеров проходят жесткий технологический контроль, готовый продукт всесторонне тестируется. Более 20 параметров подлежат проверке. Компания Булат проводит исследование тонеров во взаимодействии с другими расходными материалами: фотобарабанами, валами первичного заряда и т. д. для наиболее эффективного использования формулировок в дальнейшем.",,,,,,,,,,,,,,,,,,,,,,,Булат http://www.bulatgroup.ru,,,,,,,,,,,,,,RTC TN2235/2090,black (черный),"Brother TN2235, 2090","Brother HL 2200, 2230, 2240, 2250, 2270, DCP 7060, 7065, 7070, MFC 7360, 7860",1200,,,,,,,,,,,,,,,
400000024602,"Ролик захвата/отделения бумаги (Paper Feed/Separation Roller) совместим. для Kyocera FS-2100/P3050, 302HN06080",,,100,0,190.0,189.99,Kyocera FS-2100/FS-4100/M3040dn/p3050,,,,,,,,,,,,,,,,,,,,,,,Китай,,,,,,,,,,,,,,,,,,,,,,,,Ролик подачи (Pulley pickup assy),"S-C5100DN, C5200DN, C5300DN, C5350DN, C5400DN, PF-500, 510, TASKalfa-3050ci, 3550ci, 3500i",302HN06080,,,,,,,
400000032975,"Картридж оригинал. Xerox 006R01532/CT201703, для цветных лазерных принтеров C550/C570, голубой (cyan), 34000стр A4",,,157,0,6790.0,6790.0,"Xerox Primelink C550/C560/C570Внимание, для работы картриджа в МФУ требуется заменачипа!",Картридж,,Xerox,оригинальный,,34000,,,"006R01528, 006R01735, CT201587","Xerox Color 550, 560, 570",C550/C570,Xerox Color Colour C550 C560 C570 C60 C70 C 550 C 560 C 570 C 60 C 70 PrimeLink Prime Link C9065 C9070  C 9065 C 9070 Праймлинк колор калэр калор colour пресс ксерокс тонер туба replenisher краска,,,"1315, грамм",10 месяцев,,,,,,,,не предусмотрено,006R01528,006R01532,CT201703,голубой (cyan),для цветных лазерных принтеров,638,737,США,,,,,,,,,,,,,,,,,,,,,,,,
400000022448,"Ролик захвата бумаги  совместим. для лазерных принтеров ML-3310/M4072, Китай",,,1,0,188.32,221.11,"Ролик захвата бумаги для лазерных принтеров Samsung ML 3310, 3312, 3712, 3750, SCX 4833, 4835, 5637, 5639, 5739, SLM 3320, SL M3370, M3820, M3870, M4020, M4070, M4072",,,,,,,,,,,,,,,,,,,,,,,Китай,,,,,,,,,,,,,,,,,,,,,,,,Ролик захвата бумаки (Pick-up roller),"Samsung ML 3310, 3312, 3712, 3750, SCX 4833, 4835, 5637, 5639, 5739, SLM 3320, SL M3370, M3820, M3870, M4020, M4070, M4072",JC9300310A,,,,,,,
400000032872,"Крышка тонер-картриджа (Toner Cartridge Cover) совместим. для Xerox C560/C70, черная (black)",,,30,0,109.0,108.99,"Крышка — это запасная часть тонер-картриджа, совместимая с принтерами Xerox Color 550/560/570, C60/C70, PrimeLink C9065/C9070. Она предназначена для защиты содержимого картриджа и обеспечивает правильную фиксацию картриджа в устройстве. Крышка используется при ремонте или восстановлении картриджа, например, при его повторной заправке тонером.Кроме того, если у вас есть картридж от Xerox DC250 или Xerox DCP700, вы можете переставить крышку и установитьчип от Xerox Color 550/560/570, отXerox Color C60/C70или отPrimeLink C9065/C9070. После такой модификации картридж станет совместимым с соответствующей моделью принтера. Это возможно благодаря идентичному составу тонера и девелопера, а также схожей конструкции картриджей — различия между ними заключаются лишь в крышке и чипе.",Крышка тонер-картриджа,Toner Cartridge Cover,Xerox,совместимый,не предусмотрено,нет данных,черная (black),не предусмотрено,не предусмотрено,"Xerox Color C550, C560, C570; C60, C70; PrimeLink C9065, C9070",C560/C70,Xerox Color Colour 550 560 570 C550 C560 C570 C60 C70 C 60 C 70 PrimeLink Prime Link C9065 C9070 C 9065 C 9070 крышка сменная End Cap фиксация фиксации крепление закрывашка ручка,Прочее,Крышки,"47, грамм",Гарантия на данный товар не предоставляется,NK,,,,,,,,,,,,,,,,,,,,,,,,,,,,,,,,,,,,,,,
400000031926,"Картридж оригинал. Xerox (Fujifilm) 006R01381/CT202103, для цветных лазерных принтеров DC700/C75, пурпурный (magenta), 21000стр A4",,,88,0,7190.0,7189.99,"Xerox Digital Color Press 700, 700i, 770; С75, J75",Картридж,,Xerox (Fujifilm),оригинальный,,21000,,,"006R01377, 006R01385, CT201245, CT201207, CT201274","Xerox Digital Color Press 700, 700i, 770; Color С75, J75",DC700/C75,Xerox DocuColor 700 700i 770 DC700 DC700i DC770 DC 700 DC 700i DC 770 С75 J75 С 75 J 75 доку колор калор калэр диджитал дижитал дигитал пресс прес ксерокс картридж тонер порошок туба краска replenisher,,,"1, грамм",10 месяцев,,,,,,,,не предусмотрено,CT202103,006R01381,CT202103,пурпурный (magenta),для цветных лазерных принтеров,638,737,Япония,,,,,,,,,,,,,,,,,,,,,,,,
400000031979,"Чип тонер-картриджа совместим. 006R01662 для Xerox C60/C70, желтый (yellow)",,,281,0,200.0,200.0,"Xerox Color C60, C70",Чип тонер-картриджа,не предусмотрено,Xerox,совместимый,006R01662,34000,желтый (yellow),не предусмотрено,не предусмотрено,"Xerox Color C60, C70",C60/C70,Xerox Color Colour C60 C70,Прочее,Чипы,"1, грамм",Гарантия на данный товар не предоставляется,JDY,,,,,,,,,,,,,,,,,,,,,,,,,,,,,,,,,,,,,,,
400000032688,"Ремень предварительного нагрева (Preheating Belt) оригинал. для Canon VP135, 1060075551",,,3,0,6990.0,6990.0,"Canon/Océ VarioPrint 110, 115, 120, 130, 135, 140",Ремень предварительного нагрева,Preheating Belt,Canon,оригинальный,не предусмотрено,1200000,не предусмотрено,1060075551,нет данных,"Canon/Océ VarioPrint 110, 115, 120, 130, 135, 140",VP135,Лента для запекания тонера Лента для печки Лента нагрева Лента предварительного нагрева Нагревательная лента Нагревательная лента фьюзера Нагревательный ремень Печной ремень Ремень для запекания Ремень для предварительного нагрева бумаги Ремень подогрева Ремень преднагрева Ремень термоблока Ремень фьюзера Термолента Термолента для термозакрепления Термопленка Термопленка предварительного нагрева Терморемень предварительного нагрева Фьюзерная лента Фьюзерный ремень Fuser Belt Fuser Preheating Belt Fusing Belt Fusing film Heat Belt Preheating Belt Thermal Belt Canon Oce Océ Кэнон Канон VarioPrint Vario Print Вариопринт Варио принт VarioPrint VP110 VP115 VP120 VP130 VP135 VP140 VP 110 VP 115 VP 120 VP 130 VP 135 VP 140 VР110 VР115 VР120 VР130 VР135 VР140,Закрепление изображения,Печные валы и ремни,"134, грамм",Гарантия на данный товар не предоставляется,,,,,,,,,,,,,,,,,,,,,,,,,,,,,,,,,,,,,,,,
400000032839,"Картридж оригинал. Xerox 006R01646/CT202292, для цветных лазерных принтеров Versant 80/280, черный (black), 20000стр A4",,,150,0,6180.0,6180.0,"Opигинaльный тoнeр-картридж Xerox, черный (black)Подходит для принтеров Xerox Versant 80, 170i, 180, 180i, 280 PressКартриджи предназначены для распространения в США и Канаде, для корректной работы требуется заменучипа.",Картридж,,Xerox,оригинальный,,20000,,,"006R01638, 006R01642, 006R01845, CT202280, CT202284, CT202288, CT202292, CT202296, CT202300, CT203442","Xerox Versant 80, 170i, 180, 180i, 280 Press",Versant 80/280,Xerox Versant 80 170 170i 180 180i 280 v80 c170i v180 v180i v280 Press Ксерокс Версант вёрсант пресс туба тонер порошок краска репленишер replenisher,,,"1290, грамм",10 месяцев,,,,,,,,не предусмотрено,006R01642,006R01646,CT202292,черный (black),для цветных лазерных принтеров,638,760,США,,,,,,,,,,,,,,,,,,,,,,,,
400000031433,"Ролик переноса изображения второй (2nd Image Transfer Roller) оригинал. для Konica Minolta C250i/C360i,  AA2JR72011",,,4,0,8590.0,8590.0,"Konica Minolta Bizhub 300i, 360i, C250i, C300i, C360i",Ролик переноса изображения второй,2nd Image Transfer Roller,Konica Minolta,оригинальный,не предусмотрено,нет данных,не предусмотрено,AA2JR72011,AA2JR72000,"Konica Minolta Bizhub 300i, 360i, C250i, C300i, C360i",C250i/C360i,"2nd Image Transfer Roller 2nd ITR ролик 2nd Transfer Roller Вал второго переноса Вал для вторичного переноса Вал переноса Вал переноса изображения Вторичный ролик переноса Вторичный трансферный ролик Второй ролик Второй ролик переноса Второй трансферный ролик Ролик вторичного переноса Ролик вторичного переноса изображения Ролик второго переноса изображения Ролик второго переноса тонера Ролик второго этапа переноса Ролик второго ITR модуля Ролик для передачи изображения Ролик для переноса тонера Ролик для печати Ролик заключительного переноса Ролик переноса Ролик переноса изображения Ролик трансферного узла Ролик финального переноса Трансферный ролик Узел второго переноса Image Transfer Roll Roll Second Transfer Roller Secondary Transfer Roller Transfer Roll C 250i C 300i C 360i 300i 360i С250i С300i С360i Konica Minolta Bizhub 300i, 360i, C250i, C300i, C360i Коника Conika Konika Минолта Минольта бицхаб бизхаб",Перенос изображения,Ролики переноса,"785, грамм",Гарантия на данный товар не предоставляется,,,,,,,,,,,,,,,,,,,,,,,,,,,,,,,,,,,,,,,,
400000033338,"Блок девелопера (Developer Housing) оригинал. для Xerox (Fujifilm) Color 800/1000, универсальный, 848K82191",,,3,0,79900.0,79900.01,"Xerox Color 800 Press, 800i Press;Xerox Color 1000 Press, 1000i Press",Блок девелопера,Developer Housing,Xerox (Fujifilm),оригинальный,не предусмотрено,500000,универсальный,848K82191,"544P25131, 607K12521, 622S01840, 622S02002, 641S00875, 848K28161, 848K28162, 848K28166, 848K28167, 848K28168, 848K28169, 848K56288, 848K82192, 848K82193, 848K82194, 848K82195, 848K82196, 848K82198, 848K82199, 948K19410, 948K19411, 948K19412","Xerox Color 800, 800i, Color 1000, 1000i Press",Color 800/1000,Xerox Color 800 800i Color 1000 1000i C800 C800i C1000 C1000i Press Digital пресс прес колор калор калэр ксерокс DCP носитель носителя проявка проявки проявления проявитель ксерокс хаузинг узел юнит,Формирование изображения,Блок девелопера,"5800, грамм",Гарантия на данный товар не предоставляется,,,,,,,,,,,,,,,,,,,,,,,,,,,,,,,,,,,,,,,,
400000014883,"Чистящее лезвие (Wiper blade)  совместим. для лазерных принтеров HP LJ P1005/1505/M15/M28, Булат",,,16,0,38.63,41.99,"Ракель для лазерных принтеров НР LJ 1005, 1505 и картриджей Q2612A. Ракель — металлическая пластина для очистки поверхности фотобарабана от остаточного тонера. Из-за того, что ракель прилегает к фотобарабану — от его качества зависит срок службы фотобарабана, т. к. поврежденный ракель увеличивает напряжение на фотобарабан.Чистящее лезвие (Wiper blade) для принтеров HP LJ P1005, P1006, P1007, P1008, P1009, P1505, P1505n, P1504, P1504n, P1506, P1506n, MFP M1120, M1120n, M1522, M1522n, M1522nf, HP LJ Pro M125ra, HP LJ Pro M125rnw, HP LJ Pro M127fn, HP LJ Pro M201dw, HP LJ Pro M201n, HP LJ Pro M225rdn, HP LJ Pro MFP M225dw, HP LJ Pro M125r, HP LJ Pro M127fw, HP LJ Pro MFP M225dn, HP LJ P1102, HP LJ P1102w, HP LJ P1109, HP LJ M1132, HP LJ M1132s, HP LJ M1136, HP LJ M1212, HP LJ M1212nf, HP LJ M1214, HP LJ M1214nfh, HP LJ M1217, HP LJ M1217nfw, Canon LBP3250, LBP3010, LBP6000, LBP6000b, LBP6020, LBP6020b, LBP6030, LBP6030b, LBP6030w, MF3010, FAX L150, FAX L170, L410, i-SENSYS MF4410, MF4430, MF4450, MF4550, MF4570, MF4580, MF4730, MF4750, MF4780, MF4870, MF4890",,,,,,,,,,,,,,,,,,,,"CB435A, CB436A","НР LJ 1005, 1505",,Tonex,,,,,,,,,,,,,,,,,,,,,,,,,,,,,,,,,
400000029630,"Картридж оригинал. Konica Minolta TN-328M AAV8330/AAV8350, для цветных лазерных принтеров C250i/C360i, пурпурный (magenta), 28000стр A4",,,2,0,6690.0,6690.01,"Konica Minolta Bizhub C250i, C300i, C360i",Картридж,,Konica Minolta,оригинальный,,28000,,,AAV8390,"Konica Minolta Bizhub C250i, C300i, C360i",C250i/C360i,"Konica Minolta Bizhub C250i, C300i, C360i, С250, C300, C360",,,"770, грамм",10 месяцев,,,,,,,,TN-328M,AAV8370,AAV8330,AAV8350,пурпурный (magenta),для цветных лазерных принтеров,519,,Япония,,,,,,,,,,,,,,,,,,,,,,,,
400000013494,"Блок фотобарабана (Drum Unit) оригинал. DR-311K для Konica Minolta C280/C360, черный (black), A0XV0RD",,,6,0,10990.0,10990.0,"Drum Unit DR311K для Konica Minolta Bizhub C220, C280, C360.",,,,,,,,,,,,,,,,,,,,,,,Konica-Minolta,,,,,,,,,,,,,,,,,,,,,,,,Блок барабана,,,,,"Konica Minolta Bizhub C220, 280, 360",,,,
400000016913,"Чип тонер-картриджа  совместим. для лазерных принтеров Samsung CLP-300/CLX-2160/3160 CLP-Y300A, желтый (yellow), 1000стр A4, Китай",,,2,0,39.15,42.55,"Чип для лазерных принтеров Samsung CLP-300, 300N, CLX-2160, 3160N, 3160FN и картриджей CLP-Y300A. Чип для лазерного картриджа — микросхема памяти, на которой записаны характеристики картриджа. Количество израсходованного тонера, подсчитанное чипом, лишь приблизительно и на момент когда, согласно подсчету, тонер израсходован и печать блокируется, картридж содержит еще около 30% тонера. Таким образом, замена чипа позволяет значительно сэкономить на расходных материалах лазерного принтера.",,,,,,,,,,,,,,,,,,,,CLP-Y300A,"CLP-300, 300N, CLX-2160, 3160N, 3160FN",,,,,,,,,,,,,,,,,,,,,,,,,,,,,,,,,,,
400000030970,"Блок фотобарабана (Drum Unit) оригинал. DU-107 для Konica Minolta C1100/C6085, желтый/пурпурный/голубой (yellow/magenta/cyan), A6DY0Y1",,,1,0,28290.0,28289.99,"Konica Minolta AccurioPress C6085, C6100; Bizhub Press C1085, C1100",Блок фотобарабана,Drum Unit,Konica Minolta,оригинальный,DU-107,350000,желтый/пурпурный/голубой (yellow/magenta/cyan),A6DY0Y1,A6DYWY1,"Konica Minolta Bizhub Press C1085, C1100; AccurioPress C6085, C6100",C1100/C6085,"Konica Minolta Bizhub Press C1085, C1100; AccurioPress Accurio Press C6085, C6100",Формирование изображения,Блок фотобарабана,"2240, грамм",Гарантия на данный товар не предоставляется,,,,,,,,,,,,,,,,,,,,,,,,,,,,,,,,,,,,,,,,
400000032562,"Ролик переноса изображения второй в сборе (2nd BTR Bias Transfer Roller Assembly) оригинал. для Xerox WC7525/C8070, 859K03831/008R13064",,,1,0,5900.0,5899.99,,Ролик переноса изображения второй в сборе,2nd BTR Bias Transfer Roller Assembly,Xerox,оригинальный,не предусмотрено,200000,не предусмотрено,859K03831/008R13064,не предусмотрено,"Xerox WorkCentre WC7525, WC7530, WC7535, WC7545, WC7556, WC7830, WC7835, WC7845, WC7855, WC7970; AltaLink C8030, C8035, C8045, C8055, C8070",WC7525/C8070,Xerox WorkCentre WC7525 WC7530 WC7535 WC7545 WC7556 WC7830 WC7835 WC7845 WC7855 WC7970 WC 7525 WC 7530 WC 7535 WC 7545 WC 7556 WC 7830 WC 7835 WC 7845 WC 7855 WC 7970 AltaLink C8030 C8035 C8045 C8055 C8070 C 8030 C 8035 C 8045 C 8055 C 8070 80 180 280 2100 3100 4100 v80 v180 v280 v2100 v3100 v4100 Ксерокс Вал вторичного переноса Вал для вторичного переноса Вал переноса изображения Второй ролик переноса Ролик вторичного переноса Ролик второго переноса изображения Ролик второго BTR модуля Ролик для передачи изображения Ролик для переноса тонера Ролик для печати Ролик переноса изображения Ролик трансферного узла Ролик финального переноса Ролик BTR Трансферный ролик Узел второго переноса assy в сборе узел переноса узел ролика 2-го переноса блок второго переноса BTR ролик BTR Assembly Image Transfer Roller Second Transfer Roller Secondary Transfer Roller,Перенос изображения,Ролики переноса,"699, грамм",Гарантия на данный товар не предоставляется,,,,,,,,,,,,,,,,,,,,,,,,,,,,,,,,,,,,,,,,
400000020147,"Картридж совместимый для ч/б лазерных принтеров Xerox, RTC WC 3210(4.1K), черный (black), с чипом, 10000стр A4, Булат 7Q",,,1,0,1081.6,1175.65,"Черный тонер-картридж для принтеров Xerox WC 3210 3220 заменяющий оригинальные картриджи RTC WC 3210(4.1K). Тонеры компании Булат для картриджей лазерных принтеров производятся из современного сырья. Это полимеры, применение которых позволяет использовать тонеры в тонер-картриджах для новых скоростных принтеров и копиров. Это магнетиты и зарядорегуляторы, позволяющие получать стабильные результаты качества печати. Все это, плюс технологические приемы, направленные на улучшение структуры и формы частиц тонера, позволяют получить продукт стабильного качества. Все стадии производства тонеров проходят жесткий технологический контроль, готовый продукт всесторонне тестируется. Более 20 параметров подлежат проверке. Компания Булат проводит исследование тонеров во взаимодействии с другими расходными материалами: фотобарабанами, валами первичного заряда и т. д. для наиболее эффективного использования формулировок в дальнейшем.",,,,,,,,,,,,,,,,,,,,,,,Булат,,,,,,,,,,,,http://www.bulatgroup.ru,,RTC WC 3210(4.1K),black (черный),"106R01485, 106R01486, 106R01487","WorkCentre 3210, 3220",10000,,,,,,,,,,,,,,,
400000030021,"Чип тонер-картриджа  совместим. для лазерных принтеров HP LJ P1505 CB436A, черный (black), 2000стр A4, Булат",,,9,0,73.77,77.82,"Чип для лазерного картриджа — микросхема памяти, на которой записаны характеристики картриджа. Количество израсходованного тонера, подсчитанное чипом, лишь приблизительно и на момент когда, согласно подсчету, тонер израсходован и печать блокируется, картридж содержит еще около 30% тонера. Таким образом, замена чипа позволяет значительно сэкономить на расходных материалах лазерного принтера.Чип для принтеров HP LJ M1120, M1522, P1505, P1005, P1006, P1007, P1008, P1009, P1102, P1109, M1132, M1136, M1212, M1214, M1217, M1536, P1560, P1566, P1600, P1606, Canon LBP3250, LBP3010, LBP3100, LBP6000, LBP6020, LBP6030, LBP6200, LBP6230, MF3010, MF4410, MF4430, MF4450, MF4550, MF4570, MF4580, MF4730, MF4750, MF4780, MF4870, MF4890, PC D520, PC D550, FAX-L150, FAX-L170, FAX-L410",Чип тонер-картриджа,,Булат,совместимый,HP LJ P1505 CB436A,2000,черный (black),,,,,"HP LJ M1120, M1522, P1505, P1005, P1006, P1007, P1008, P1009, P1102, P1109, M1132, M1136, M1212, M1214, M1217, M1536, P1560, P1566, P1600, P1606, Canon LBP3250, LBP3010, LBP3100, LBP6000, LBP6020, LBP6030, LBP6200, LBP6230, MF3010, MF4410, MF4430, MF4450, MF4550, MF4570, MF4580, MF4730, MF4750, MF4780, MF4870, MF4890, PC D520, PC D550, FAX-L150, FAX-L170, FAX-L410",,,"2, грамм",Гарантия на данный товар не предоставляется,Булат,"CB436A, F158200",Чипы,,,,,,,,,,,,,,,,,,,,,,,,,,,,,,,,,,,,,
400000031971,"Чип фотобарабана совместим. 013R00664 для Xerox C550/C70, цветной (голубой, пурпурный, желтый/cyan, magenta, yellow)",,,1,0,178.0,210.0,"Xerox Color C550, C560, C570; C60, C70;PrimeLink C9065, C9070;",Чип фотобарабана,не предусмотрено,Xerox,совместимый,013R00664,85000,"цветной (голубой, пурпурный, желтый/cyan, magenta, yellow)",не предусмотрено,не предусмотрено,"Xerox Color C550, C560, C570; C60, C70; PrimeLink C9065, C9070;",C550/C70,Xerox Color Colour C550 C560 C570 C 550 C 560 C 570 C60 C70 C 60 C 70 Чип микросхема счетчик отпечатков Xerox Ксероркс Color колор калэр калор PrimeLink Праймлинк Прайм линк фотобарабан барабан барабаны фотовал фоторецептор фоторецепторы ксерографии драмы,Формирование изображения,Чипы,"1, грамм",Гарантия на данный товар не предоставляется,ZHN,,,,,,,,,,,,,,,,,,,,,,,,,,,,,,,,,,,,,,,
400000031460,"Блок фотобарабана (Drum Unit) оригинал. для Xerox (Fujifilm) D95/D136, черный (black), CT350935 (013R00666/013R00668)",,,2,0,22560.0,22559.99,"Xerox D95, D110, D110P, D125, D125P, D136, D136P",Блок фотобарабана,Drum Unit,Xerox (Fujifilm),оригинальный,не предусмотрено,500000,черный (black),CT350935 (013R00666/013R00668),не предусмотрено,"Xerox D95, D110, D110P, D125, D125P, D136, D136P",D95/D136,"Xerox D95, D110, D110P, D125, D125P, D136, D136P",Формирование изображения,Блок фотобарабана,"2567, грамм",Гарантия на данный товар не предоставляется,,,,,,,,,,,,,,,,,,,,,,,,,,,,,,,,,,,,,,,,
400000032104,"Блок девелопера (Developer Housing) оригинал. для Xerox (Fujifilm) C550/C75, желтый/пурпурный/голубой (yellow/magenta/cyan), 604K86350",,,19,0,12390.0,12990.01,"Xerox Color C550, C560, C570; C60, C70;Digital Color Press 700, 700i, 770; C75; J75;PrimeLink C9065, C9070;DocuColor 240, 250, 242, 252, 260;WorkCentre 7655, 7665, 7675, 7755, 7765, 7775",Блок девелопера,Developer Housing,Xerox (Fujifilm),оригинальный,не предусмотрено,1500000,желтый/пурпурный/голубой (yellow/magenta/cyan),604K86350,"604K50030, 604K50031, 604K50032, 604K50033, 604K86350, 604K86351, 604K86352, 604K86353, 641S00638, 604K85130, 604K24220, 604K24221, 604K24222, 604K24223, 604K24224, 604K24225, 604K24226, 604K24227, 604K24228, 604K24229, 604K86550, 604K86551, 604K86552, 604K86553, 641S00637, 642S01157","Xerox Color C550, C560, C570; C60, C70; PrimeLink C9065, C9070; Digital Color Press 700, 700i, 770; C75; J75; DocuColor 240, 250, 242, 252, 260; WorkCentre 7655, 7665, 7675, 7755, 7765, 7775",C550/C75,"Xerox DocuColor Docu Color Colour DC240 DC242 DC250 DC252 DC260 DC 240 DC 242 DC 250 DC 252 DC 260 Color Colour C550 C560 C570 C60 C70 C75 J75 C 550 C 560 C 570 C 60 C 70 C 75 J 75 Digital Color Press 700 700i 770 PrimeLink Prime Link C9065 C9070 C 9065 C 9070 WorkCentre 7655, 7665, 7675, 7755, 7765, 7775 WC7655 WC7665 WC7675 WC7755 WC7765 WC7775 праймлинк ксерокс колор калор пресс линк воркцентр вёркцентр ворк вёрк docu DocuColor доку PrimeLink Prime colour color праймлинк ксерокс колор калор docu DocuColor доку воркцентр вёркцентр ворк вёрк  housing assembly assy developer проявки проявка носитель",Формирование изображения,Блок девелопера,"1458, грамм",Гарантия на данный товар не предоставляется,,,,,,,,,,,,,,,,,,,,,,,,,,,,,,,,,,,,,,,,
400000032868,"Блок фотобарабана (Drum Unit) оригинал. для Xerox (Fujifilm) Versant 80/2100, универсальный, 013R00674",,,1,0,16880.0,16880.0,Внимание! Для работы фотобарабана требуется замена чипа!Чип для Xerox Versant 80/2100,Блок фотобарабана,Drum Unit,Xerox (Fujifilm),оригинальный,не предусмотрено,348000,универсальный,013R00674,"013R00676, CT351050, CT351054","Xerox Versant 80, 180, 170i, 180i, 280; 2100, 3100, 3100i, 4100",Versant 80/2100,Xerox Versant 80 170 170i 180 180i 280 2100 3100 3100i 4100 R1/R2/R3/R4 фотобарабан Drum барабан барабаны фотовал фоторецептор фоторецепторы ксерографии драмы Unit блок модуль узел Ксерокс Версант Вёрсант Версанта Fujifilm Фуджифильм Фуджи фильм филм,Перенос изображения,Блок фотобарабана,"1042, грамм",Гарантия на данный товар не предоставляется,,,,,,,,,,,,,,,,,,,,,,,,,,,,,,,,,,,,,,,,
400000031111,"Картридж оригинал. Xerox (Fuji Xerox) 006R01693/ CT202242, для цветных лазерных принтеров SC2020, черный (black), 9000стр A4",,,8,0,3200.0,3200.01,Xerox DocuCenter SC2020,Картридж,,Xerox (Fuji Xerox),оригинальный,,9000,,,"CT202246, CT202952, CT203020","Xerox DocuCentre SC2020, SC2022",SC2020,Xerox DocuCentre DocuCenter Docu Centre Center SC2020 SC2022 докуцентр CT202396,,,"506, грамм",10 месяцев,,,,,,,,не предусмотрено,CT202242,006R01693,CT202242,черный (black),для цветных лазерных принтеров,190,нет данных,Япония,,,,,,,,,,,,,,,,,,,,,,,,
400000031222,"Ролик переноса изображения второй (2nd Image Transfer Roller) оригинал. для Konica Minolta C224/C554, A161R71433",,,23,0,3390.0,3390.0,"Konica Minolta Bizhub 224e, 284e, 308, 364e, 368, 454e, 458, 554e, 558, C224, C224e, C227, C227i, C257i, C258, C284, C284e, C287, C287i, C308, C364, C364e, C368, C454, C454e, C554, C554e, C654, C654e",Ролик переноса изображения второй,2nd Image Transfer Roller,Konica Minolta,оригинальный,не предусмотрено,300000,не предусмотрено,A161R71433,"A161R71400, A161R71411, A161R71422, AA6RR70200, A79JR71100, A797R71811, A797R71800","Konica Minolta Bizhub 224e, 284e, 308, 364e, 368, 454e, 458, 554e, 558, C224, C224e, C227, C227i, C257i, C258, C284, C284e, C287, C287i, C308, C364, C364e, C368, C454, C454e, C554, C554e, C654, C654e",C224/C554,"2nd Image Transfer Roller 2nd ITR ролик 2nd Transfer Roller Вал второго переноса Вал для вторичного переноса Вал переноса Вал переноса изображения Вторичный ролик переноса Вторичный трансферный ролик Второй ролик Второй ролик переноса Второй трансферный ролик Ролик вторичного переноса Ролик вторичного переноса изображения Ролик второго переноса изображения Ролик второго переноса тонера Ролик второго этапа переноса Ролик второго ITR модуля Ролик для передачи изображения Ролик для переноса тонера Ролик для печати Ролик заключительного переноса Ролик переноса Ролик переноса изображения Ролик трансферного узла Ролик финального переноса Трансферный ролик Узел второго переноса Image Transfer Roll Roll Second Transfer Roller Secondary Transfer Roller Transfer Roll C 224 C 224e C 227 C 227i C 257i C 258 C 284 C 284e C 287 C 287i C 308 C 364 C 364e C 368 C 454 C 454e C 554 C 554e C 654 C 654e 224е 284е 364е 454е С224 С224е С227 С227i С257i С258 С284 С284е С287 С287i С308 С364 С364е С368 С454 С454е С554 С554е С654 С654е
Konica Minolta Bizhub 224e 284e 308 364e 368 454e 458 554e 558 C224 C224e C227 C227i C257i C258 C284 C284e C287 C287i C308 C364 C364e C368 C454 C454e C554 C554e C654 C654e Коника Минолта Минольта Бизхаб Бицхаб",Перенос изображения,Ролики переноса,"548, грамм",Гарантия на данный товар не предоставляется,,,,,,,,,,,,,,,,,,,,,,,,,,,,,,,,,,,,,,,,
400000031674,"Блок девелопера (Developer Unit) оригинал. DV-619M для Konica Minolta C458/C658, пурпурный (magenta), A9C80ED",,,5,0,23990.0,23990.0,"Konica Minolta Bizhub C458, C558, C658",Блок девелопера,Developer Unit,Konica Minolta,оригинальный,DV-619M,600000,пурпурный (magenta),A9C80ED,не предусмотрено,"Konica Minolta Bizhub C458, C558, C658",C458/C658,Konica Minolta Bizhub C458 C558 C658 C 458 C 558 C 658 Минолта Минольта бизхаб бицхаб носитель носителя проявка проявки проявления проявитель узел юнит,Формирование изображения,Блок девелопера,"1417, грамм",Гарантия на данный товар не предоставляется,,,,,,,,,,,,,,,,,,,,,,,,,,,,,,,,,,,,,,,,
400000031684,"Печка (Fusing Unit) оригинал. для Konica Minolta C458, A79MR70333",,,1,0,41990.0,41990.0,Konica Minolta Bizhub C458; 458,Печка,Fusing Unit,Konica Minolta,оригинальный,не предусмотрено,600000,не предусмотрено,A79MR70333,"A79MR70322, A79MR70311, A79MR70600, A79MR70300, A79MR70200, A79MR70100, A79MR70211, A79MR70222, A79MR70233",Konica Minolta Bizhub C458; 458,C458,Konica Minolta Bizhub C458 458,Закрепление изображения,Печка,"5000, грамм",Гарантия на данный товар не предоставляется,,,,,,,,,,,,,,,,,,,,,,,,,,,,,,,,,,,,,,,,
400000015041,"Чип тонер-картриджа  совместим. для лазерных принтеров Xerox Phaser 3300 (106R01412), черный (black), 8000стр A4, Китай",,,5,0,39.03,41.16,"Чип для лазерных принтеров Xerox Phaser 3300 и картриджей 106R01412. Чип для лазерного картриджа — микросхема памяти, на которой записаны характеристики картриджа. Количество израсходованного тонера, подсчитанное чипом, лишь приблизительно и на момент когда, согласно подсчету, тонер израсходован и печать блокируется, картридж содержит еще около 30% тонера. Таким образом, замена чипа позволяет значительно сэкономить на расходных материалах лазерного принтера.",,,,,,,,,,,,,,,,,,,,106R01412,Xerox Phaser 3300,,Noname,,,,,,,,,,,,,,,,,,,,,,,,,,,,,,,,,
400000032448,"Чип для лазерных принтеров Xerox Altalink C8130, C8135, C8170 и картриджей 006R01756, пурпурный (magenta)",,,92,0,180.0,179.99,,,,,,,,,,,,,,,,"1, грамм",Гарантия на данный товар не предоставляется,,,,,,,,,,,,,,,,,,,,,,,,,,,,,,,,,,,,,,,,
400000031864,"Блок фотобарабана (Drum Unit) оригинал. DR-620K для Konica Minolta C4070/C4080, черный (black), ACE60Y2",,,11,0,39900.0,39900.0,"Konica Minolta AccurioPress C4070, C4080",Блок фотобарабана,Drum Unit,Konica Minolta,оригинальный,DR-620K,460000,черный (black),ACE60Y2,не предусмотрено,"Konica Minolta AccurioPress C4070, C4080",C4070/C4080,Konica Minolta Bizhub AccurioPress Accurio Press C4070 C4080 C 4070 C 4080  Коника Минолта Минольта пресс прес аккурио акурио акку акуриопринт аккуриопринт фотобарабаны фотовал фотовалы фоторецептор фоторецепторы драм драмм драмы модуль ксерографии DR620 DR 620 DR620K DR 620 K,Формирование изображения,Блок фотобарабана,"1700, грамм",Гарантия на данный товар не предоставляется,,,,,,,,,,,,,,,,,,,,,,,,,,,,,,,,,,,,,,,,
400000015224,"Картридж совместимый для ч/б лазерных принтеров Xerox, RTC XR3010, черный (black), с чипом, 2300стр A4, Булат S-Line",,,4,0,256.55,278.85,"Черный тонер-картридж для принтеров Xerox Phaser 3010, 3040, WorkCentre 3045, заменяющий оригинальные картриджи X3010. Тонеры компании Булат для картриджей лазерных принтеров производятся из современного сырья. Это полимеры, применение которых позволяет использовать тонеры в тонер-картриджах для новых скоростных принтеров и копиров. Это магнетиты и зарядорегуляторы, позволяющие получать стабильные результаты качества печати. Все это, плюс технологические приемы, направленные на улучшение структуры и формы частиц тонера, позволяют получить продукт стабильного качества. Все стадии производства тонеров проходят жесткий технологический контроль, готовый продукт всесторонне тестируется. Более 20 параметров подлежат проверке. Компания Булат проводит исследование тонеров во взаимодействии с другими расходными материалами: фотобарабанами, валами первичного заряда и т. д. для наиболее эффективного использования формулировок в дальнейшем.",,,,,,,,,,,,,,,,,,,,,,,Булат,,,,,,,,,,,,http://www.bulatgroup.ru,,RTC X3010,black (черный),X3010,"Xerox Phaser 3010, 3040, WorkCentre 3045",2300,,,,,,,,,,,,,,,
400000031439,"Картридж оригинал. Xerox 006R01739/CT201703, для цветных лазерных принтеров C9065/C9070, голубой (cyan), 34000стр A4",,,9,0,6790.0,6790.0,"Xerox Primelink C9065/C9070Внимание, для работы картриджа на Xerox Color C9065/C9070 требуется заменачипа!",Картридж,,Xerox,оригинальный,,34000,,,"006R01735, CT201587","Xerox PrimeLink C9065, C9070",C9065/C9070,Xerox Color Colour C550 C560 C570 C60 C70 C 550 C 560 C 570 C 60 C 70 PrimeLink Prime Link C9065 C9070 C 9065 C 9070 Праймлинк колор калэр калор colour пресс ксерокс тонер туба replenisher краска,,,"1315, грамм",10 месяцев,,,,,,,,не предусмотрено,006R01528,006R01739,CT201703,голубой (cyan),для цветных лазерных принтеров,638,737,США,,,,,,,,,,,,,,,,,,,,,,,,
400000030062,"Картридж совместимый для ч/б лазерных принтеров Canon и HP, CF230A/051, черный (black), с чипом, 2000стр A4, Булат 7Q",,,2,0,375.25,407.89,,Картридж совместимый,,Булат 7Q,,,2000,,,,,"HP LJ Pro M203dn, HP LJ Pro M203dw, HP LJ Pro M227fdn, HP LJ Pro M227fdw, HP LJ Pro M227sdn, Canon LBP162, Canon MF264, Canon MF267, Canon MF269",,,,"200, грамм",Гарантия на данный товар не предоставляется,,,,,,,,CF230A/051,,,,черный (black),для ч/б лазерных принтеров Canon и HP,,,,с чипом,"HP CF230A, Canon 051",https://bulatgroup.ru/,,,,,,,,,,,,,,,,,,,,,
400000032002,"Чип фотобарабана совместим. 013R00664 для Xerox C550/C70, цветной (голубой, пурпурный, желтый/cyan, magenta, yellow)",,,251,0,210.0,210.0,Xerox C550/560/570; C60/C70,Чип фотобарабана,не предусмотрено,Xerox,совместимый,013R00664,85000,"цветной (голубой, пурпурный, желтый/cyan, magenta, yellow)",не предусмотрено,не предусмотрено,"Xerox Color C550, C560, C570; C60, C70",C550/C70,Xerox Color Colour C550 C560 C570 C 550 C 560 C 570 C60 C70 C 60 C 70 Чип микросхема счетчик отпечатков Xerox Ксероркс Color PrimeLink Праймлинк Прайм линк колор калэр калор фотобарабан барабан барабаны фотовал фоторецептор фоторецепторы ксерографии драмы,Формирование изображения,Чипы,"1, грамм",Гарантия на данный товар не предоставляется,JDY,,,,,,,,,,,,,,,,,,,,,,,,,,,,,,,,,,,,,,,
400000031934,"Ролик подачи бумаги (Feed Roller) оригинал. для Konica Minolta C5500/С65hc, A21ER70300",,,10,0,690.0,690.0,"Konica Minolta Bizhub Pro C5500, C5501, C6500, C6501, C65hc",Ролик подачи бумаги,Feed Roller,Konica Minolta,оригинальный,не предусмотрено,нет данных,не предусмотрено,A21ER70300,"65AAR78900, 4969104201","Konica Minolta Bizhub Pro C5500, C5501, C6500, C6501, C65HC",C5500/С65hc,Konica Minolta Bizhub Pro C5500 C5501 C6500 C6501 C65hc C 5500 C 5501 C 6500 C 6501 C 65hc С5500 С5501 С6500 С6501 С65hс Konica Minolta bizhub Минолта Минольта бицхаб бизхаб,Подача и вывод материала,Ролики подачи и захвата,"48, грамм",Гарантия на данный товар не предоставляется,,,,,,,,,,,,,,,,,,,,,,,,,,,,,,,,,,,,,,,,
400000013502,"Фотобарабан  совместим. для лазерных принтеров HP LJ 2035, SGT",,,58,25,119.27,129.64,"Фотобарабан для лазерных принтеров HP LJ P2035, 2055 и картриджей CE505. Фотобарабан состоит из металлического цилиндра, на который нанесен фотослой. Фотобарабаны различаются размерами и формой шестерен, обеспечивающих его вращение. На фотобарабане лазер принтера засвечивает области, на которые магнитному валу необходимо нанести тонер. Срок службы фотобарабана зависит от используемых тонера и бумаги.",,,,,,,,,,,,,,,,,,,,CE505A,"HP LJ 2035, 2055",,Asia OC,,,,,,,,,,,,,,,,,,,,,,,,,,,,,,,,,
400000032874,"Крышка тонер-картриджа (Toner Cartridge Cover) совместим. для Xerox C560/C70, пурпурная (magenta)",,,30,0,109.0,108.99,"Крышка — это запасная часть тонер-картриджа, совместимая с принтерами Xerox Color 550/560/570, C60/C70, PrimeLink C9065/C9070. Она предназначена для защиты содержимого картриджа и обеспечивает правильную фиксацию картриджа в устройстве. Крышка используется при ремонте или восстановлении картриджа, например, при его повторной заправке тонером.Кроме того, если у вас есть картридж от Xerox DC250 или Xerox DCP700, вы можете переставить крышку и установитьчип от Xerox Color 550/560/570, отXerox Color C60/C70или отPrimeLink C9065/C9070. После такой модификации картридж станет совместимым с соответствующей моделью принтера. Это возможно благодаря идентичному составу тонера и девелопера, а также схожей конструкции картриджей — различия между ними заключаются лишь в крышке и чипе.",Крышка тонер-картриджа,Toner Cartridge Cover,Xerox,совместимый,не предусмотрено,нет данных,пурпурная (magenta),не предусмотрено,не предусмотрено,"Xerox Color C550, C560, C570; C60, C70; PrimeLink C9065, C907",C560/C70,Xerox Color Colour 550 560 570 C550 C560 C570 C60 C70 C 60 C 70 PrimeLink Prime Link C9065 C9070 C 9065 C 9070 крышка сменная End Cap фиксация фиксации крепление закрывашка ручка,Прочее,Крышки,"47, грамм",Гарантия на данный товар не предоставляется,NK,,,,,,,,,,,,,,,,,,,,,,,,,,,,,,,,,,,,,,,
400000026649,"Картридж RTC CF259X, с чипом, black (черный), для лазерных принтеров HP LaserJet M428, заменяет ориг. картриджи HP CA259X,  10000стр, произв. Булат (7Q)",,,2,0,2846.31,3093.82,,Картридж совместимый,,Булат 7Q,,,10000,,,,,HP LaserJet M428,,,,"600, грамм",Гарантия на данный товар не предоставляется,,,,,,,,RTC CF259X,,,,черный (black),,,,,без чипа,CA259X,http://www.bulatgroup.ru,,,,,,,,,,,,,,,,,,,,,
400000032105,"Блок девелопера (Developer Unit) оригинал. DV-313M для Konica Minolta C258/C368, пурпурный (magenta), A7U40ED",,,1,0,29900.0,29900.01,"Konica Minolta Bizhub C258, C308, C368",Блок девелопера,Developer Unit,Konica Minolta,оригинальный,DV-313M,600000,пурпурный (magenta),A7U40ED,не предусмотрено,"Konica Minolta Bizhub C258, C308, C368",C258/C368,Konica Minolta Bizhub C C258 258 C308 308 C368 368 Минолта Минольта бизхаб бицхаб носитель носителя проявка проявки проявления проявитель узел юнит,Формирование изображения,Блок девелопера,"1445, грамм",Гарантия на данный товар не предоставляется,,,,,,,,,,,,,,,,,,,,,,,,,,,,,,,,,,,,,,,,
400000030887,"Вал магнитный (в сборе)  совместим. для лазерных принтеров Konica Minolta Bizhub C554/C754, Китай",,,4,0,1742.06,1893.54,"Вал магнитный (в сборе) для принтеров Konica Minolta Bizhub 554e, 558, 558e, 654, 654e, 658e, 754, 754e, 758, 808, C554, C554e, C654, C654e, C659, C754, C754e, C759",Вал магнитный (в сборе),,Китай,совместимый,Konica Minolta Bizhub C554/C754,нет данных,не предусмотрено,,,,,"Konica Minolta Bizhub 554e, 558, 558e, 654, 654e, 658e, 754, 754e, 758, 808, C554, C554e, C654, C654e, C659, C754, C754e, C759",,,"340, грамм",Гарантия на данный товар не предоставляется,JNG,не предусмотрено,Валы магнитные,,,,,,,,,,,,,,,,,,,,,,,,,,,,,,,,,,,,,
400000030966,"Картридж оригинал. Xerox 006R01634/CT202225, для цветных лазерных принтеров Versant 2100/4100, черный (black), 50000стр A4",,,234,0,11880.0,11880.0,"Xerox Versant Press 2100, 3100, 3100i, 4100",Картридж,,Xerox,оригинальный,,50000,,,CT202221,"Xerox Versant Press 2100, 3100, 3100i, 4100",Versant 2100/4100,Xerox Versant Press 2100 3100 3100i 4100 v2100 v3100 v3100i v4100 версант пресс ксерокс тонер туба replenisher краска,,,"2812, грамм",10 месяцев,,,,,,,,не предусмотрено,006R01630,006R01634,CT202225,черный (black),для цветных лазерных принтеров,нет данных,1905,США,,,,,,,,,,,,,,,,,,,,,,,,
200000001638,"Картридж(уценка) оригинал. Xerox 106R00688, для ч/б лазерных принтеров Phaser 3450, черный (black), 10000стр A4",,,1,0,1590.0,1780.27,Черный картридж для монохромного лазерного принтера Xerox Phaser 3450.,,,,,,,,,,,,,,,,,,,,,,,XEROX Corporation,,,,,,,,,,,,http://www.xerox.com,,106R00688,black (черный),,Xerox Phaser 3450,,,,,10000,,,,,,,,1992,,,
400000031863,"Картридж оригинал. Konica Minolta TN-626Y ACV1230/ACV1270, для цветных лазерных принтеров C450i/C650i, желтый (yellow), 28000стр A4",,,3,0,7900.0,7900.0,"Konica Minolta Bizhub C450i, C550i, C650i",Картридж,,Konica Minolta,оригинальный,,28000,,,"ACV1250, ACV1290, ACV125H","Konica Minolta Bizhub C450i, C550i, C650i, C451i, C555i, C651i",C450i/C650i,Konica Minolta Bizhub Коника Минольта Минолта Бизхаб Бицхаб C450i C550i C650i C 450i C 550i C 650i тонер туба краска репленишер replenisher флакон,,,"800, грамм",10 месяцев,,,,,,,,TN-626Y,ACV1270,ACV1230,ACV1270,желтый (yellow),для цветных лазерных принтеров,498,,Япония,,,,,,,,,,,,,,,,,,,,,,,,
400000030968,"Картридж оригинал. Xerox 006R01636/CT202227, для цветных лазерных принтеров Versant 2100/4100, пурпурный (magenta), 51000стр A4",,,112,0,11880.0,11880.0,"Xerox Versant Press 2100, 3100, 3100i, 4100",Картридж,,Xerox,оригинальный,,51000,,,CT202223,"Xerox Versant Press 2100, 3100, 3100i, 4100",Versant 2100/4100,Xerox Versant Press 2100 3100 3100i 4100 v2100 v3100 v3100i v4100 версант пресс ксерокс тонер туба replenisher краска,,,"2656, грамм",10 месяцев,,,,,,,,не предусмотрено,006R01632,006R01636,CT202227,пурпурный (magenta),для цветных лазерных принтеров,нет данных,1740,США,,,,,,,,,,,,,,,,,,,,,,,,
400000016324,"Чип тонер-картриджа  совместим. для лазерных принтеров Xerox 6000/6010 (106R01629) Y RUS, желтый (yellow), 1000стр A4, Tonex",,,9,0,32.29,35.1,"Чип для лазерного принтера Xerox Phaser 6000, 6010. Чип для лазерного картриджа — микросхема памяти, на которой записаны характеристики картриджа. Количество израсходованного тонера, подсчитанное чипом, лишь приблизительно и на момент когда, согласно подсчету, тонер израсходован и печать блокируется, картридж содержит еще около 30% тонера. Таким образом, замена чипа позволяет значительно сэкономить на расходных материалах лазерного принтера.",,,,,,,,,,,,,,,,,,,,"106R01629, 106R01633",,,Tonex,,,,,,,,,,,,,,,,,,,,,"Xerox Phaser 6000, 6010",,,,,,,,,,,,
400000029977,"Чистящее лезвие (Wiper blade)  совместим. для лазерных принтеров HP LJ M402/M426, Булат",,,27,0,44.14,47.98,"Чистящее лезвие (Wiper blade) для принтеров HP LJ M402, M506, M404, M406, M426, M507",Чистящее лезвие (Wiper blade),,Булат,совместимый,HP LJ M402/M426,нет данных,не предусмотрено,,,,,"HP LJ M402, M506, M404, M406, M426, M507",,,"55, грамм",Гарантия на данный товар не предоставляется,Булат,"HP CF226A, CF287A, CF226X, CF287X, Canon 041, 041 H, 052, 052 H",Лезвия очистки,,,,,,,,,,,,,,,,,,,,,,,,,,,,,,,,,,,,,
400000023832,"Чип тонер-картриджа  совместим. для лазерных принтеров Kyocera FS-1040/1020/1120 (TK-1110), черный (black), 2500стр A4, Булат",,,9,0,30.73,33.4,"Чип универсальный для Kyocera FS 1040, 1020, 1120 и картриджей TK-1110. Чип для лазерного картриджа — микросхема памяти, на которой записаны характеристики картриджа. Количество израсходованного тонера, подсчитанное чипом, лишь приблизительно и на момент когда, согласно подсчету, тонер израсходован и печать блокируется, картридж содержит еще около 30% тонера. Таким образом, замена чипа позволяет значительно сэкономить на расходных материалах лазерного принтера.",,,,,,,,,,,,,,,,,,,,TK-1110,"Kyocera FS 1040, 1020, 1120",,noname,,,,,,,,,,,,,,,,,,,,,,,,,,,,,,,,,
400000032477,"Картридж оригинал. Konica Minolta TNP-48K A5X0150/A5X0130, для цветных лазерных принтеров Konica Minolta C3350/C3850, черный (black), 10000стр A4",,,3,0,2990.0,2989.99,,Картридж,,Konica Minolta,оригинальный,,10000,,,,"Konica Minolta Bizhub C3350, C3850",C3350/C3850,"Konica Minolta Bizhub C3350, C3850",,,"1, грамм",10 месяцев,,,,,,,,TNP-48K,A5X0190,A5X0150,A5X0130,черный (black),для цветных лазерных принтеров Konica Minolta,нет данных,нет данных,Малайзия,,,,,,,,,,,,,,,,,,,,,,,,
400000031829,"Картридж оригинал. Canon T01 8069B001, для цветных лазерных принтеров C60/C910, желтый (yellow), 39000стр A4",,,8,0,9900.0,9900.0,"Canon ImagePress C60, C65, C600, C650, C660, C700, C710, C750, C800, C810, C850, C910",Картридж,,Canon,оригинальный,,39000,,,8069B001AA,"Canon ImagePress C60, C65, C600, C650, C660, C700, C710, C750, C800, C810, C850, C910",C60/C910,"Canon ImagePress Image Press IP C60, C65, C600, C650, C660, C700, C710, C750, C800, C810, C850, C910",,,"1388, грамм",10 месяцев,,,,,,,,T01,8069B001,8069B001,не предусмотрено,желтый (yellow),для цветных лазерных принтеров,1040,,Япония,,,,,,,,,,,,,,,,,,,,,,,,
400000024343,"Чип тонер-картриджа  совместим. для лазерных принтеров Kyocera FS-C8600/8650 (TK-8600C), голубой (cyan), 20000стр A4, Tonex",,,1,0,52.95,62.67,"Чип для лазерных принтеров Kyocera FS-C8600, 8650 и картриджей TK-8600C, голубой (cyan). Чип для лазерного картриджа — микросхема памяти, на которой записаны характеристики картриджа. Количество израсходованного тонера, подсчитанное чипом, лишь приблизительно и на момент когда, согласно подсчету, тонер израсходован и печать блокируется, картридж содержит еще около 30% тонера. Таким образом, замена чипа позволяет значительно сэкономить на расходных материалах лазерного принтера.Чип для принтеров Kyocera FS-C8600, 8650",,,,,,,,,,,,,,,,,,,,TK-8600C,"Kyocera FS-C8600, 8650",,Tonex,,,,,,,,,,,,,,,голубой (cyan),,,,,,,,,,,,,,,,,,
400000030652,"Вал резиновый (Lower fuser pressure roller)  совместим. для лазерных принтеров Kyocera FS-2100/P3050, Китай",,,2,0,789.99,790.0,"Вал резиновый (Lower fuser pressure roller) для принтеров Kyocera FS-2100, FS-4100DN, FS-4200DN, FS-4300DN, Ecosys P3045dn, P3050dn, P3055dn, P3060dn, M3550idn, M3560idn, M3145dn, M3145idn, M3645dn, M3645idn, M3655idn, M3660idn",Вал резиновый (Lower fuser pressure roller),,Китай,совместимый,Kyocera FS-2100/P3050,нет данных,не предусмотрено,,,,,"Kyocera FS-2100, FS-4100DN, FS-4200DN, FS-4300DN, Ecosys P3045dn, P3050dn, P3055dn, P3060dn, M3550idn, M3560idn, M3145dn, M3145idn, M3645dn, M3645idn, M3655idn, M3660idn",,,"317, грамм",Гарантия на данный товар не предоставляется,RST,не предусмотрено,Валы печные,,,,,,,,,,,,,,,,,,,,,,,,,,,,,,,,,,,,,
400000021556,"Картридж совместимый для ч/б лазерных принтеров Canon и HP, RTC Q6511X/C710H, черный (black), с чипом, 12000стр A4, Булат 7Q",,,2,0,1431.86,1556.38,"Черный тонер-картридж для принтеров HP LaserJet 2410, 2420, 2430, Canon i-SENSYS LBP3460 заменяющий оригинальные картриджи HP Q6511X, Canon С710H. Тонеры компании Булат для картриджей лазерных принтеров производятся из современного сырья. Это полимеры, применение которых позволяет использовать тонеры в тонер-картриджах для новых скоростных принтеров и копиров. Это магнетиты и зарядорегуляторы, позволяющие получать стабильные результаты качества печати. Все это, плюс технологические приемы, направленные на улучшение структуры и формы частиц тонера, позволяют получить продукт стабильного качества. Все стадии производства тонеров проходят жесткий технологический контроль, готовый продукт всесторонне тестируется. Более 20 параметров подлежат проверке. Компания Булат проводит исследование тонеров во взаимодействии с другими расходными материалами: фотобарабанами, валами первичного заряда и т. д. для наиболее эффективного использования формулировок в дальнейшем.",,,,,,,,,,,,,,,,,,,,,,,Булат,,,,,,,,,,,,http://www.bulatgroup.ru,,RTC Q6511X C710H с чипом,black (черный),"HP Q6511X, Canon С710H","HP LaserJet 2410, 2420, 2430, Canon i-SENSYS LBP3460",12000,,,,,,,,,,,,,,,
400000031840,"Ролик переноса изображения второй (2nd BTR Bias Transfer Roller) оригинал. для Xerox C560/DCP770, 059K46251",,,5,0,10900.0,10899.99,"Xerox Color 550, 560, 570, C75, J75, C60, C70; DCP 700i, 770, 770i",Ролик переноса изображения второй,2nd BTR Bias Transfer Roller,Xerox,оригинальный,не предусмотрено,нет данных,не предусмотрено,059K46251,не предусмотрено,"Xerox Color 550, 560, 570, C75, J75, C60, C70; DCP 700, 700i, 770, PrimeLink C9065, C9070",C560/DCP770,Xerox Color 550 560 570 C75 J75 C60 C70 DCP 700 700i 770 PrimeLink Prime colour color праймлинк ксерокс колор калор docu DocuColor доку переноса ролик 2-го переноса второго переноса второй перенос вал,Перенос изображения,Ролики переноса,"686, грамм",Гарантия на данный товар не предоставляется,,,,,,,,,,,,,,,,,,,,,,,,,,,,,,,,,,,,,,,,
400000030385,"Картридж(уценка) оригинал. HP 51A Q7551A, для ч/б лазерных принтеров LJ M3027 MFP, черный (black), 6500стр A4",,,1,0,1389.99,1556.33,HP LaserJet M3027 MFP,,,,,,,,,,,,,,,"750, грамм",10 месяцев,,,,,,,,,,,,,,,,,,,,,,,,,,,,,,,,,,,,,,,,
400000031204,"Девелопер (Developer) оригинал. DV-613C для Konica Minolta C8000, голубой (cyan), A1DY900",,,1,0,11790.0,11790.0,Konica Minolta Bizhub Press C8000,Девелопер,Developer,Konica Minolta,оригинальный,DV-613C,300000,голубой (cyan),A1DY900,не предусмотрено,Konica Minolta Bizhub Press C8000,C8000,Konica Minolta Bizhub PRESS C8000 C 8000 Коника Минолта Минольта бизхаб бицхаб пресс про девелопер проявитель проявителя проявка,Формирование изображения,Девелоперы,"1300, грамм",Гарантия на данный товар не предоставляется,,,,,,,,,,,,,,,,,,,,,,,,,,,,,,,,,,,,,,,,
400000031937,"Картридж оригинал. Xerox 006R01518/CT201832, для цветных лазерных принтеров WC7525/C8035, желтый (yellow), 15000стр A4",,,25,0,3711.0,4400.0,"Xerox WorkCentre 7525, 7530, 7535, 7545, 7556, 7830, 7835, 7845, 7855, 7970, 7830i, 7835i, 7845i, 7855i, 7970i;AltaLink C8030, C8035, C8045, C8055, C8070",Картридж,,Xerox,оригинальный,,15000,,,"006R01510, 006R01700, 006R01704, CT201373","Xerox WorkCentre 7525, 7530, 7535, 7545, 7556, 7830, 7835, 7845, 7855, 7970, 7830i, 7835i, 7845i, 7855i, 7970i; AltaLink C8030, C8035, C8045, C8055, C8070",WC7525/C8035,WorkCentre WorkCenter Work Centre Center 7525 7530 7535 7545 7556 7830 7835 7845 7855 7970 WC7525 WC7530 WC7535 WC7545 WC7556 WC7830 WC7835 WC7845 WC7855 WC7970 WC 7525 WC 7530 WC 7535 WC 7545 WC 7556 WC 7830 WC 7835 WC 7845 WC 7855 WC 7970 Alta Link Altalink C8030 C8035 C8045 C8055 C8070 C 8030 C 8035 C 8045 C 8055 C 8070 воркцентр вёркцентр ворк вёрк центр Ксерокс Альта алта альталинк алталинк туба тонер порошок краска репленишер replenisher,,,"640, грамм",10 месяцев,,,,,,,,не предусмотрено,006R01514,006R01518,CT201832,желтый (yellow),для цветных лазерных принтеров,нет данных,356,США,,,,,,,,,,,,,,,,,,,,,,,,
400000018695,"Картридж совместимый для ч/б лазерных принтеров Brother, RTC TN2175, черный (black), с чипом, 2600стр A4, Булат 7Q",,,2,4,565.18,614.33,"Черный тонер-картридж для принтеров Brother HL 2140, 2142, 2150, 2170, DCP 7030, 7032, 7040, 7045, MFC 7320, 7440, 7840, заменяющий оригинальные картриджи Brother TN2175, DR2175.Тонеры компании Булат для картриджей лазерных принтеров производятся из современного сырья. Это полимеры, применение которых позволяет использовать тонеры в тонер-картриджах для новых скоростных принтеров и копиров. Это магнетиты и зарядорегуляторы, позволяющие получать стабильные результаты качества печати. Все это, плюс технологические приемы, направленные на улучшение структуры и формы частиц тонера, позволяют получить продукт стабильного качества. Все стадии производства тонеров проходят жесткий технологический контроль, готовый продукт всесторонне тестируется. Более 20 параметров подлежат проверке. Компания Булат проводит исследование тонеров во взаимодействии с другими расходными материалами: фотобарабанами, валами первичного заряда и т. д. для наиболее эффективного использования формулировок в дальнейшем.",,,,,,,,,,,,,,,,,,,,,,,Булат http://www.bulatgroup.ru,,,,,,,,,,,,,,RTC TN2175 с чипом,black (черный),"Brother TN2175, DR2175","Brother HL 2140, 2142, 2150, 2170, DCP 7030, 7032, 7040, 7045, MFC 7320, 7440, 7840",2600,,,,,,,,,,,,,,,
400000014982,"Фотобарабан  совместим. для лазерных принтеров Samsung ML-2250, Tonex",,,36,0,222.7,242.07,"Фотобарабан для лазерных принтеров Samsung ML-2250, ML-2251, ML-2252, SCX-4520, SCX-4720 и картриджей ML-2250D5, SCX-4720D3, SCX-4720D5. Фотобарабан состоит из металлического цилиндра, на который нанесен фотослой. Фотобарабаны различаются размерами и формой шестерен, обеспечивающих его вращение. На фотобарабане лазер принтера засвечивает области, на которые магнитному валу необходимо нанести тонер. Срок службы фотобарабана зависит от используемых тонера и бумаги.",,,,,,,,,,,,,,,,,,,,"ML-2250D5, SCX-4720D3, SCX-4720D5","Samsung ML-2250, 2251N, 2252W, Samsung SCX-4520, 4720F/FN",,Tonex,,,,,,,,,,,,,,,,,,,,,,,,,,,,,,,,,
400000031101,"Картридж оригинал. Xerox 006R01482/CT201530, для цветных лазерных принтеров Color 800/1000, пурпурный (magenta), 51000стр A4",,,2,0,12780.0,12779.99,"Xerox Color 800, 800i, Color 1000, 1000i Press",Картридж,,Xerox,оригинальный,,51000,,,"006R01472, CT201905, CT201376","Xerox Color 800, 800i, Color 1000, 1000i Press",Color 800/1000,Xerox Color 800 800i Color 1000 1000i C800 C800i C1000 C1000i Press пресс колор калор калэр ксерокс DCP  тонер туба replenisher краска,,,"2700, грамм",10 месяцев,,,,,,,,не предусмотрено,006R01477,006R01482,CT201530,пурпурный (magenta),для цветных лазерных принтеров,1840,нет данных,США,,,,,,,,,,,,,,,,,,,,,,,,
400000032444,"Картридж оригинал. Xerox (Fuji Xerox) 006R01755/CT202635, для цветных лазерных принтеров C8130/C8170, голубой (cyan), 18500стр A4",,,5,0,8700.0,8699.99,"Xerox Altalink C8130, C8135, C8145, C8155, C8170",Картридж,,Xerox (Fuji Xerox),оригинальный,,18500,,,"006R01743, 006R01759","Xerox Altalink C8130, C8135, C8145, C8155, C8170",C8130/C8170,Xerox DocuCentre-VI DocuCenter Docu Centre Center C5571 C7771 Altalink Alta Link C8130 C8135 C8170 ксерокс доку докуцентр алталинк,,,"583, грамм",10 месяцев,,,,,,,,не предусмотрено,CT202635/006R01755,006R01755,CT202635,голубой (cyan),для цветных лазерных принтеров,293,нет данных,Япония,,,,,,,,,,,,,,,,,,,,,,,,
400000031938,"Картридж оригинал. Xerox 006R01519/CT201831, для цветных лазерных принтеров WC7525/C8035, пурпурный (magenta), 15000стр A4",,,0,0,4400.0,4400.0,"Xerox WorkCentre 7525, 7530, 7535, 7545, 7556, 7830, 7835, 7845, 7855, 7970, 7830i, 7835i, 7845i, 7855i, 7970i;AltaLink C8030, C8035, C8045, C8055, C8070",Картридж,,Xerox,оригинальный,,15000,,,"006R01703, 006R01511, 006R01699, CT201372","Xerox WorkCentre 7525, 7530, 7535, 7545, 7556, 7830, 7835, 7845, 7855, 7970, 7830i, 7835i, 7845i, 7855i, 7970i; AltaLink C8030, C8035, C8045, C8055, C8070",WC7525/C8035,WorkCentre WorkCenter Work Centre Center 7525 7530 7535 7545 7556 7830 7835 7845 7855 7970 WC7525 WC7530 WC7535 WC7545 WC7556 WC7830 WC7835 WC7845 WC7855 WC7970 WC 7525 WC 7530 WC 7535 WC 7545 WC 7556 WC 7830 WC 7835 WC 7845 WC 7855 WC 7970 Alta Link Altalink C8030 C8035 C8045 C8055 C8070 C 8030 C 8035 C 8045 C 8055 C 8070 воркцентр вёркцентр ворк вёрк центр Ксерокс Альта алта альталинк алталинк туба тонер порошок краска репленишер replenisher,,,"640, грамм",10 месяцев,,,,,,,,не предусмотрено,006R01515,006R01519,CT201831,пурпурный (magenta),для цветных лазерных принтеров,нет данных,351,США,,,,,,,,,,,,,,,,,,,,,,,,
400000026157,"Чип тонер-картриджа  совместим. для лазерных принтеров HP CF210X/CF380X/CE410X/CE250X/CE400X/CE264X/CE340A/Canon 722/723H/732H, черный (black), Китай",,,15,0,90.05,94.82,"Чип универсальный для HP Color LaserJet Pro 200 M251, M252, MFP M276, M277, M476, M775, CP3525, CM3530, CM4540, Canon LBP 7750C, 7780C и картриджей HP CF210X, CF380X, CE410X, CE250X, CE400X, CE264X, CE340A, Canon 722, 723H, 732H. Чип для лазерного картриджа — микросхема памяти, на которой записаны характеристики картриджа. Количество израсходованного тонера, подсчитанное чипом, лишь приблизительно и на момент когда, согласно подсчету, тонер израсходован и печать блокируется, картридж содержит еще около 30% тонера. Таким образом, замена чипа позволяет значительно сэкономить на расходных материалах лазерного принтера.",Чип тонер-картриджа,,Китай,совместимый,HP CF210X/CF380X/CE410X/CE250X/CE400X/CE264X/CE340A/Canon 722/723H/732H,нет данных,черный (black),,,,,"HP Color LJ CM3530, CP3525, CM4540, M775, M551, M575, M570, M351, M357, M375, M451, M475, M251, M276, M476, CP1210, CP1215, CP1217, CP1515, CP1518, CM1312, CM1415, CP1525, CM2320, CP2020, CP2025, CP5525, M750, Canon LBP9100, LBP7750, LBP7780, LBP5050, LBP7100, LBP7110, MF623, MF628, MF8030, MF8040, MF8050, MF8080, MF8230, MF8280, LBP7200",,,"1, грамм",Гарантия на данный товар не предоставляется,Булат,"HP CF210X, CF380X, CE410X, CE250X, CE400X, CE264X, CE340A, Canon 722, 723H, 732H",Чипы,,,,,,,,,,,,,,,,,,,,,,,,,,,,,,,,,,,,,
400000030949,"Лента переноса (Transfer Belt) оригинал. для Konica Minolta C6085/C8000, A1RF506000",,,9,0,16990.0,16990.0,"Konica Minolta AccurioPress C6085, C6100; Bizhub Press C1085, C1100, C8000",Лента переноса,Transfer Belt,Konica Minolta,оригинальный,не предусмотрено,1050000,не предусмотрено,A1RF506000,A1RF500101,"Konica Minolta AccurioPress C6085, C6100; Bizhub Press C1085, C1100, C8000",C6085/C8000,"Лента вторичного переноса Лента для МФУ Лента для переноса изображения Лента для печати Лента для формирования изображения Лента передачи изображения Лента переноса Лента промежуточного переноса Переносящая лента Пленка для переноса Пленка переноса Пояс переноса Промежуточная лента переноса Ремень для принтера Ремень переноса Ремень переноса изображения Ремень трансфера сборка ленты переноса Транспортный ремень Трансферная лента Трансферный ремень Genuine original ibt belt IBT лента IBT ремень IBT Beld IBT Belt Intermediate Belt Transfer Transfer Belt Transfer Belt Intermediate C 1085 C 1100 C 8000 C 6085 C 6100 С1085 С1100 С8000 С6085 С6100
Коника Conika Konika Минолта Минольта Акку Аку Акурио Акуриопресс Аккуриопресс Акуриопрес Аккуриопрес Акурио пресс Аккурио пресс Акурио прес Аккурио прес бицхаб бизхаб",Перенос изображения,Ленты переноса,"200, грамм",Гарантия на данный товар не предоставляется,,,,,,,,,,,,,,,,,,,,,,,,,,,,,,,,,,,,,,,,
400000033575,"Комплект роликов подачи (Feed Roll Kit) оригинал. для Xerox C75/D95/Versant 80, 604K23670",,,18,0,1220.0,1220.01,"Комплект роликов подачи для стандартного лотка.Xerox Color C75, J75;Digital Color Press 700, 770, 700i;Versant 80, 170i, 180, 180i, 280, 2100, 3100, 3100i, 4100;D95, D110, D125, D136",Комплект роликов подачи,Feed Roll Kit,Xerox,оригинальный,не предусмотрено,300000,не предусмотрено,604K23670,нет данных,"Xerox Color C75, J75; Digital Color Press 700, 770, 700i; Versant 80, 170i, 180, 180i, 280, 2100, 3100, 3100i, 4100; DocuPrint D95, D110, D125, D136",C75/D95/Versant 80,Комплект для захвата бумаги Комплект для подачи бумаги Комплект для подачи документов Комплект для подачи листов Комплект из трех роликов Комплект подающих роликов Комплект роликов для подачи Комплект роликов для принтера Комплект роликов подачи бумаги Комплект роликов протяжки бумаги Набор захватывающих роликов Набор подающих роликов Набор роликов для МФУ Набор роликов лотка Оригинальный набор роликов Xerox Подталкивающий ролик (Nudger Roll) Резиновые ролики Ремкомплект роликов для лотков 1-4 Ремкомплект роликов подач Ролик отделения (Retard Roll) Ролик подачи (Feed Roll) Ролики для лотка Ролики для лотка подачи Ролики для подачи бумаги Ролики для ручной подачи Ролики для транспортировки бумаги Ролики захвата Ролики захвата бумаги Ролики подачи Ролики подачи в сборе Ролики подачи листов Ролики подхвата Роликовый комплект Сервисный комплект роликов подачи Document Feed Roller Kit Feed Roll Kit Feed Roller Assembly Paper Feed Roller Kit Paper Transport Roller Paper Transport Roller Kit Pick-up Roller Kit Roller Repair Kit tray 1-4 roll kit Tray Feed Roller Kit Xerox D95 DC700 V80 604K23670 колор калэр калор Версант Вёрсант Версанта Докупринт Доку принт Версант Вёрсант Версанта Докупринт Доку принт Докуколор Докукалэр Доку калэр колор Альталинк Альта Алта Линк Воркцентр Вёркцентр Воркцентре Вёркцентре Вокрцентер Вёркцентер Ворк Вёрк Центр Центер Центре C75 J75 DC 700 DC770 DC 700i V80 V170i V180 V180i V280 V2100 V3100 V3100i V4100 D95 D110 D125 D136 С75 J75 DС700 DС770 DС700i,Подача и вывод материала,Ролики подачи и захвата,"54, грамм",Гарантия на данный товар не предоставляется,,,,,,,,,,,,,,,,,,,,,,,,,,,,,,,,,,,,,,,,
400000033693,"Картридж оригинал. Ricoh 828426/828422, для цветных лазерных принтеров C5200S/C5210S, черный (black), 33000стр A4",,,10,0,9900.0,9900.0,,Картридж,,Ricoh,оригинальный,,33000,,,"60-0383, 828430","Pro C5200S, C5210S",C5200S/C5210S,Ricoh Pro Про Rico Rikoh Riko Рико Рикох replenisher тонер туба флакон порошок краска картриж С5200 С5210 С 5200 С 5210 C5200S C5210S,,,"2060, грамм",10 месяцев,,,,,,,,не предусмотрено,60-0383,828426,828422,черный (black),для цветных лазерных принтеров,,,Япония,,,,,,,,,,,,,,,,,,,,,,,,
400000031984,"Чип тонер-картриджа совместим. 006R01646 для Xerox Versant 80/280, черный (black)",,,369,0,110.0,110.0,Xerox Versant 80/180/280,Чип тонер-картриджа,не предусмотрено,Xerox,совместимый,006R01646,30000,черный (black),не предусмотрено,не предусмотрено,"Xerox Versant 80, 180, 280 Press",Versant 80/280,Xerox Versant 80 180 280 v80 v180 v280 Press Ксерокс Версант Пресс микросхема,Прочее,Чипы,"1, грамм",Гарантия на данный товар не предоставляется,JDY,,,,,,,,,,,,,,,,,,,,,,,,,,,,,,,,,,,,,,,
400000031939,"Картридж оригинал. Xerox 006R01520/CT201830, для цветных лазерных принтеров WC7525/C8035, голубой (cyan), 15000стр A4",,,0,0,3711.0,4400.0,"Xerox WorkCentre 7525, 7530, 7535, 7545, 7556, 7830, 7835, 7845, 7855, 7970, 7830i, 7835i, 7845i, 7855i, 7970i;AltaLink C8030, C8035, C8045, C8055, C8070",Картридж,,Xerox,оригинальный,,15000,,,"006R01702, 006R01512, 006R01698, CT201371","Xerox WorkCentre 7525, 7530, 7535, 7545, 7556, 7830, 7835, 7845, 7855, 7970, 7830i, 7835i, 7845i, 7855i, 7970i; AltaLink C8030, C8035, C8045, C8055, C8070",WC7525/C8035,WorkCentre WorkCenter Work Centre Center 7525 7530 7535 7545 7556 7830 7835 7845 7855 7970 WC7525 WC7530 WC7535 WC7545 WC7556 WC7830 WC7835 WC7845 WC7855 WC7970 WC 7525 WC 7530 WC 7535 WC 7545 WC 7556 WC 7830 WC 7835 WC 7845 WC 7855 WC 7970 Alta Link Altalink C8030 C8035 C8045 C8055 C8070 C 8030 C 8035 C 8045 C 8055 C 8070 воркцентр вёркцентр ворк вёрк центр Ксерокс Альта алта альталинк алталинк туба тонер порошок краска репленишер replenisher,,,"640, грамм",10 месяцев,,,,,,,,не предусмотрено,006R01516,006R01520,CT201830,голубой (cyan),для цветных лазерных принтеров,нет данных,352,США,,,,,,,,,,,,,,,,,,,,,,,,
400000032579,"Чистящее лезвие ленты переноса (IBT Belt Cleaning Blade) оригинал. для Xerox Versant 80/4100, 033K98760",,,6,0,4900.0,4900.0,,Чистящее лезвие ленты переноса,IBT Belt Cleaning Blade,Xerox,оригинальный,не предусмотрено,200000,не предусмотрено,033K98760,не предусмотрено,"Xerox Versant Press 80, 180, 280; 2100, 3100, 4100",Versant 80/4100,Блейд IBT Деталь для очистки Лезвие для очистки ремня Лезвие для принтера Лезвие для трансферной ленты Лезвие для чистки ремня переноса Лезвие очистки Лезвие очистки переносного ремня Лезвие очистки промежуточного ремня Лезвие очистки транспортного ремня Лезвие очистки IBT-ленты Лезвие переноса Лезвие чистки Нож очистки промежуточного транспортного ремня Очиститель ленты Ракель Ракель ленты переноса Ракель IBT-ленты Скребок Чистящая пластина Чистящее лезвие IBT Чистящий нож Чистящий нож для ленты переноса Чистящий ракель IBT-ленты Чистящий элемент IBT чистящее лезвие IBT Belt Cleaner Blade Ксерокс Версант	Вёрсант Версанта v80 v170i v180 v180i 280 v2100 v3100 v3100i v4100,Перенос изображения,Лезвия подбора,"360, грамм",Гарантия на данный товар не предоставляется,,,,,,,,,,,,,,,,,,,,,,,,,,,,,,,,,,,,,,,,
400000020132,"Картридж совместимый для ч/б лазерных принтеров Xerox, WC5019/5021, черный (black), без чипа, 9000стр A4, Булат S-Line",,,1,0,569.26,618.76,"Черный тонер-картридж для принтеров Xerox WorkCentre 5019, 5021 заменяющий оригинальные картриджи 006RO1573. Тонеры компании Булат для картриджей лазерных принтеров производятся из современного сырья. Это полимеры, применение которых позволяет использовать тонеры в тонер-картриджах для новых скоростных принтеров и копиров. Это магнетиты и зарядорегуляторы, позволяющие получать стабильные результаты качества печати. Все это, плюс технологические приемы, направленные на улучшение структуры и формы частиц тонера, позволяют получить продукт стабильного качества. Все стадии производства тонеров проходят жесткий технологический контроль, готовый продукт всесторонне тестируется. Более 20 параметров подлежат проверке. Компания Булат проводит исследование тонеров во взаимодействии с другими расходными материалами: фотобарабанами, валами первичного заряда и т. д. для наиболее эффективного использования формулировок в дальнейшем.",,,,,,,,,,,,,,,,,,,,,,,Булат,,,,,,,,,,,,http://www.bulatgroup.ru,,WC5019/5021,black (черный),006RO1573,"Xerox WorkCentre 5019, 5021",9000,,,,,,,,,,,,,,,
400000032517,"Ремкомплект печки (Fuser component kit) оригинал. для Xerox Versant 80/2100, 008R13170",,,1,0,42900.0,42900.0,,Ремкомплект печки,Fuser component kit,Xerox,оригинальный,не предусмотрено,нет данных,не предусмотрено,008R13170,"019K15351, 042K94660, 059K81320, 607K15910, 622S02058, 641S01121, 641S01238, 641S01266, 641S1121, 8R13170","Xerox Versant 80, 170i, 180, 180i, 280; 2100, 3100, 3100i, 4100",Versant 80/2100,Xerox Versant 80 170i 180 280 2100 3100 3100i 4100 v80 v170i v180 v280 v2100 v3100 v3100i v4100 Press пресс версант ксерокс узел печки печка фиксации закрепления фьюзер блок фиксации очистка пластина ремкомплект вал вала прижимной прижимного пальцев фингер в сборе Fuser Pressure Roller Stripper Finger Assembly assy Cleaner клинер клинэр,Закрепление изображения,Ремкомплекты,"2485, грамм",Гарантия на данный товар не предоставляется,,,,,,,,,,,,,,,,,,,,,,,,,,,,,,,,,,,,,,,,
400000026704,"Вал резиновый (Lower fuser pressure roller)  совместим. для лазерных принтеров Kyocera Mita TASKalfa 180/FS-6530MFP, Китай",,,1,0,1299.96,1371.14,"Резиновый вал 2KK94290, используется в узле термозакрепления. Совместим с принтерами KYOCERA Mita TASKalfa 180/181/220/221/25/305/FS-6025/6030/6525/6530MFP",Вал резиновый (Lower fuser pressure roller),,Китай,совместимый,Kyocera Mita TASKalfa 180/FS-6530MFP,нет данных,не предусмотрено,,,,,KYOCERA Mita TASKalfa 180/181/220/221/25/305/FS-6025/6030/6525/6530MFP,,,"250, грамм",Гарантия на данный товар не предоставляется,RST,не предусмотрено,Валы печные,,,,,,,,,,,,,,,,,,,,,,,,,,,,,,,,,,,,,
400000019127,"Картридж совместимый для ч/б лазерных принтеров Kyocera, TK-3110, черный (black), с чипом, 15500стр A4, Булат S-Line",,,3,0,1243.84,1348.83,"Черный тонер-картридж для принтеров KyoceraMita FS FS-4100, заменяющий оригинальный картридж TK-3110.Тонеры компании Булат для картриджей лазерных принтеров производятся из современного сырья. Это полимеры, применение которых позволяет использовать тонеры в тонер-картриджах для новых скоростных принтеров и копиров. Это магнетиты и зарядорегуляторы, позволяющие получать стабильные результаты качества печати. Все это, плюс технологические приемы, направленные на улучшение структуры и формы частиц тонера, позволяют получить продукт стабильного качества. Все стадии производства тонеров проходят жесткий технологический контроль, готовый продукт всесторонне тестируется. Более 20 параметров подлежат проверке. Компания Булат проводит исследование тонеров во взаимодействии с другими расходными материалами: фотобарабанами, валами первичного заряда и т. д. для наиболее эффективного использования формулировок в дальнейшем.",,,,,,,,,,,,,,,,,,,,,,,Булат,,,,,,,,,,,,http://www.bulatgroup.ru,,TK 3110 с чипом,black (черный),TK 3110,Kyocera FS4100dn,15500,,,,,,,,,,,,,,,
400000033800,"Картридж совместимый для ч/б лазерных принтеров Kyocera, TK-1120, черный (black), с чипом, 3000стр A4, Булат E-Line",,,1,0,236.99,257.6,"Тонер-картридж e-Line TK-1120 — надёжный партнёр для вашего Kyocera! Совместим с моделями FS-1060, FS-1025MFP и FS-1125MFP, он гарантирует чёткий чёрный текст и до 3000 страниц без потери качества. Идеален для офиса: стабильно работает, не подводит, экономит бюджет. Печать без компромиссов!",Картридж совместимый,,Булат E-Line,,,3000,,,,,"Kyocera FS1060dn, FS1025mfp, FS1125mfp",,,,"177, грамм",Гарантия на данный товар не предоставляется,,,,,,,,TK-1120,,,,черный (black),для ч/б лазерных принтеров Kyocera,,,,с чипом,TK-1120,https://bulat-group.ru,,,,,,,,,,,,,,,,,,,,,
400000005764,"Картридж(уценка) оригинал. Ricoh type 1305, для ч/б лазерных принтеров FT-3813/4015, черный (black), 10000стр A4",,,2,0,590.0,660.61,"Оригинальный черный тонер-картридж type 1305 для использования с принтерами Ricoh FT-4015, 4018, 4615, 4618, 3613, 3813. Ресурс картриджа составляет около 10 000 страниц.",,,,,,,,,,,,,,,,,,,,,,,"Ricoh Company, Ltd.",,,,,,,,,,,,http://www.ricoh.com,,type 1305,black (черный),,"Ricoh FT-4015, 4018, 4615, 4618, 3613, 3813",,,,,10000,,,,,,,,215,,,
400000032353,"Картридж оригинал. Konica Minolta TN-016 A88J130/A88J150, для ч/б лазерных принтеров Pro 1100/AccurioPrint 2100, черный (black), 82000стр A4",,,11,0,9390.0,10513.45,"Konica Minolta Bizhub Pro 1100, Konica Minolta AccurioPrint 2100",Картридж,,Konica Minolta,оригинальный,,82000,,,A88J13A,"Konica Minolta Bizhub Pro 1100, Konica Minolta AccurioPrint 2100",Pro 1100/AccurioPrint 2100,Konica Minolta Bizhub Pro 1100 AccurioPrint Accurio Print 2100,,,"2200, грамм",10 месяцев,,,,,,,,TN-016,A88J130,A88J130,A88J150,черный (black),для ч/б лазерных принтеров,1645,,Япония,,,,,,,,,,,,,,,,,,,,,,,,
400000032752,"Картридж совместимый для цветных лазерных принтеров Canon, RTC 718K, черный (black), с чипом, 2900стр A4, Булат 7Q",,,2,0,1026.93,1116.23,,Картридж совместимый,,Булат 7Q,,,2900,,,,,"Canon LBP7200cdn, LBP7210cdn, LBP7660cdn, LBP7680cx, MF724cdw, MF728cdw, MF8330cdn, MF8340cdn, MF8350cdn, MF8360cdn, MF8380cdw, MF8540cdn, MF8550cdn, MF8580cdw",,,,"628, грамм",Гарантия на данный товар не предоставляется,,,,,,,,RTC 718K,,,,черный (black),для цветных лазерных принтеров Canon,,,,с чипом,Canon 718 Black,https://bulat-group.ru,,,,,,,,,,,,,,,,,,,,,
400000030646,"Вал резиновый (Lower fuser pressure roller)  совместим. для лазерных принтеров Kyocera M2030, Китай",,,9,0,1200.0,1295.13,Вал резиновый (Lower fuser pressure roller) для принтеров Kyocera M2030,Вал резиновый (Lower fuser pressure roller),,Китай,совместимый,Kyocera M2030,нет данных,не предусмотрено,,,,,Kyocera M2030,,,"563, грамм",Гарантия на данный товар не предоставляется,RST,не предусмотрено,Валы печные,,,,,,,,,,,,,,,,,,,,,,,,,,,,,,,,,,,,,
400000033181,"Узел очистки ленты переноса (Transfer Belt Cleaning Unit) оригинал. для Konica Minolta C1060/C4080, A50UR70666",,,5,0,8390.0,8390.0,"Konica Minolta AccurioPress C2060, C2070, C2070P, C3070, C3070P, C3080, C3080P, C4070, C4080, C83hc,AccurioPrint C2060L, C3070L, C4065;bizhub Press C1060, C1070, C1070P, C71hc, C71cf;bizhub PRO C1060L;AccurioLabel 190",Узел очистки ленты переноса,Transfer Belt Cleaning Unit,Konica Minolta,оригинальный,не предусмотрено,880000,не предусмотрено,A50UR70666,"A50UR70622, A50UR70633, A50UR70644, A50UR70655, A50UR70666","Konica Minolta bizhub Press C1060, C1070, C1070P, C71hc, C71cf, PRO C1060L, AccurioPress C2060, C2060P, C2070, C2070P, C3070, C3070P, C3080, C3080P, C4070, C4080, C83hc, 
AccurioLabel 190, AccurioPrint C2060L, C3070L",C1060/C4080,Блок чистки промежуточного ремня Комплект очистки промежуточной ленты Модуль обслуживания ленты переноса Очистка транспортной ленты Система очистки Transfer Belt Узел очистки транспортёрной ленты Узел очистки трансферного ремня Устройство очистки ремня переноса Чистящий блок ITB (Intermediate Transfer Belt) Чистящий механизм ремня переноса Чистящий модуль ленты переноса Чистящий узел промежуточного переноса ITB Cleaning Unit IBT Cleaning Transfer Belt Unit Cleaner Konica Minolta bizhub Press C1060 C1070 C1070P C71hc C71cf PRO C1060L AccurioPress Accurio Press C2060 C2060P C2070 C2070P C3070 C3070P C3080 C3080P C4070 C4080 C83hc C 1060 C 1070 C 1070P C 71hc C 71cf PRO C 1060L C 2060 C 2060P C 2070 C 2070P C 3070 C 3070P C 3080 C 3080P C 4070 C 4080 C 83hc AccurioLabel Label 190 AccurioPrint C2060L C3070L C 2060L C 3070L Print C 1060 C 1070 C 1070P C 71hc C 71cf C 1060L C 2060 C 2060P C 2070 C 2070P C 3070 C 3070P C 3080 C 3080P C 4070 C 4070L C 4080 C 4080P C 83hc 190 C 2060L C 3070L С1060 С1070 С1070Р С71hс С71сf С1060L С2060 С2060Р С2070 С2070Р С3070 С3070Р С3080 С3080Р С4070 С4070L С4080 С4080Р С83hс С2060L С3070L,Перенос изображения,Узел очистки ленты переноса,"912, грамм",Гарантия на данный товар не предоставляется,,,,,,,,,,,,,,,,,,,,,,,,,,,,,,,,,,,,,,,,
400000032875,"Крышка тонер-картриджа (Toner Cartridge Cover) совместим. для Xerox C560/C70, желтая (yellow)",,,30,0,109.0,108.99,"Крышка — это запасная часть тонер-картриджа, совместимая с принтерами Xerox Color 550/560/570, C60/C70, PrimeLink C9065/C9070. Она предназначена для защиты содержимого картриджа и обеспечивает правильную фиксацию картриджа в устройстве. Крышка используется при ремонте или восстановлении картриджа, например, при его повторной заправке тонером.Кроме того, если у вас есть картридж от Xerox DC250 или Xerox DCP700, вы можете переставить крышку и установитьчип от Xerox Color 550/560/570, отXerox Color C60/C70или отPrimeLink C9065/C9070. После такой модификации картридж станет совместимым с соответствующей моделью принтера. Это возможно благодаря идентичному составу тонера и девелопера, а также схожей конструкции картриджей — различия между ними заключаются лишь в крышке и чипе.",Крышка тонер-картриджа,Toner Cartridge Cover,Xerox,совместимый,не предусмотрено,нет данных,желтая (yellow),не предусмотрено,не предусмотрено,"Xerox Color C550, C560, C570; C60, C70; PrimeLink C9065, C9070",C560/C70,Xerox Color Colour 550 560 570 C550 C560 C570 C60 C70 C 60 C 70 PrimeLink Prime Link C9065 C9070 C 9065 C 9070 крышка сменная End Cap фиксация фиксации крепление закрывашка ручка,Прочее,Крышки,"47, грамм",Гарантия на данный товар не предоставляется,NK,,,,,,,,,,,,,,,,,,,,,,,,,,,,,,,,,,,,,,,
400000032702,"Чип для лазерных принтеров Xerox Versant 2100 и картриджей 006R01636, пурпурный (magenta)",,,238,0,110.0,110.0,,,,,,,,,,,,,,,,"1, грамм",Гарантия на данный товар не предоставляется,,,,,,,,,,,,,,,,,,,,,,,,,,,,,,,,,,,,,,,,
400000033759,"Картридж совместимый для ч/б лазерных принтеров Pantum, PC-212EV, черный (black), с чипом, 1600стр A4, Булат 7Q",,,7,0,681.14,740.37,,Картридж совместимый,,Булат 7Q,,,1600,,,,,"Pantum P2502, P2502W, P2500, P2500W, P2500NW, P2507, P2200, P2207, M6502, M6502W, M6500, M6500W, M6506NW, M6507, M6507W, M6552, M6552NW, M6550NW, M6607NW",,,,"724, грамм",Гарантия на данный товар не предоставляется,,,,,,,,PC-212EV,,,,черный (black),для ч/б лазерных принтеров Pantum,,,,с чипом,PC-212EV,https://bulat-group.ru,,,,,,,,,,,,,,,,,,,,,
400000033240,"Вал вывода бумаги (Paper exit Roller /Middle) оригинал. для Konica Minolta C1060/C83hc, A50U860501",,,2,0,16690.0,16690.0,"AccurioPress C2060, C2070, C2070P, C3070, C3070P, C3080, C3080P, C83hc;AccurioPrint C2060L, C3070L;bizhub PRESS C1060, C1070, C1070P, C71hc;bizhub PRO C1060L",Вал вывода бумаги,Paper exit Roller /Middle,Konica Minolta,оригинальный,не предусмотрено,400000,не предусмотрено,A50U860501,нет данных,"Konica Minolta AccurioPress C2060, C2070, C2070P, C3070, C3070P, C3080, C3080P, C83hc; AccurioPrint C2060L, C3070L, Bizhub Press C1060, C1070, C1070P, C71hc; Bizhub PRO C1060L",C1060/C83hc,Антизавитковый ролик вывода Вал протяжки бумаги Выводной вал Выводной ролик Выходной ролик Декурлирующий ролик выхода Ролик выброса бумаги Ролик вывода бумаги Ролик вывода листа Ролик вывода с декурлером Ролик выгрузки бумаги Ролик выдачи бумаги Ролик выравнивания бумаги Ролик выталкивания бумаги Ролик выталкивающий Ролик вытягивания бумаги Ролик выхода бумаги Ролик выхода листа Ролик выхода с декурлингом Ролик выходной Ролик декурлера вывода бумаги Ролик подавления завитков Ролик подачи бумаги (выходной) Ролик подачи на выход Ролик протяжки бумаги Ролик разглаживания бумаги на выходе Ролик транспортировки бумаги (на выходе) Ролик устранения завитков бумаги Транспортный ролик выхода Exit roller Paper Exit Decurler Roller Paper exit roller Коника Минолта Минольта Акку Аку Акурио Акуриопресс Аккуриопресс Акуриопрес Аккуриопрес Акурио пресс Аккурио пресс Акурио прес Аккурио прес Акуриопринт Аккуриопринт Акурио принт Аккурио принт бицхаб бизхаб Пресс Прес Про Reverse de-curler roller Konica Minolta AccurioPress C2060 C2070 C2070P C3070 C3080 C3080P C4080 C2060L C3070 C1060 C1070 C1070P C71hc C83hc C1060L C 2060 C 2070 C 2070P C 3070 C 3070P C 3080 C 3080P C83hc C 2060L C 3070L C 1060 C 1070 C 1070P C71hc C 1060L С2060 С2070 С2070Р С3070 С3070Р С3080 С3080Р С83hc С2060L С3070L С1060 С1070 С1070Р С71hc С1060L,Подача и вывод материала,Ролики подачи и захвата,"400, грамм",Гарантия на данный товар не предоставляется,,,,,,,,,,,,,,,,,,,,,,,,,,,,,,,,,,,,,,,,
400000033099,"Фотобарабан  совместим. для лазерных принтеров HP P1005/1505, NetProduct",,,28,0,92.51,100.55,"HP LJ 005/P1006/P1008/P1009/P1102/ P1505/P1566/P1606/ M1120/M1132/M1212/M1217/M1522, Canon LBP 3010/3100/6000/6100, MF3010/4410/4420/4430/4450/4550/4570/4580 Canon MF211/212w/216n/217w/226dn/229dw",Фотобарабан,,NetProduct,совместимый,HP P1005/1505,не предусмотрено,не предусмотрено,,,,,"HP LJ P1000, P1002, P1003, P1004, P1005, P1006, P1007, P1008, P1009, M1120, M1522, P1505, M1132, M1210, Pro-M1212, M1214, M1217, P1100, P1102",,,"41, грамм",Гарантия на данный товар не предоставляется,NetProduct,"CB435A, CB436A, CE285A",Фотобарабаны,,,,,,,,,,,,,,,,,,,,,,,,,,,,,,,,,,,,,
400000032570,"Фотоотражатель (Photoreflector) оригинал. для Konica Minolta C224/C658, A0EDM50100",,,5,0,2090.0,2090.0,"Konica Minolta Bizhub 223, 283, 363, 423; 224e, 284e, 364e, 454e, 554e; 227, 287; 300i, 360i, 450i, 550i, 650i, 750i; 308, 308e, 368, 368e, 458, 458e, 558, 558e, 658e, 758, 808, 958; 4050i, 4700i, 4750i; C250i, C300i, C360i, C450i, C550i; C3300i, C3320i, C3350i, C4000i, C4050i; C220, C280, C360; C258, C308, C368, C458, C558, C658; C659, C759; C224, C224e, C284, C284e, C364, C364e, C454e, C554, C554e",Фотоотражатель,Photoreflector,Konica Minolta,оригинальный,не предусмотрено,нет данных,не предусмотрено,A0EDM50100,не предусмотрено,"Konica Minolta Bizhub 223, 283, 363, 423; 224e, 284e, 364e, 454e, 554e; 227, 287; 300i, 360i, 450i, 550i, 650i, 750i; 308, 308e, 368, 368e, 458, 458e, 558, 558e, 658e, 758, 808, 958; 4050i, 4700i, 4750i; C250i, C300i, C360i, C450i, C550i; C3300i, C3320i, C3350i, C4000i, C4050i; C220, C280, C360; C258, C308, C368, C458, C558, C658; C659, C759; C224, C224e, C284, C284e, C364, C364e, C454e, C554, C554e",C224/C658,"Konica Minolta Bizhub 223, 283, 363, 423; 224e, 284e, 364e, 454e, 554e; 227, 287; 300i, 360i, 450i, 550i, 650i, 750i; 308, 308e, 368, 368e, 458, 458e, 558, 558e, 658e, 758, 808, 958; 4050i, 4700i, 4750i; C250i, C300i, C360i, C450i, C550i; C3300i, C3320i, C3350i, C4000i, C4050i; C220, C280, C360; C258, C308, C368, C458, C558, C658; C659, C759; C224, C224e, C284, C284e, C364, C364e, C454e, C554, C554e",Прочее,Датчики,"3, грамм",Гарантия на данный товар не предоставляется,,,,,,,,,,,,,,,,,,,,,,,,,,,,,,,,,,,,,,,,
400000033180,"Пластина очистки блока регистрации в сборе (Registration Cleaning Sheet Assy) оригинал. для Konica Minolta C1060/C71hc, A50UR70D01",,,2,0,2190.0,2190.0,"Konica Minolta AccurioPress C2060, C2070, C2070P, C3070, C3080, C3080P, C83hc;Konica Minolta AccurioPrint C2060L, С3070L;Konica Minolta Bizhub Press C1060, C1070, C1070P, C71hc;Konica Minolta Bizhub Pro C1060L",Пластина очистки блока регистрации в сборе,Registration Cleaning Sheet Assy,Konica Minolta,оригинальный,не предусмотрено,600000,не предусмотрено,A50UR70D01,A50UR70D00,"Konica Minolta AccurioPress C2060, C2070, C2070P, C3070, C3080, C3080P, C83hc; AccurioPrint C2060L,  C3070L, Bizhub Press C1060, C1070, C1070P, C71hc; Bizhub Pro C1060L",C1060/C71hc,Лист блока выравнивания бумаги Лист очистки блока регистрации Лист очистки выравнивания Модуль очистки регистрационного блока Модуль регистрации Очиститель блока регистрации Очистительная пластина для подачи бумаги Очистительная пластина регистрации Очистительная пластина системы регистрации Очистительный лист Очищающая пластина блока совмещения Пластина в сборе Пластина для очистки регистрационного узла Пластина очистки выравнивания Пластина очистки позиционирования Пластина очистки регистрационного узла Пластина очистки юстировочного блока Пластинка Пластинка очистки регистрации Полотно Регистрационный узел Узел очистки регистрации в сборе Узел регистрации Чистящая лента регистрации Чистящая пластина блока регистрации Чистящая пластина регистрационного блока Чистящий лист блока регистрации Чистящий модуль блока совмещения Чистящий элемент блока привода Cleaning Sheet for Registration Unit Cleaning Strip Registration cleaning blade Assembly В сборе Комплект Набор Коника Минолта Акку Аку Акурио Акуриопресс Аккуриопресс Акуриопрес Аккуриопрес Акурио пресс Аккурио пресс Акурио прес Аккурио прес Коника Conika Konika Минольта бицхаб бизхаб Пресс Прес Про Праймлинк Прайм линк Prime Link C2060 C2070 C2070P C3070 C3080 C3080P C83hc C2060L C3070L C1060 C1070 C1070P C71hc C1060L C 2060 C 2070 C 2070P C 3070 C 3080 C 3080P C 83hc C 2060L С 3070L C 1060 C 1070 C 1070P C 71hc C 1060L С2060 С2070 С2070Р С3070 С3080 С3080Р С83hс С2060L С3070L С1060 С1070 С1070Р С71hс С1060L,Прочее,Пластины очистки,"237, грамм",Гарантия на данный товар не предоставляется,,,,,,,,,,,,,,,,,,,,,,,,,,,,,,,,,,,,,,,,
400000032622,"Чип фотобарабана совместим. 013R00672 для Xerox C75/J75, желтый/пурпурный/голубой (yellow/magenta/cyan)",,,194,0,210.0,210.0,,Чип фотобарабана,не предусмотрено,Xerox,совместимый,013R00672,65000,желтый/пурпурный/голубой (yellow/magenta/cyan),не предусмотрено,не предусмотрено,"Xerox Color C75, J75",C75/J75,Xerox Color C75 J75 C 75 J 75 Чип микросхема счетчик отпечатков Xerox Ксероркс Color колор калэр калор драм-картриджа барабан барабаны фотовал фоторецептор фоторецепторы ксерографии драмы,Прочее,Чипы,"1, грамм",Гарантия на данный товар не предоставляется,JND,,,,,,,,,,,,,,,,,,,,,,,,,,,,,,,,,,,,,,,
400000031422,"Ролик переноса изображения второй нижний (2nd Image Transfer Roller/Lower) оригинал. для Konica Minolta C1060/C71hc, A50U520001",,,23,0,19490.0,19490.0,"Konica Minolta AccurioLabel 190, 230;AccurioPress C2060, C2070, C2070P, C3070, C3070P, C3080, C3080P, C4070, C4080, C83hc;AccurioPrint C2060L, C3070L, C4065, C4065P;Bizhub Press C1060, C1070, C1070P, C71cf, C71hc;Bizhub Pro C1060L",Ролик переноса изображения второй нижний,2nd Image Transfer Roller/Lower,Konica Minolta,оригинальный,не предусмотрено,400000,не предусмотрено,A50U520001,"A50UV52000, A50U529100","Konica Minolta AccurioLabel 190, 230; AccurioPress C2060, C2070, C2070P, C3070, C3080, C3080P, C4070, C4080; AccurioPrint C3070L, C2060L, C4065, C4065P; Bizhub Press C1060, C1070, C1070P, C6000, C7000, C7000P, C71hc; Bizhub Pro C1060L, C6000L",C1060/C71hc,2nd Image Transfer Roller 2nd ITR ролик 2nd Transfer Roller Вал второго переноса Вал для вторичного переноса Вал переноса Вал переноса изображения Вторичный ролик переноса Вторичный трансферный ролик Второй ролик Второй ролик переноса Второй трансферный ролик Ролик вторичного переноса Ролик вторичного переноса изображения Ролик второго переноса изображения Ролик второго переноса тонера Ролик второго этапа переноса Ролик второго ITR модуля Ролик для передачи изображения Ролик для переноса тонера Ролик для печати Ролик заключительного переноса Ролик переноса Ролик переноса изображения Ролик трансферного узла Ролик финального переноса Трансферный ролик Узел второго переноса Image Transfer Roll Roll Second Transfer Roller Secondary Transfer Roller Transfer Roll нижний нижнего  Konica Minolta AccurioLabel 190 230 AccurioPress C2060 C2070 C2070P C3070 C3080 C3080P C4070 C4080 AccurioPrint C3070L C2060L C4065 C4065P Bizhub Press C1060 C1070 C1070P C71hc Bizhub Pro C1060L 190 230 C 2060 C 2070 C 2070P C 3070 C 3070P C 3080 C 3080P C 4070 C 4080 C 83hc 3070L C 2060L C 4065 C 1060 C 1070 C 1070P C 71cf C 71hc C 1060L C 6000L С2060 С2070 С2070Р С3070 С3070Р С3080 С3080Р С4070 С4080 С83hc 3070L С2060L С4065 С1060 С1070 С1070Р С71cf С71hc С1060L С6000L Коника Conika Konika Минолта лэйбел Акуриолэйбл Аккуриолэйбл Акуриолэйбел Аккуриолэйбэл Акурио лэйбл Акурио лэйбел Акурио лэйбэл Акку Акурио Акуриопресс Акуриопрес Акурио пресс Акурио прес Акуриопринт Акурио принт бицхаб бизхаб,Перенос изображения,Ролики переноса,"208, грамм",Гарантия на данный товар не предоставляется,,,,,,,,,,,,,,,,,,,,,,,,,,,,,,,,,,,,,,,,
400000019829,"Чип тонер-картриджа  совместим. для лазерных принтеров Kyocera FS-С5100 (TK-540Y), желтый (yellow), 4000стр A4, Китай",,,2,0,230.66,270.07,"Чип для лазерных принтеровKyocera FS-C5100DN, и картриджейТК540Y.Чип для лазерного картриджа — микросхема памяти, на которой записаны характеристики картриджа. Количество израсходованного тонера, подсчитанное чипом, лишь приблизительно и на момент когда, согласно подсчету, тонер израсходован и печать блокируется, картридж содержит еще около 30% тонера. Таким образом, замена чипа позволяет значительно сэкономить на расходных материалах лазерного принтера.",,,,,,,,,,,,,,,,,,,,ТК540Y,Kyocera FS-C5100DN,,,,,,,,,,,,,,,Европа,,,,,,,,,,,,,,,,,,,,
400000022933,"Вал заряда  совместим. для лазерных принтеров HP Color LJ CP1215, CLJ 2600, Китай",,,18,0,104.56,113.65,"Вал заряда для лазерных принтеров HP Color LaserJet. Вал первичного заряда представляет собой металлическую ось, заключенную в резиновую оболочку. PCR имеют разное строение резинового слоя. Основная задача этой детали зарядка фотобарабана однородным отрицательным зарядом. В некоторых картриджах PCR выполняет функцию своеобразного дворника - очищает фотобарабан от остатков тонера и бумажной пыли. PCR также стирает остаточный заряд, который остался на фотобарабане от предыдущей зарядки. Вал первичного заряда подвержен сильному загрязнению бумажной пылью, поэтому требует регулярной и тщательной чистки.",,,,,,,,,,,,,,,,,,,,,,,noname,,,,,,,,,,,,,,,,,,,,"HP: CB540A, CB541A, CB542A, CB543A, Q6000A, Q6001A, Q6002A, Q6003A, Q6470A, Q6471A, Q6473A, Q6472A, Q7581A, Q7583A, Q7582A; Q2670A, Q2681A, Q2683A, Q2682A,Canon: 707","HP CP1215, CM1312, CP1215, CP1518, CP3525, CM3530, CLJ CM1015, CLJ CM1017 CLJ 1600, CLJ 2600, CLJ 2605, CLJ 3505, CLJ 3700, CLJ 3800,;Canon LBP-5000, LBP-5100",,,,,,,,,,,,
400000030295,"Картридж оригинал. Konica Minolta TN-615M A1DY330/A1DY350, для цветных лазерных принтеров C8000, пурпурный (magenta), 60000стр A4",,,10,0,7690.0,7690.0,Konica Minolta Bizhub PRESS C8000,Картридж,,Konica Minolta,оригинальный,,60000,,,не предусмотрено,Konica Minolta Bizhub Press C8000,C8000,Konica Minolta Bizhub PRESS C8000,,,"1997, грамм",10 месяцев,,,,,,,,TN-615M,A1DY350,A1DY330,A1DY350,пурпурный (magenta),для цветных лазерных принтеров,1469,,Япония,,,,,,,,,,,,,,,,,,,,,,,,
400000033702,"Лампа печки (Fusing Heater Lamp Assy/UP) оригинал. для Konica Minolta C1060/C71hc, A50UM31F00",,,1,0,8990.0,8990.0,"bizhub PRESS C1060, C1070, C1070P, C71cf, C71hc;bizhub PRO C1060L;AccurioLabel 190",Лампа печки,Fusing Heater Lamp Assy/UP,Konica Minolta,оригинальный,не предусмотрено,3000000,не предусмотрено,A50UM31F00,A50U M31F 00,"AccurioLabel 190; bizhub PRESS C1060, C1070, C1070P, C71cf, C71hc; bizhub PRO C1060L",C1060/C71hc,Лампа блока закрепления Лампа блока фиксации Лампа для закрепления тонера Лампа закрепления изображения Лампа запекания тонера Лампа нагрева Лампа нагрева печки Лампа нагревателя фьюзера Лампа накаливания фьюзера Лампа термического закрепления Лампа термоблока Лампа термозакрепления Лампа термоузла Лампа узла закрепления Лампа узла термозакрепления Лампа узла фиксации Лампа фиксатора изображения Лампа фьюзера Лампа fusing unit Нагреватель печки Нагреватель термоблока Нагреватель фьюзера Нагревательная лампа печки Нагревательная лампа фьюзера Нагревательный элемент печки Термическая лампа фьюзера Термолампа печки Термоэлемент Фьюзерная лампа Fixing Lamp Fusing Heater Lamp Fusing Lamp Heater Lamp Assy Thermal Heater Lamp Коника Минолта Минольта бицхаб бизхаб Пресс Прес Акуриолэйбл Аккуриолэйбл Акуриолэйбел Аккуриолэйбел Акуриолэйбэл Аккуриолэйбэл Акурио лэйбл Аккурио лэйбл Акурио лэйбел Аккурио лэйбел Акурио лэйбэл Аккурио лэйбэл Про PRESS C1060 C1070C1070PC71cf C71hc 1060L 190 C 1060 C 1070 C 1070P C71cf C71hc C 1060L 190 С1060 С1070 С1070Р С71cf С71hc С1060L,Закрепление изображения,Лампы,"235, грамм",Гарантия на данный товар не предоставляется,,,,,,,,,,,,,,,,,,,,,,,,,,,,,,,,,,,,,,,,
400000032578,"Блок девелопера (Developer Housing) оригинал. для Xerox Versant 80/4100, универсальный, 948K03110",,,32,0,17990.0,17990.0,"Xerox Versant 80, 170i, 180, 180i, 280;2100, 2100i, 3100, 3100i, 4100 Press.",Блок девелопера,Developer Housing,Xerox,оригинальный,не предусмотрено,1500000,универсальный,948K03110,"948K03110, 948K03111, 948K03112, 848K73540, 848K73541, 848K73542, 848K73543, 848K73544, 848K73545, 848K73546, 848K73547, 848K73548, 848K73549, 948K16840, 948K16841, 948K16842, 948K16843, 641S01170","Xerox Versant 80, 170i, 180, 180i, 280; 2100, 2100i, 3100, 3100i, 4100 Press",Versant 80/4100,"Xerox Versant 80, 180, 280; 2100, 3100, 4100 Press пресс версант  ксерокс assembly хаузинг сборе узел housing assembly assy developer проявки проявка носитель носителя проявки проявления проявитель",Формирование изображения,Блок девелопера,"1800, грамм",Гарантия на данный товар не предоставляется,,,,,,,,,,,,,,,,,,,,,,,,,,,,,,,,,,,,,,,,
400000030671,"Девелопер (Developer) оригинал. DV-610K для Konica Minolta C5500/C70hc, черный (black), A04P600",,,10,0,10990.0,10990.0,"Konica Minolta Bizhub Pro C5500, C5501, C6000L, C6500, C6501, C65hc;Konica Minolta Bizhub Press C70hc, C6000, C7000, C7000P;Develop Ineo + 5501, 6501",Девелопер,Developer,Konica Minolta,оригинальный,DV-610K,300000,черный (black),A04P600,не предусмотрено,"Konica Minolta Bizhub Pro C5500, C5501, C6000L, C6500, C6501, C65HC; Press C70hc, C6000, C7000, C7000P; Develop Ineo + 5501, 6501",C5500/C70hc,"Konica Minolta bizhub Press C6000 C7000, C7000P C70hc C 6000 C 7000, C 7000P c 70hc Pro С5500 C5501 C6500 C6501 C6000L C65hc С 5500 C 5501 C 6500 C 6501 C 6000L C 65hc Develop Ineo + Коника Минолта Минольта бизхаб бицхаб пресс про девелоп инео блок девелопер проявитель проявка",Формирование изображения,Девелоперы,"1100, грамм",Гарантия на данный товар не предоставляется,,,,,,,,,,,,,,,,,,,,,,,,,,,,,,,,,,,,,,,,
400000022692,"Картридж совместимый для цветных лазерных принтеров Kyocera, TK-560, черный (black), с чипом, 12000стр A4, Булат S-Line",,,1,0,1885.08,2015.81,"Тонер-картридж для принтеров FS-C5300, C5350, ECOSYS P6030c, заменяющий оригинальные картриджи TK-560. Тонеры компании Булат для картриджей лазерных принтеров производятся из современного сырья. Это полимеры, применение которых позволяет использовать тонеры в тонер-картриджах для новых скоростных принтеров и копиров. Это магнетиты и зарядорегуляторы, позволяющие получать стабильные результаты качества печати. Все это, плюс технологические приемы, направленные на улучшение структуры и формы частиц тонера, позволяют получить продукт стабильного качества. Все стадии производства тонеров проходят жесткий технологический контроль, готовый продукт всесторонне тестируется. Более 20 параметров подлежат проверке. Компания Булат проводит исследование тонеров во взаимодействии с другими расходными материалами: фотобарабанами, валами первичного заряда и т. д. для наиболее эффективного использования формулировок в дальнейшем.",,,,,,,,,,,,,,,,,,,,,,,Булат,,,,,,,,,,,,http://www.bulatgroup.ru,,TK560,black (черный),TK560,"FS-C5300, C5350, ECOSYS P6030c",12000,,,,,,,,,,,,,,,
400000025306,"Чип тонер-картриджа  совместим. для лазерных принтеров PC-110, Pantum P2000/M5000, черный (black), UNItech",,,35,0,425.06,448.33,Чип для Pantum P2000/M5000 (автосброс) и картриджей PC-110,,,,,,,,,,,,,,,,,,,,PC-110,,автосброс,Unitech,,,,,,,,,,,,,,,,,,,,,Pantum P2000/M5000,,,,,,,,,,,,
400000032557,"Ролик переноса изображения второй в сборе (2nd BTR Bias Transfer Roller Assembly) оригинал. для Xerox C550/C70, 059K82253/059K68390",,,10,0,35900.0,35900.0,,Ролик переноса изображения второй в сборе,2nd BTR Bias Transfer Roller Assembly,Xerox,оригинальный,не предусмотрено,300000,не предусмотрено,059K82253/059K68390,"059K68390, 059K68391, 059K68392, 059K68393, 059K68394, 059K68395, 059K68396, 059K68397, 641S01021, 544P24975","Xerox Color C550, C560, C570; C60, C70; PrimeLink C9065/C9070",C550/C70,Вал вторичного переноса Вал для вторичного переноса Вал переноса изображения Второй ролик переноса Ролик вторичного переноса Ролик второго переноса изображения Ролик второго BTR модуля Ролик для передачи изображения Ролик для переноса тонера Ролик для печати Ролик переноса изображения Ролик трансферного узла Ролик финального переноса Ролик BTR Трансферный ролик Узел второго переноса assy в сборе узел переноса узел ролика 2-го переноса блок второго переноса BTR ролик BTR Assembly Image Transfer Roller Second Transfer Roller Secondary Transfer Roller Xerox Color C550 C560 C570 C60 C70 C 550 C 560 C 570 C 60 C 70 PrimeLink C9065 C9070 C 9065 C 9070 Ксерокс Праймлинк прайм линк колор калэр калор colour,Перенос изображения,Ролики переноса,"3055, грамм",Гарантия на данный товар не предоставляется,,,,,,,,,,,,,,,,,,,,,,,,,,,,,,,,,,,,,,,,
400000032580,"Вал прижимной (Fuser Pressure Roller) оригинал. для Xerox Versant 80/2100, 059K81320",,,2,0,28900.0,28900.0,"Xerox Versant 80, 170i, 180, 180i, 280; 2100, 3100, 3100i, 4100 Press",Вал прижимной,Fuser Pressure Roller,Xerox,оригинальный,не предусмотрено,650000,не предусмотрено,059K81320,не предусмотрено,"Xerox Versant 80, 170i, 180, 180i, 280; 2100, 3100, 3100i, 4100 Press",Versant 80/2100,Вал давления Вал для фиксации изображения Вал для фьюзера Вал печки Вал фьюзера Нижний ролик Нижний ролик термозакрепления Прижимной вал термоблока Прижимной вал узла фиксации Прижимной ролик печки Прижимной ролик фьюзера Ролик для запекания Ролик термоблока Ролик фьюзера Термовалы Терморолик Фьюзерный вал Фьюзерный ролик Fuser Press Roll Fuser Pressure Roller Assembly Fuser Roller Heat Pressure Roller Lower Fuser Roller Press Roller Pressure Roll Thermal Pressure Roller Ксерокс Версант Вёрсант Версанта Xerox Versant 80 170i 180 180i 280 2100 3100 3100i 4100 Press V80 V170i V180 V180i V280 V2100 V3100 V3100i V4100 пресс,Закрепление изображения,Печные валы и ремни,"1233, грамм",Гарантия на данный товар не предоставляется,,,,,,,,,,,,,,,,,,,,,,,,,,,,,,,,,,,,,,,,
400000024050,"Картридж оригинал. Konica Minolta TN-616M A1U9330/A1U9350, для цветных лазерных принтеров C6000/C7000, пурпурный (magenta), 31000стр A4",,,1,0,5900.0,5899.99,"Bizhub Press C6000, C7000, C7000PBizhub Pro C6000L",Картридж,,Konica Minolta,оригинальный,,31000,,,"A1U9352, A1U9332, A1U9333, A1U9353, A1U9330, A1U9360, A1U93D0, A1U93D2, A1U93D3","Konica Minolta Bizhub Press C6000, C7000, C7000P, Bizhub Pro C6000L",C6000/C7000,Konica Minolta Bizhub Press C6000 C6000L C7000 C7000P 6000 C 6000L 7000 7000P Коника Минольта Минолта Бизхуб Бицхаб Пресс replenisher туба флакон порошок краска,,,"957, грамм",10 месяцев,,,,,,,,TN-616M,A1U9350,A1U9330,A1U9350,пурпурный (magenta),для цветных лазерных принтеров,630,,Япония,,,,,,,,,,,,,,,,,,,,,,,,
400000030311,"Фотобарабан  совместим. для лазерных принтеров HP LJ M402/426 (для OEM-type картриджей), Китай",,,1,0,115.64,125.7,"Фотобарабан для принтеров HP LaserJet Pro M402, MFP426",Фотобарабан,,Китай,совместимый,HP LJ M402/426 (для OEM-type картриджей),нет данных,не предусмотрено,,,,,"HP LaserJet Pro M402, MFP426",,,"50, грамм",Гарантия на данный товар не предоставляется,Булат,HP CF226a,Фотобарабаны,,,,,,,,,,,,,,,,,,,,,,,,,,,,,,,,,,,,,
400000016149,"Картридж совместимый для ч/б лазерных принтеров Kyocera, TK-715, черный (black), с чипом, 34000стр A4, Булат S-Line",,,4,0,2834.52,3071.82,"Черный тонер-картридж для принтеров Kyocera KM3050, KM4050, KM5050, заменяющий оригинальные картриджи TK715. Тонеры компании Булат для картриджей лазерных принтеров производятся из современного сырья. Это полимеры, применение которых позволяет использовать тонеры в тонер-картриджах для новых скоростных принтеров и копиров. Это магнетиты и зарядорегуляторы, позволяющие получать стабильные результаты качества печати. Все это, плюс технологические приемы, направленные на улучшение структуры и формы частиц тонера, позволяют получить продукт стабильного качества. Все стадии производства тонеров проходят жесткий технологический контроль, готовый продукт всесторонне тестируется. Более 20 параметров подлежат проверке. Компания Булат проводит исследование тонеров во взаимодействии с другими расходными материалами: фотобарабанами, валами первичного заряда и т. д. для наиболее эффективного использования формулировок в дальнейшем.",,,,,,,,,,,,,,,,,,,,,,,Булат,,,,,,,,,,,,http://www.bulatgroup.ru,,TK715,black (черный),TK715,"Kyocera KM3050, KM4050, KM5050",34000,,,,,,,,,,,,,,,
400000033711,"Картридж оригинал. Ricoh 828534/828496, для цветных лазерных принтеров C7200/C7210, пурпурный (magenta), 45000стр A4",,,2,0,13390.0,13390.0,"RicohPro C7200S, C7200SX, C7200X, C7210S, C7210SX, C7210X",Картридж,,Ricoh,оригинальный,,45000,,,"60-0403, 828450, 828587","Ricoh Pro C7200S, C7200SX, C7200X, C7210S, C7210SX, C7210X",C7200/C7210,Ricoh Pro Про Rico Rikoh Riko Рико Рикох replenisher тонер туба флакон порошок краска картриж С7200 С7210 С 7200 С 7210 C7200S C7200SX C7200X C7210S C7210SX C 7210X C 7200S C 7200SX C 7200X C 7210S C 7210SX C 7210X,,,"2060, грамм",10 месяцев,,,,,,,,не предусмотрено,60-0403,828534,828496,пурпурный (magenta),для цветных лазерных принтеров,1482,,Япония,,,,,,,,,,,,,,,,,,,,,,,,
400000030886,"Вал магнитный (в сборе)  совместим. для лазерных принтеров Konica Minolta C554/C754, Китай",,,4,0,1390.35,1511.25,"Вал магнитный (в сборе) для принтеров Konica Minolta Bizhub 554e, 558, 558e, 654, 654e, 658e, 754, 754e, 758, 808, C554, C554e, C654, C654e, C659, C754, C754e, C759",Вал магнитный (в сборе),,Китай,совместимый,Konica Minolta C554/C754,нет данных,не предусмотрено,,,,,"Konica Minolta Bizhub 554e, 558, 558e, 654, 654e, 658e, 754, 754e, 758, 808, C554, C554e, C654, C654e, C659, C754, C754e, C759",,,"340, грамм",Гарантия на данный товар не предоставляется,JNG,не предусмотрено,Валы магнитные,,,,,,,,,,,,,,,,,,,,,,,,,,,,,,,,,,,,,
400000031355,"Картридж оригинал. Konica Minolta TN-627K ACVV130/ACVV180, для цветных лазерных принтеров C12000/C14000, черный (black), 173800стр A4",,,4,0,14900.0,14900.0,"Konica Minolta AccurioPress C12000, C14000",Картридж,,Konica Minolta,оригинальный,,173800,,,ACVV150,"Konica Minolta AccurioPress C12000, C14000",C12000/C14000,Konica Minolta AccurioPress C12000 C14000 C 12000 C 14000 Коника Минолта Минольта Акурио Аккурио Акуриопресс Аккуриопресс пресс тонер туба флакон replenisher,,,"4065, грамм",10 месяцев,,,,,,,,TN-627K,ACVV180,ACVV130,ACVV180,черный (black),для цветных лазерных принтеров,3264,,Япония,,,,,,,,,,,,,,,,,,,,,,,,
400000016210,"Фотобарабан  совместим. для лазерных принтеров Samsung ML 1210, SGT",,,7,0,116.01,126.1,"Фотобарабан для лазерных принтеров Samsung ML-1010, ML-1020, ML-1210, ML-1220, ML-1250, ML-1430 и картриджей ML-1210D3. Фотобарабан состоит из металлического цилиндра, на который нанесен фотослой. Фотобарабаны различаются размерами и формой шестерен, обеспечивающих его вращение. На фотобарабане лазер принтера засвечивает области, на которые магнитному валу необходимо нанести тонер. Срок службы фотобарабана зависит от используемых тонера и бумаги.",,,,,,,,,,,,,,,,,,,,ML-1210D3,"Samsung ML-1010, ML-1020, ML-1210, ML-1220, ML-1250, ML-1430",,Asia,,,,,,,,,,,,,,,,,,,,,,,,,,,,,,,,,
400000031870,"Коротрон заряда (Charging Pole Unit) оригинал. для Konica Minolta C4065/C4080, AC57R70111",,,27,0,5220.0,5220.0,"Konica Minolta AccurioPrint C4065, C4065P; AccurioPress C4070, C4080",Коротрон заряда,Charging Pole Unit,Konica Minolta,оригинальный,не предусмотрено,210000,не предусмотрено,AC57R70111,"AC57R70100, AC57R70122","Konica Minolta AccurioPrint C4065, C4065P; AccurioPress C4070, C4080",C4065/C4080,Блок заряда Блок коронного разряда Блок короны заряда Блок коротрона Зарядная корона Зарядная нить Зарядное устройство Зарядный коротрон Коратрон Корона заряда Коронарная проволока Коронарная решетка Коронарный блок Коронарный провод Коронарный узел Коронарный электрод Коронатор Коронатор заряда Коронный провод Коронный разряд Коротон Коротрон Коротрон главного заряда Коротрон заряда Коротрон зарядки Кортрон Нить коротрона Проволока заряда Сетка коротрона Узел заряда Узел коронного заряда Узел коротрона Экранированный коротрон (скоротрон) Charge Corona Unit Charge Corotron Charge Corotron Cartridge Charging Corona Charging Pole Unit Corona Wire Kоnica Коника Conika Konika Minolta Минолта Минольта Акку Аку Акурио Акуриопресс Аккуриопресс Акуриопрес Аккуриопрес Акурио пресс Аккурио пресс Акурио прес Аккурио прес АккуриоПринт принт C 4065 C 4070 C 4080 С4065 С4070 С4080,Формирование изображения,"Коротроны, валы заряда","260, грамм",Гарантия на данный товар не предоставляется,,,,,,,,,,,,,,,,,,,,,,,,,,,,,,,,,,,,,,,,
400000033636,"Пылезащитный фильтр (Suction Dust-proof Filter) оригинал. для Konica Minolta C1060/C4070, A50U164901",,,2,0,890.0,889.99,"AccurioPress C2060, C2070, C2070P, C3070, C3080, C3080P, C4070, C4080, C7090, C7100, C83hc;AccurioPrint C2060L, C3070L, C4065, C4065P;bizhub PRESS C1060, C1070, C1070P, C71cf, C71hc;bizhub PRO C1060L;AccurioLabel 190, 230",Пылезащитный фильтр,Suction Dust-proof Filter,Konica Minolta,оригинальный,не предусмотрено,600000,не предусмотрено,A50U164901,A50U 1649 01,"AccurioPress C2060, C2070, C2070P, C3070, C3080, C3080P, C4070, C4080, C7090, C7100, C83hc; AccurioPrint C2060L, C3070L, C4065, C4065P; bizhub PRESS C1060, C1070, C1070P, C71cf, C71hc; bizhub PRO C1060L; AccurioLabel 190, 230",C1060/C4070,Фильтр от пыли Пылевой фильтр Фильтр блока Противопылевой фильтр Даст-прооф фильтр Даст-пруф Dust filter Даст-фильтр Developing Dustproof Даст прооф Фильтр второй Фильтр Фильтр от тонерной пыли Пылеулавливающий фильтр Фильтр защиты от пыли Фильтр для принтера Фильтр для печатной машины Пылеудаление Улавливатель пыли Фильтрующий элемент Сетка фильтра Барьер пыли Пылесборник Фильтр для обслуживания Коника Минолта Минольта Акку Аку Акурио Акуриопресс Аккуриопресс Акуриопрес Аккуриопрес Акурио пресс Аккурио пресс Акурио прес Аккурио прес Акку Аку Акурио Акуриопринт Аккуриопринт Акурио принт Аккурио принт бицхаб бизхаб Пресс Прес лейбел лэйбел Акуриолэйбл Аккуриолэйбл Акуриолэйбел Аккуриолэйбэл Акурио лэйбл Аккурио лэйбел Акурио лэйбэл C2060 C 2060 C2070 C 2070 C2070P C 2070P C3070 C 3070 C3080 C 3080 C3080P C 3080P C4070 C 4070 C4080 C 4080 C7090 C 7090 C7100 C 7100 C83hc C 83hc C2060L C 2060L C3070L C 3070L C4065 C 4065 C4065P C 4065P C1060 C 1060 C1070 C 1070 C1070Pagel C 1070P C71cf C 71cf C71hc C 71hc C1060L C 1060L 190 230 С2060 С2070 С2070Р С3070 С3080 С3080Р С4070 С4080 С7090 С7100 С83hc С2060L С3070L С4065 С4065Р С1060 С1070 С1070Р С71cf С71hc С1060L,Прочее,Фильтры,"53, грамм",Гарантия на данный товар не предоставляется,,,,,,,,,,,,,,,,,,,,,,,,,,,,,,,,,,,,,,,,
400000015038,"Чип тонер-картриджа  совместим. для лазерных принтеров HP LJ Universal MMX/P2015/3005 Canon LBP-3300/3310, черный (black), 6500стр A4, Китай",,,1,0,115.33,125.36,"Чип для лазерных принтеров HPLJ 2015, 3005 и картриджей Q17551A, Q7553A. Чип для лазерного картриджа — микросхема памяти, на которой записаны характеристики картриджа. Количество израсходованного тонера, подсчитанное чипом, лишь приблизительно и на момент когда, согласно подсчету, тонер израсходован и печать блокируется, картридж содержит еще около 30% тонера. Таким образом, замена чипа позволяет значительно сэкономить на расходных материалах лазерного принтера.Чип для принтеров HP LJ 1300, 1320, 2015, 2300, 2410, 2420, 2430, 3005, 4200, 4300, 4250, 4350, 3390, 3392, 4345, M2727MFP, M3027MFP, M3035MFP, Canon LBP3300, LBP3310",,,,,,,,,,,,,,,,,,,,"Q7551A, Q7553A","HPLJ 2015, 3005",,Universal,,,,,,,,,,,,,,,,,,,,,,,,,,,,,,,,,
400000032968,"Картридж оригинал. Xerox 006R01380/CT202102, для цветных лазерных принтеров DC700/C75, голубой (cyan), 22000стр A4",,,2,0,7190.0,7189.99,"Xerox Digital Color Press 700, 700i, 770; Color С75, J75",Картридж,,Xerox,оригинальный,,22000,,,"006R01376, CT201244, CT201206, CT201273","Xerox Digital Color Press 700, 700i, 770; Color С75, J75",DC700/C75,Xerox DocuColor 700 700i 770 DC700 DC700i DC770 DC 700 DC 700i DC 770 С75 J75 С 75 J 75 доку колор калор калэр диджитал дижитал дигитал пресс прес ксерокс картридж тонер порошок туба краска replenisher,,,"1313, грамм",10 месяцев,,,,,,,,не предусмотрено,006R01384,006R01380,CT202102,голубой (cyan),для цветных лазерных принтеров,638,737,США,,,,,,,,,,,,,,,,,,,,,,,,
400000031868,"Девелопер (Developer) оригинал. DV-011 для Konica Minolta Pro 951/Press 2250P, черный (black), A0TH500",,,10,0,16900.0,16900.0,"Konica Minolta Bizhub Press 1052, 1250, 1250P, 2250P; Bizhub Pro 951, 1051, 1200, 1200P",Девелопер,Developer,Konica Minolta,оригинальный,DV-011,1000000,черный (black),A0TH500,не предусмотрено,"Konica Minolta Bizhub Press 1052, 1250, 1250P, 2250P; Bizhub Pro 951, 1051, 1200, 1200P",Pro 951/Press 2250P,"Konica Minolta Bizhub Press 1052, 1250, 1250P, 2250P; Bizhub Pro 951, 1051, 1200, 1200P",Формирование изображения,Девелоперы,"2100, грамм",Гарантия на данный товар не предоставляется,,,,,,,,,,,,,,,,,,,,,,,,,,,,,,,,,,,,,,,,
400000032147,"Блок фотобарабана (Drum Unit) оригинал. D01 для Canon C600/C850, черный (black), 8064B001",,,5,0,49900.0,49900.0,"Canon ImagePress C60, C65, C600i, C650, C660, C700, C710, C750, C800, C810, C850, C910",Блок фотобарабана,Drum Unit,Canon,оригинальный,D01,900000,черный (black),8064B001,8064B001AA,"Canon ImagePress C60, C65, C600i, C650, C660, C700, C710, C750, C800, C810, C850, C910",C600/C850,"Canon ImagePress Image Press C60, C65, C600i, C650, C660, C700, C710, C750, C800, C810, C850, C910 C 60 65 600 i 600i 650 660 700 710 750 800 810 850 910",Формирование изображения,Блок фотобарабана,"1261, грамм",Гарантия на данный товар не предоставляется,,,,,,,,,,,,,,,,,,,,,,,,,,,,,,,,,,,,,,,,
400000030974,"Блок фотобарабана (Drum Unit) оригинал. DU-104 для Konica Minolta C6000/C70hc, желтый/пурпурный/голубой (yellow/magenta/cyan), A2VG0Y0",,,1,0,23990.0,23990.0,"Konica Minolta Bizhub Press C6000, C7000, C7000P, C70hc; Bizhub Pro C6000L",Блок фотобарабана,Drum Unit,Konica Minolta,оригинальный,DU-104,180000,желтый/пурпурный/голубой (yellow/magenta/cyan),A2VG0Y0,не предусмотрено,"Konica Minolta Bizhub Press C6000, C7000, C7000P, C70hc; Bizhub Pro C6000L",C6000/C70hc,"Konica Minolta Bizhub Press C6000, C7000, C7000P, C70hc; Bizhub Pro C6000L",Формирование изображения,Блок фотобарабана,"1515, грамм",Гарантия на данный товар не предоставляется,,,,,,,,,,,,,,,,,,,,,,,,,,,,,,,,,,,,,,,,
400000031848,"Девелопер (Developer) оригинал. для Xerox Versant 80/4100, пурпурный (magenta), 676K33631/505S00039",,,7,0,3990.0,3990.0,"Xerox Versant Press 80, 180, 280; 2100, 3100, 4100",Девелопер,Developer,Xerox,оригинальный,не предусмотрено,1500000,пурпурный (magenta),676K33631/505S00039,676K33632,"Xerox Versant Press 80, 180, 280; 2100, 3100, 4100",Versant 80/4100,Xerox Versant v80 v180 v280 v2100 v3100 v4100 Press проявитель носитель,Формирование изображения,Девелоперы,"490, грамм",Гарантия на данный товар не предоставляется,,,,,,,,,,,,,,,,,,,,,,,,,,,,,,,,,,,,,,,,
400000031976,"Чип тонер-картриджа совместим. 006R01659 для Xerox C60/C70, черный (black)",,,229,0,200.0,200.0,Xerox Color C60/C70,Чип тонер-картриджа,не предусмотрено,Xerox,совместимый,006R01659,30000,черный (black),не предусмотрено,не предусмотрено,"Xerox Color C60, C70",C60/C70,Xerox Color Colour C60 C70,Прочее,Чипы,"1, грамм",Гарантия на данный товар не предоставляется,JDY,,,,,,,,,,,,,,,,,,,,,,,,,,,,,,,,,,,,,,,
400000030659,"Вал заряда  совместим., Kyocera",,,1,0,1955.74,2125.8,"Kyocera P4035, P4040",Вал заряда,,Kyocera,совместимый,не предусмотрено,нет данных,не предусмотрено,,,,,"Kyocera P4035, P4040",,,"193, грамм",Гарантия на данный товар не предоставляется,,,,,,,,,,,,,,,,,,,,,,,,,,,,,,,,,,,,,,,,
400000033713,"Узел разделения (Separation Claw Unit) оригинал. для Konica Minolta C1060/C7100, A50UR71P22",,,1,0,14390.0,14390.01,"AccurioPress C2060, C2070, C2070P, C3070, C3070P, C3080, C3080P, C4070, C4080, C7090, C7100, C83hc;AccurioPrint C2060L, C3070L, C4065, C4065P;bizhub PRESS C1060, C1070, C1070P, C71hc;bizhub PRO C1060L",Узел разделения,Separation Claw Unit,Konica Minolta,оригинальный,не предусмотрено,нет данных,не предусмотрено,A50UR71P22,A50U R71P 22,"AccurioPress C2060, C2070, C2070P, C3070, C3070P, C3080, C3080P, C4070, C4080, C7090, C7100, C83hc; AccurioPrint C2060L, C3070L, C4065, C4065P; bizhub PRESS C1060, C1070, C1070P, C71hc; bizhub PRO C1060L",C1060/C7100,Узел разделения Separation Claw Unit оригинал. Блок для отделения листов Блок когтей разделения Блок отделения Блок отделения листов Блок разделения Когтевой сепаратор Когти для принтера Когти против слипания бумаги Когти разделения Компонент системы вывода отпечатков Лопатки отделения бумаги Механизм антислипания Механизм для разделения Механизм для сепарации Механизм отделения Механизм разделения Ножи разделения Отделяющие пальцы Разделители бумаги Разделительные когти Разделительный механизм Разделительный узел Сепаратор Сепаратор для бумаги Сепаратор для листов Сепарационная блок Система разделения листов Узел для разделения бумаги Узел для разделения листов Узел отделения Узел отделения бумаги Узел отделения листов Узел предотвращения двойной подачи Узел разделения бумаги Узел разделения листа Узел сепарации Устройство для отделения Устройство разделения Claw Separation Unit Claw Separator Fuser Claw Unit Fuser Separation Unit Paper Separation Unit Paper Separator Separation Assembly Separation Claw Assembly Separation Device Separation Mechanism Separation Unit Separator Unit Sheet Separation Unit Sheet Separator Коника Минолта Минольта Акку Аку Акурио Акуриопресс Аккуриопресс Акуриопрес Аккуриопрес Акурио пресс Аккурио пресс Акурио прес Аккурио прес Акуриопринт Аккуриопринт Акурио принт Аккурио принт бицхаб бизхаб Пресс Прес Про C2060 C 2060 C2070 C 2070 C2070P C 2070P C3070 C 3070 C3070P C 3070P C3080 C 3080 C3080P C 3080P C4070 C 4070 C4080 C 4080 C7090 C 7090 C7100 C 7100 C83hc C 83hc C2060L C 2060L C3070L C 3070L C4065 C 4065 C4065P C 4065P C1060 C 1060 C1070 C 1070 C1070P C 1070P C71hc C 71hc C1060L C 1060L С2060 С2070 С2070Р С3070 С3070Р С3080 С3080Р С4070 С4080 С7090 С7100 С83hc С2060L С3070L С4065 С4065Р С1060 С1070 С1070Р С71hc С1060L,Перенос изображения,Пальцы и пластины отделения,"468, грамм",Гарантия на данный товар не предоставляется,,,,,,,,,,,,,,,,,,,,,,,,,,,,,,,,,,,,,,,,
400000030346,"Чип тонер-картриджа  совместим. для лазерных принтеров Ricoh SP100 Type SP101E, черный (black), 2000стр A4, Булат",,,8,0,29.88,31.51,"Чип для принтеров Ricoh Aficio SP 100, Ricoh Aficio SP 111",Чип тонер-картриджа,,Булат,совместимый,Ricoh SP100 Type SP101E,2000,черный (black),,,,,"Ricoh Aficio SP 100, Ricoh Aficio SP 111",,,"1, грамм",Гарантия на данный товар не предоставляется,Булат,SP101E,Чипы,,,,,,,,,,,,,,,,,,,,,,,,,,,,,,,,,,,,,
400000032478,"Картридж оригинал. Konica Minolta TNP-48C A5X0450/A5X0430, для цветных лазерных принтеров Konica Minolta C3350/C3850, голубой (cyan), 10000стр A4",,,3,0,2990.0,2989.99,,Картридж,,Konica Minolta,оригинальный,,10000,,,не предусмотрено,"Konica Minolta Bizhub C3350, C3850",C3350/C3850,"Konica Minolta Bizhub C3350, C3850",,,"1, грамм",10 месяцев,,,,,,,,TNP-48C,A5X0490,A5X0450,A5X0430,голубой (cyan),для цветных лазерных принтеров Konica Minolta,нет данных,нет данных,Малайзия,,,,,,,,,,,,,,,,,,,,,,,,
400000033200,"Картридж оригинал. Konica Minolta/Develop TN-616M A1U9330/A1U9350, для цветных лазерных принтеров C6000/C7000, пурпурный (magenta), 31000стр A4",,,27,0,5790.0,5789.99,"Bizhub Press C6000, C7000, C7000PBizhub Pro C6000L",Картридж,,Konica Minolta/Develop,оригинальный,,31000,,,"A1U9352, A1U9332, A1U9333, A1U9353, A1U9330, A1U9360, A1U93D2, A1U93D3","Konica Minolta Bizhub Press C6000, C7000, C7000P, Bizhub Pro C6000L",C6000/C7000,Konica Minolta Bizhub Press C6000 C6000L C7000 C7000P 6000 C 6000L 7000 7000P Коника Минольта Минолта Бизхуб Бицхаб Пресс replenisher туба флакон порошок краска,,,"964, грамм",10 месяцев,,,,,,,,TN-616M,A1U93D0,A1U9330,A1U9350,пурпурный (magenta),для цветных лазерных принтеров,630,нет данных,Япония,,,,,,,,,,,,,,,,,,,,,,,,
400000020048,"Чип тонер-картриджа  совместим. для лазерных принтеров ML-2850(ML-D2850B), черный (black), 5000стр A4, Tonex",,,4,0,40.44,42.57,"Чип для лазерных принтеров Samsung ML-2850, ML-2851 и картриджей D2850B",,,,,,,,,,,,,,,,,,,,D2850B,Samsung ML-2850,,Tonex,,,,,,,,,,,,,универсальный,,,,,,,,,,,,,,,,,,,,
400000016140,"Картридж совместимый для ч/б лазерных принтеров Oki, B2200/B2400, черный (black), с чипом, 2000стр A4, Булат S-Line",,,2,0,483.51,525.55,"Черный тонер-картридж для принтеров Oki B2200, 2400, заменяющий оригинальные картриджи OB-B2200. Тонеры компании Булат для картриджей лазерных принтеров производятся из современного сырья. Это полимеры, применение которых позволяет использовать тонеры в тонер-картриджах для новых скоростных принтеров и копиров. Это магнетиты и зарядорегуляторы, позволяющие получать стабильные результаты качества печати. Все это, плюс технологические приемы, направленные на улучшение структуры и формы частиц тонера, позволяют получить продукт стабильного качества. Все стадии производства тонеров проходят жесткий технологический контроль, готовый продукт всесторонне тестируется. Более 20 параметров подлежат проверке. Компания Булат проводит исследование тонеров во взаимодействии с другими расходными материалами: фотобарабанами, валами первичного заряда и т. д. для наиболее эффективного использования формулировок в дальнейшем.",,,,,,,,,,,,,,,,,,,,,,,Булат,,,,,,,,,,,,http://www.bulatgroup.ru,,RTC OB-B2200,black (черный),OB-B2200,"Oki B2200, B2400",2000,,,,,,,,,,,,,,,
400000031862,"Картридж оригинал. Konica Minolta TN-626M ACV1330/ACV1370, для цветных лазерных принтеров C450i/C650i, пурпурный (magenta), 28000стр A4",,,2,0,7900.0,7900.0,"Konica Minolta Bizhub C450i, C550i, C650i",Картридж,,Konica Minolta,оригинальный,,28000,,,"ACV1350, ACV1390, ACV135H","Konica Minolta Bizhub C450i, C550i, C650i, C451i, C555i, C651i",C450i/C650i,Konica Minolta Bizhub Коника Минольта Минолта Бизхаб Бицхаб C450i C550i C650i C 450i C 550i C 650i тонер туба краска репленишер replenisher флакон,,,"800, грамм",10 месяцев,,,,,,,,TN-626M,ACV1370,ACV1330,ACV1370,пурпурный (magenta),для цветных лазерных принтеров,530,,Япония,,,,,,,,,,,,,,,,,,,,,,,,
400000032106,"Блок девелопера (Developer Unit) оригинал. DV-313Y для Konica Minolta C258/C368, желтый (yellow), A7U408D",,,3,0,29900.0,29900.01,"Konica Minolta Bizhub C258, C308, C368",Блок девелопера,Developer Unit,Konica Minolta,оригинальный,DV-313Y,600000,желтый (yellow),A7U408D,не предусмотрено,"Konica Minolta Bizhub C258, C308, C368",C258/C368,"Konica Minolta Bizhub C258, C308, C368 C 258 308 368 Минолта Минольта бизхаб бицхаб носитель носителя проявка проявки проявления проявитель узел юнит",Формирование изображения,Блок девелопера,"1445, грамм",Гарантия на данный товар не предоставляется,,,,,,,,,,,,,,,,,,,,,,,,,,,,,,,,,,,,,,,,
400000018136,"Картридж совместимый для ч/б лазерных принтеров Panasonic, RTC KX-FAT411A, черный (black), с чипом, 2000стр A4, Булат 7Q",,,0,4,246.87,268.33,"Черный тонер-картридж для принтеров KX-MB1900, KX-MB2000, KX-MB2020, KX-MB2030, KX-MB2051, KX-MB2061, заменяющий оригинальные картриджи Panasonic KX FAT411A.Тонеры компании Булат для картриджей лазерных принтеров производятся из современного сырья. Это полимеры, применение которых позволяет использовать тонеры в тонер-картриджах для новых скоростных принтеров и копиров. Это магнетиты и зарядорегуляторы, позволяющие получать стабильные результаты качества печати. Все это, плюс технологические приемы, направленные на улучшение структуры и формы частиц тонера, позволяют получить продукт стабильного качества. Все стадии производства тонеров проходят жесткий технологический контроль, готовый продукт всесторонне тестируется. Более 20 параметров подлежат проверке. Компания Булат проводит исследование тонеров во взаимодействии с другими расходными материалами: фотобарабанами, валами первичного заряда и т. д. для наиболее эффективного использования формулировок в дальнейшем.",,,,,,,,,,,,,,,,,,,,,,,Булат http://www.bulatgroup.ru,,,,,,,,,,,,,,RTC KX-FAT411A с чипом,black (черный),KX-FAT411A,"KX-MB1900, KX-MB2000, KX-MB2020, KX-MB2030, KX-MB2051, KX-MB2061",2000,,,,,,,,,,,,,,,
400000031346,"Печной ремень (Fusing Belt) оригинал. для Konica Minolta C1070/C71hc, A50U765000",,,14,0,31990.0,31990.01,"Konica Minolta AccurioPress C2060, C2070, C3070, C3070P, C3080, C3080P, C4070, C4080, C7090, C7100, C83hc;AccurioPrint C2060L, C3070L, C4065, C4065P;Bizhub PRESS C71hc, C1060, C1070, C1070P, C71hc;Bizhub PRO C1060L",Печной ремень,Fusing Belt,Konica Minolta,оригинальный,не предусмотрено,600000,не предусмотрено,A50U765000,"A50U734000, A50U757700","Konica Minolta AccurioPress C2060, C2070, C3070, C3070P, C3080, C3080P, C4070, C4080, C7090, C7100, C83hc; AccurioPrint C2060L, C3070L, C4065, C4065P; Bizhub PRESS C71hc, C1060, C1070, C1070P, C71hc; Bizhub PRO C1060L",C1070/C71hc,Печной ремень Fusing Belt Лента для запекания тонера Лента для печки Лента термозакрепления Нагревательная лента Нагревательный ремень Плёнка печки Ремень для запекания Ремень для термоблока Ремень для фиксации изображения Ремень для фьюзера Ремень печки Ремень термоблока Ремень фьюзера Термолента Термопленка Терморемень Фьюзерная лента Фьюзерный ремень Fuser Film Fuser Heat Belt Fusing film Heat Belt Thermal Belt Кoника Konica Conika Konika Минолта Minolta Минольта AccurioPress Акку Аку Акурио Акуриопресс Аккуриопресс Акуриопрес Аккуриопрес Акурио пресс Аккурио пресс Акурио прес Аккурио прес AccurioPrint Акуриопринт Аккуриопринт Акурио принт Аккурио принт Bizhub бицхаб бизхаб Press Прес Pro Про C2060 C2070 C3070 C3070P C3080 C3080P C4070 C4080 C7090 C7100 C83hc C2060L C3070L C4065 C4065P C71hc C1060 C1070 C1070P C71hc C1060L C 2060 C 2070 C 3070 C 3070P C 3080 C 3080P C 4070 C 4080 C 7090 C 7100 C 83hc C 2060L C 3070L C 4065 C 4065P C 71hc C 1060 C 1070 C 1070P C 71hc C 1060L С2060 С2070 С3070 С3070Р С3080 С3080Р С4070 С4080 С7090 С7100 С83hc С2060L С3070L С4065 С4065Р С71hc С1060 С1070 С1070Р С71hc С1060L,Закрепление изображения,Печные валы и ремни,"220, грамм",Гарантия на данный товар не предоставляется,,,,,,,,,,,,,,,,,,,,,,,,,,,,,,,,,,,,,,,,
400000031087,"Блок фотобарабана (Drum Unit) оригинал. DR-313YMC для Konica Minolta C258/C458, цветной (голубой, пурпурный, желтый/cyan, magenta, yellow), A7U40TD",,,23,0,15590.0,15590.0,"Konica Minolta Bizhub C258, C308, C368, C458, C558, C658",Блок фотобарабана,Drum Unit,Konica Minolta,оригинальный,DR-313YMC,55000,"цветной (голубой, пурпурный, желтый/cyan, magenta, yellow)",A7U40TD,не предусмотрено,"Konica Minolta Bizhub C258, C308, C368, C458, C558, C658",C258/C458,Konica Minolta Bizhub C258 C308 C368 C458 C558 C658  Коника Минолта Минольта Бизхаб Бицхаб колор калэр калор фотобарабаны фотовал фотовалы фоторецептор фоторецепторы драмы модуль ксерографии DR313,Формирование изображения,Блок фотобарабана,"1006, грамм",Гарантия на данный товар не предоставляется,,,,,,,,,,,,,,,,,,,,,,,,,,,,,,,,,,,,,,,,
400000031982,"Чип тонер-картриджа совместим. 006R01740 для Xerox C9065/C9070, пурпурный (magenta)",,,90,0,200.0,200.0,"Xerox PrimeLink C9065, C9070",Чип тонер-картриджа,не предусмотрено,Xerox,совместимый,006R01740,34000,пурпурный (magenta),не предусмотрено,не предусмотрено,"Xerox PrimeLink C9065, C9070",C9065/C9070,Xerox PrimeLink Prime Link C9065 C9070,Прочее,Чипы,"1, грамм",Гарантия на данный товар не предоставляется,JDY,,,,,,,,,,,,,,,,,,,,,,,,,,,,,,,,,,,,,,,
400000031458,"Картридж оригинал. Konica Minolta TN-616M A1U9330/A1U9350, для цветных лазерных принтеров C6000/C7000, пурпурный (magenta), 41800стр A4",,,6,0,6990.0,6990.0,"Bizhub Press C6000, C7000, C7000PBizhub Pro C6000L",Картридж,,Konica Minolta,оригинальный,,41800,,,"A1U9352, A1U9332, A1U9353, A1U9330, A1U9360, A1U93D0, A1U93D2, A1U93D3","Konica Minolta Bizhub Press C6000, C7000, C7000P, Bizhub Pro C6000L",C6000/C7000,Konica Minolta Bizhub Press C6000 C6000L C7000 C7000P 6000 C 6000L 7000 7000P Коника Минольта Минолта Бизхуб Бицхаб Пресс replenisher туба флакон порошок краска,,,"1170, грамм",10 месяцев,,,,,,,,TN-616M,A1U9333,A1U9330,A1U9350,пурпурный (magenta),для цветных лазерных принтеров,850,,Япония,,,,,,,,,,,,,,,,,,,,,,,,
400000023831,"Картридж совместимый для ч/б лазерных принтеров Xerox, RTC X3100, черный (black), без чипа, 6000стр A4, Булат 7Q",,,1,0,1893.77,2058.45,Картридж RTC X3100 black (черный) для Xerox Phaser 3100S.,,,,,,,,,,,,,,,,,,,,,,,Булат,,,,,,,,,,,,http://www.bulatgroup.ru,,RTC X3100 без смарткарты,black (черный),106R01379,,6000,,,,,,,,,"Xerox Phaser 3100s, 3100x, 3100mfp",,,,,,
400000012992,"Картридж совместимый для ч/б лазерных принтеров Canon и HP, RTC Q2613A/Q2624A/C7115A/EP-25, черный (black), с чипом, 2500стр A4, Булат 7Q",,,3,0,802.19,871.95,"Черный тонер-картридж для принтеров HP LaserJet 1000, 1005, 1200, 1220, 3300, 3310, 3320, 3330, 3380 Series, 1150, 1150n, 1300, 1300n, 1300xi, Canon LBP-1210, заменяющий оригинальные картриджи Q2613A, Q2624A, C7115A. Тонеры компании Булат для картриджей лазерных принтеров производятся из современного сырья. Это полимеры, применение которых позволяет использовать тонеры в тонер-картриджах для новых скоростных принтеров и копиров. Это магнетиты и зарядорегуляторы, позволяющие получать стабильные результаты качества печати. Все это, плюс технологические приемы, направленные на улучшение структуры и формы частиц тонера, позволяют получить продукт стабильного качества. Все стадии производства тонеров проходят жесткий технологический контроль, готовый продукт всесторонне тестируется. Более 20 параметров подлежат проверке. Компания Булат проводит исследование тонеров во взаимодействии с другими расходными материалами: фотобарабанами, валами первичного заряда и т. д. для наиболее эффективного использования формулировок в дальнейшем.",,,,,,,,,,,,,,,,,,,,,,,Булат,,,,,,,,,,,,http://www.bulatgroup.ru,,RTC-Q2613Aс чипом,black (черный),"Q2613A, Q2624A, C7115A",,2500,,,,,,,,,"HP LaserJet 1000, 1005, 1200, 1220, 3300, 3310, 3320, 3330, 3380 Series, 1150, 1150n, 1300, 1300n, 1300xi, Canon LBP-1210",,,,,,
400000033709,"Картридж оригинал. Ricoh 828532/828494, для цветных лазерных принтеров C7200/C7210, черный (black), 45000стр A4",,,2,0,13390.0,13390.0,"Ricoh Pro C7200S, C7200SX, C7200X, C7210S, C7210SX, C7210X",Картридж,,Ricoh,оригинальный,,45000,,,"60-0401, 828498, 828585","Ricoh Pro C7200S, C7200SX, C7200X, C7210S, C7210SX, C7210X",C7200/C7210,Ricoh Pro Про Rico Rikoh Riko Рико Рикох replenisher тонер туба флакон порошок краска картриж С7200 С7210 С 7200 С 7210 C7200S C7200SX C7200X C7210S C7210SX C 7210X C 7200S C 7200SX C 7200X C 7210S C 7210SX C 7210X,,,"2060, грамм",10 месяцев,,,,,,,,не предусмотрено,60-0401,828532,828494,черный (black),для цветных лазерных принтеров,1482,,Япония,,,,,,,,,,,,,,,,,,,,,,,,
400000015020,"Чип тонер-картриджа  совместим. для лазерных принтеров Xerox 6000/6010 (106R01629) Y EUR, желтый (yellow), 1000стр A4, Китай",,,7,0,21.24,22.4,"Чип для лазерного принтера Xerox Phaser 6000, 6010. Чип для лазерного картриджа — микросхема памяти, на которой записаны характеристики картриджа. Количество израсходованного тонера, подсчитанное чипом, лишь приблизительно и на момент когда, согласно подсчету, тонер израсходован и печать блокируется, картридж содержит еще около 30% тонера. Таким образом, замена чипа позволяет значительно сэкономить на расходных материалах лазерного принтера.",,,,,,,,,,,,,,,,,,,,"106R01629, 106R01633",,,Static Control,,,,,,,,,,,,,,,,,,,,,"Xerox Phaser 6000, 6010",,,,,,,,,,,,
400000031360,"Картридж оригинал. Konica Minolta TN-017 A9K1150/A9K1190, для ч/б лазерных принтеров 6120/6136, черный (black), 105000стр A4",,,9,0,9990.0,9990.0,"Konica Minolta AccurioPress 6120, 6136",Картридж,,Konica Minolta,оригинальный,,105000,,,A9K1130,"Konica Minolta AccurioPress 6120, 6136",6120/6136,"Konica Minolta AccurioPress 6120, 6136",,,"2755, грамм",10 месяцев,,,,,,,,TN-017,A9K1150,A9K1150,A9K1190,черный (black),для ч/б лазерных принтеров,2100,,Япония,,,,,,,,,,,,,,,,,,,,,,,,
400000032687,"Конвейерная лента (Conveyor Belt) оригинал. для Canon VP135, 1060075550",,,5,0,24900.0,24899.99,,Конвейерная лента,Conveyor Belt,Canon,оригинальный,не предусмотрено,нет данных,не предусмотрено,1060075550,не предусмотрено,"Canon VarioPrint 110, 115, 120, 130, 135, 140",VP135,Бумагопроводящая лента Бумагопротяжная лента Бумагопротяжный тракт Конвейерная лента Конвейерный ремень Лента для подачи листов Лента конвейера Лента механизма подачи Лента подачи Лента подачи бумаги Лента протяжки бумаги Лента транспортера Лента транспортировки Подающая лента Ремень конвейера Ремень конвейера принтера Ремень подачи Ремень протяжки Ремень транспортировки Транспортерная лента Транспортёрная лента Транспортёрный ремень Транспортировочная лента Транспортная лента Кэнон Канон Vario Print Вариопринт Варио принт VP110 VP115 VP120 VP130 VP135 VP140 VP 110 VP 115 VP 120 VP 130 VP 135 VP 140,Подача и вывод материала,Ленты вывода,"291, грамм",Гарантия на данный товар не предоставляется,,,,,,,,,,,,,,,,,,,,,,,,,,,,,,,,,,,,,,,,
400000031983,"Чип тонер-картриджа совместим. 006R01741 для Xerox C9065/C9070, желтый (yellow)",,,80,0,200.0,200.0,"Xerox PrimeLink C9065, C9070",Чип тонер-картриджа,не предусмотрено,Xerox,совместимый,006R01741,34000,желтый (yellow),не предусмотрено,не предусмотрено,"Xerox PrimeLink C9065, C9070",C9065/C9070,Xerox PrimeLink Prime Link C9065 C9070,Прочее,Чипы,"1, грамм",Гарантия на данный товар не предоставляется,JDY,,,,,,,,,,,,,,,,,,,,,,,,,,,,,,,,,,,,,,,
400000033579,"Крышка тонер-картриджа (Toner Cartridge Cover) совместим. для Xerox DC700/C75, черная (black)",,,13,0,90.0,90.0,"Крышка — это запасная часть тонер-картриджа, совместимая с принтерами Xerox Digital Color Press 700, 700i, 770; C75; J75. Она предназначена для защиты содержимого картриджа и обеспечивает правильную фиксацию картриджа в устройстве. Крышка используется при ремонте или восстановлении картриджа, например, при его повторной заправке тонером.Кроме того, если у вас есть картридж от Xerox DC250, Color 550, C60 или PrimeLink C9065, вы можете переставить крышку и установитьчип. После такой модификации картридж станет совместимым с моделями Xerox DCP 700/770, C75/J75. Это возможно благодаря идентичному составу тонера и девелопера, а также схожей конструкции картриджей — различия между ними заключаются лишь в крышке и чипе.кры",Крышка тонер-картриджа,Toner Cartridge Cover,Xerox,совместимый,не предусмотрено,нет данных,черная (black),не предусмотрено,не предусмотрено,"Digital Color Press 700, 700i, 770; C75, J75",DC700/C75,Xerox DocuColor 700 700i 770 DC700 DC700i DC770 DC 700 DC 700i DC 770 С75 J75 С 75 J 75 доку колор калор калэр диджитал дижитал дигитал пресс прес ксерокс картридж крышка сменная End Cap фиксация фиксации крепление закрывашка ручка,Прочее,Крышки,"32, грамм",Гарантия на данный товар не предоставляется,NK,,,,,,,,,,,,,,,,,,,,,,,,,,,,,,,,,,,,,,,
400000014788,"Картридж совместимый для ч/б лазерных принтеров Samsung, RTC D101S, черный (black), с чипом, 1500стр A4, Булат 7Q",,,7,0,589.66,640.92,"Черный тонер-картридж для принтеров Samsung ML-2160, 2165, 2160W, 2165W, 2168W, SCX-3400, 3405, 3407, 3400F, 3405F, 3400FW, 3405FW, заменяющий оригинальные картриджи MLT-D101S. Тонеры компании Булат для картриджей лазерных принтеров производятся из современного сырья. Это полимеры, применение которых позволяет использовать тонеры в тонер-картриджах для новых скоростных принтеров и копиров. Это магнетиты и зарядорегуляторы, позволяющие получать стабильные результаты качества печати. Все это, плюс технологические приемы, направленные на улучшение структуры и формы частиц тонера, позволяют получить продукт стабильного качества. Все стадии производства тонеров проходят жесткий технологический контроль, готовый продукт всесторонне тестируется. Более 20 параметров подлежат проверке. Компания Булат проводит исследование тонеров во взаимодействии с другими расходными материалами: фотобарабанами, валами первичного заряда и т. д. для наиболее эффективного использования формулировок в дальнейшем.",,,,,,,,,,,,,,,,,,,,,,,Булат http://www.bulatgroup.ru,,,,,,,,,,,,,,RTC D101S,black (черный),MLT-D101S,"Samsung ML-2160, 2165, 2160W, 2165W, 2168W, SCX-3400, 3405, 3407, 3400F, 3405F, 3400FW, 3405FW",1500 стр,,,,,,,,,,,,,,,
400000030945,"Блок фотобарабана (Drum Unit) оригинал. DR-512YMC для Konica Minolta C224/C454, цветной (голубой, пурпурный, желтый/cyan, magenta, yellow), A2XN0TD",,,5,0,12900.0,12899.99,"Konica Minolta Bizhub C224, C224e, C284, C284e, C364, C364e, C454, C454e, C554, C554e",Блок фотобарабана,Drum Unit,Konica Minolta,оригинальный,DR-512YMC,55000,"цветной (голубой, пурпурный, желтый/cyan, magenta, yellow)",A2XN0TD,не предусмотрено,"Konica Minolta Bizhub C224, C224e, C284, C284e, C364, C364e, C454, C454e, C554, C554e",C224/C454,Konica Minolta Bizhub 224e 284e 364e 454e 554e C224 C224e C284 C284e C364 C364e C454 C454e C554 C554 C 224 C 224e C 284 C 284e C 364 C 364e C 454 C 454e C 554 C 554e Коника Минолта Минольта Бизхаб Бицхаб колор калэр калор фотобарабаны фотовал фотовалы фоторецептор фоторецепторы драмы модуль ксерографии DR512,Формирование изображения,Блок фотобарабана,"1000, грамм",Гарантия на данный товар не предоставляется,,,,,,,,,,,,,,,,,,,,,,,,,,,,,,,,,,,,,,,,
400000032115,"Картридж оригинал. Xerox (Fujifilm) 006R01483/CT201531, для цветных лазерных принтеров Color 800/1000, желтый (yellow), 80000стр A4",,,17,0,12780.0,12779.99,"Xerox Color 800, 800i, Color 1000, 1000i Press",Картридж,,Xerox (Fujifilm),оригинальный,,80000,,,"006R01473, 006R01478, CT201906, CT201377","Xerox Color 800, 800i, Color 1000, 1000i Press",Color 800/1000,Xerox Color 800 800i Color 1000 1000i C800 C800i C1000 C1000i Press пресс колор калор калэр ксерокс DCP тонер туба replenisher краска,,,"3000, грамм",10 месяцев,,,,,,,,не предусмотрено,CT201531,006R01483,CT201531,желтый (yellow),для цветных лазерных принтеров,1600,нет данных,Япония,,,,,,,,,,,,,,,,,,,,,,,,
400000025926,"Фотобарабан  совместим. для лазерных принтеров Brother HL-1110, SGT",,,5,0,232.01,252.19,Фотобарабан для принтеров Brother HL-1110/1112/DCP-1510/1512/MFC-1810/1815,Фотобарабан,,SGT,совместимый,Brother HL-1110,нет данных,не предусмотрено,,,,,Brother HL-1110/1112/DCP-1510/1512/MFC-1810/1815,,,"150, грамм",Гарантия на данный товар не предоставляется,Булат,DR-1075,Фотобарабаны,,,,,,,,,,,,,,,,,,,,,,,,,,,,,,,,,,,,,
400000033361,"Узел очистки ленты переноса (IBT Belt Cleaner Assembly) оригинал. для Xerox (Fujifilm) 800/1000, 042K94250/042K03451",,,1,0,33690.0,33690.0,"Xerox Color 800 Press, 800i Press;Xerox Color 1000 Press, 1000i Press",Узел очистки ленты переноса,IBT Belt Cleaner Assembly,Xerox (Fujifilm),оригинальный,не предусмотрено,нет данных,нет данных,042K94250/042K03451,"042K93690, 042K93691, 042K94251, 042K94261, 042K94263, 042K94264, 544P24996,","Xerox Color 800, 800i, Color 1000, 1000i Press",800/1000,"Блок очистки переносного ремня Блок очистки промежуточного ремня Блок очистки транспортного ремня Блок очистки трансферной ленты Блок очистки IBT в сборе Блок чистки ремня Комплект очистки промежуточной ленты Модуль обслуживания ленты переноса Очиститель ленты Очистка транспортной ленты Система очистки Transfer Belt Узел очистки транспортёрной ленты Узел очистки трансферного ремня Узел очистки IBT-ленты Узел чистки ремня переноса Устройство очистки ремня переноса Чистящий блок ITB (Intermediate Transfer Belt) Чистящий механизм ремня переноса Чистящий модуль ленты переноса Чистящий узел промежуточного переноса IBT чистящее лезвие IBT Cleaning ITB Cleaning Unit Xerox Color 800, 800i, Color 1000, 1000i Digital Press пресс прес колор калор калэр ксерокс C800 C1000 С800 С1000",Перенос изображения,Узел очистки ленты переноса,"1900, грамм",Гарантия на данный товар не предоставляется,,,,,,,,,,,,,,,,,,,,,,,,,,,,,,,,,,,,,,,,
400000014790,"Картридж совместимый для ч/б лазерных принтеров Samsung, RTC MLT-D108S, черный (black), с чипом, 1500стр A4, Булат 7Q",,,4,0,880.84,957.44,"Черный тонер-картридж для принтеров Samsung ML-1640, ML-1641, ML-2240, ML-2241, заменяющий оригинальные картриджи D108. Тонеры компании Булат для картриджей лазерных принтеров производятся из современного сырья. Это полимеры, применение которых позволяет использовать тонеры в тонер-картриджах для новых скоростных принтеров и копиров. Это магнетиты и зарядорегуляторы, позволяющие получать стабильные результаты качества печати. Все это, плюс технологические приемы, направленные на улучшение структуры и формы частиц тонера, позволяют получить продукт стабильного качества. Все стадии производства тонеров проходят жесткий технологический контроль, готовый продукт всесторонне тестируется. Более 20 параметров подлежат проверке. Компания Булат проводит исследование тонеров во взаимодействии с другими расходными материалами: фотобарабанами, валами первичного заряда и т. д. для наиболее эффективного использования формулировок в дальнейшем.",,,,,,,,,,,,,,,,,,,,,,,Булат http://www.bulatgroup.ru,,,,,,,,,,,,,,RTC D108,black (черный),D108,"Samsung ML-1640, ML-1641, ML-2240, ML-2241",,,,,,,,,,,,,,,,
400000024601,"Ролик подачи бумаги (Feed Roller) совместим. для Kyocera, 2F906230",,,101,0,190.0,189.99,Ролик подачи (Feed roller) для лазерных принтеров Kyocera FS-2100/FS-4100/M3040dn/p3050,,,,,,,,,,,,,,,,,,,,,,,Китай,,,,,,,,,,,,,,,,,,,,,,,,Ролик подачи (Pulley peed assy),"Kyocera Mita FS-1028MFP, 1030MFP, 1035MFP, 1130MFP, 1135MFP, 1100, 1300D, 1120D, 1320D, 1128MFP, 1350DN, M2030dn, 1370DN, 2000D, 3900DN, 4000DN, 2020D, 3920DN, 4020DN, 2100DN, 4100DN, 4200DN, 4300DN, 6950DN, 6970D, C5100DN, C5200DN, C5300DN, C5350DN, C540",302F906230,,,,,,,
400000031817,"Оптический датчик (Photo interrupter) оригинал. для Konica Minolta C250/C652, 4037090201",,,1,0,2390.0,2389.99,"Konica Minolta Bizhub C250, C250P, C300, C352, C352P, C351, C450, C451, C452, C552, C652, C652DS, C650",Оптический датчик,Photo interrupter,Konica Minolta,оригинальный,не предусмотрено,нет данных,не предусмотрено,4037090201,"14GR85010, 4349090201","Konica Minolta Bizhub C250, C250P, C300, C352, C352P, C351, C450, C451, C452, C552, C652, C652DS, C650",C250/C652,Konica Minolta Bizhub C250 C250P C300 C352 C352P C351 C450 C451 C452 C552 C652 C652DS C650,Подача и вывод материала,Датчики,"4, грамм",Гарантия на данный товар не предоставляется,,,,,,,,,,,,,,,,,,,,,,,,,,,,,,,,,,,,,,,,
400000012993,"Смарт-карта  совместим. для лазерных принтеров Xerox Phaser 3100MFP (106R01378), черный (black), 4000стр A4, Tonex",,,5,0,243.45,264.62,Смарткарта Xerox Phaser 3100MFP Совместимые версии прошивок 2.07 m/t и более ранние. Используется для разблокировки картриджа после заправки. Ресурс 4000 копий.,,,,,,,,,,,,,,,,,,,,106R01378,,,Tonex,,,,,,,,,,,,,,,,,,,,,Xerox Phaser 3100,,,,,,,,,,,,
400000024046,"Картридж оригинал. Konica Minolta TN221Y A8K3250/A8K3290, для цветных лазерных принтеров C227/C287, желтый (yellow), 21000стр A4",,,1,0,5660.0,5659.99,,Картридж,,Konica Minolta,оригинальный,,21000,,,"A8K3230, A8K3270","Konica Minolta Bizhub C227, C287",C227/C287,Konica Minolta bizhub C227 C287 C 227 C287 Коника Минолта Минольта Бизхаб Бицхаб replenisher тонер туба флакон порошок краска картриж тонер-картридж,,,"757, грамм",10 месяцев,,,,,,,,TN221Y,A8K3290,A8K3250,A8K3290,желтый (yellow),для цветных лазерных принтеров,478,,Япония,,,,,,,,,,,,,,,,,,,,,,,,
400000029492,"Картридж оригинал. Konica Minolta TN512K A33K152/A33K192, для цветных лазерных принтеров C454/C554, черный (black), 27500стр A4",,,1,0,4490.0,4489.99,"Оригинальный черный тонер-картридж TN512K для использования с принтерами Konica Minolta Bizhub C454, C454e, C554, C554e. Ресурс картриджа составляет около 27 500 страниц.",Картридж,,Konica Minolta,оригинальный,,27500,,,"A33K132, A33K172","Konica Minolta Bizhub C454, C454e, C554, C554e",C454/C554,Konica Minolta bizhub C454 C454e C554 C554e C 454 C 454e C 554 C 554e Коника Минолта Минольта Бизхаб Бицхаб replenisher тонер туба флакон порошок краска картриж тонер-картридж,,,"760, грамм",10 месяцев,,,,,,,,TN512K,A33K132,A33K152,A33K192,черный (black),для цветных лазерных принтеров,"513,3",,США,,,,,,,,,,,,,,,,,,,,,,,,
400000031849,"Девелопер (Developer) оригинал. для Xerox Versant 80/4100, желтый (yellow), 676K33641/505S00040",,,9,0,3990.0,3990.0,Xerox Versant 80/180/280/2100/3100/4100,Девелопер,Developer,Xerox,оригинальный,не предусмотрено,1500000,желтый (yellow),676K33641/505S00040,676K33642,"Xerox Versant Press 80, 180, 280; 2100, 3100, 4100",Versant 80/4100,Xerox Versant v80 v180 v280 v2100 v3100 v4100 Press проявитель носитель,Формирование изображения,Девелоперы,"490, грамм",Гарантия на данный товар не предоставляется,,,,,,,,,,,,,,,,,,,,,,,,,,,,,,,,,,,,,,,,
400000031866,"Блок фотобарабана (Drum Unit) оригинал. DR-011 для Konica Minolta Pro 1051/1200P, черный (black), A0THP10",,,3,0,17900.0,17899.99,"Konica Minolta Bizhub Pro 1051, 1200, 1200P",Блок фотобарабана,Drum Unit,Konica Minolta,оригинальный,DR-011,1000000,черный (black),A0THP10,не предусмотрено,"Konica Minolta Bizhub Pro 1051, 1200, 1200P",Pro 1051/1200P,Konica Minolta Bizhub Pro 1051 1200 1200P P Коника Минолта Минольта Бизхаб Бицхаб про фотобарабаны фотовал фотовалы фоторецептор фоторецепторы драмы модуль ксерографии,Формирование изображения,Блок фотобарабана,"800, грамм",Гарантия на данный товар не предоставляется,,,,,,,,,,,,,,,,,,,,,,,,,,,,,,,,,,,,,,,,
400000031434,"Ролик переноса изображения второй верхний (2nd Image Transfer Roller/Upper) оригинал. для Konica Minolta C1085/C8000, A1RF500400",,,7,0,18900.0,18900.0,"Konica Minolta AccurioPress C6085, C6100;bizhub PRESS C1085, C1100, C8000",Ролик переноса изображения второй верхний,2nd Image Transfer Roller/Upper,Konica Minolta,оригинальный,не предусмотрено,нет данных,не предусмотрено,A1RF500400,не предусмотрено,"Konica Minolta AccurioPress C6085, C6100; bizhub PRESS C1085, C1100, C8000",C1085/C8000,2nd Image Transfer Roller 2nd ITR ролик 2nd Transfer Roller Вал второго переноса Вал для вторичного переноса Вал переноса Вал переноса изображения Вторичный ролик переноса Вторичный трансферный ролик Второй ролик Второй ролик переноса Второй трансферный ролик Ролик вторичного переноса Ролик вторичного переноса изображения Ролик второго переноса изображения Ролик второго переноса тонера Ролик второго этапа переноса Ролик второго ITR модуля Ролик для передачи изображения Ролик для переноса тонера Ролик для печати Ролик заключительного переноса Ролик переноса Ролик переноса изображения Ролик трансферного узла Ролик финального переноса Трансферный ролик Узел второго переноса Image Transfer Roll Roll Second Transfer Roller Secondary Transfer Roller Transfer Roll верхний верхнего,Перенос изображения,Ролики переноса,"764, грамм",Гарантия на данный товар не предоставляется,,,,,,,,,,,,,,,,,,,,,,,,,,,,,,,,,,,,,,,,
400000026019,"Вал заряда  оригинал. для лазерных принтеров HP LJ M402, M426, (OEM-версия hard), Булат",,,53,0,76.61,83.27,"Вал заряда для принтеров HP LJ M402, M426",Вал заряда,,Булат,оригинальный,"HP LJ M402, M426, (OEM-версия hard)",нет данных,не предусмотрено,,,,,"HP LJ M402, M426",,,"55, грамм",Гарантия на данный товар не предоставляется,Булат,"CF226A, CF226X",Валы заряда и коротроны,,,,,,,,,,,,,,,,,,,,,,,,,,,,,,,,,,,,,
400000025991,"Картридж совместимый для ч/б лазерных принтеров Canon и HP, RTC CF226X, черный (black), с чипом, 9000стр A4, Булат 7Q",,,1,0,833.63,906.12,,Картридж совместимый,,Булат 7Q,,,9000,,,,,LJ M402/M426,,,,"800, грамм",Гарантия на данный товар не предоставляется,,,,,,,,RTC CF226X,,,,черный (black),для ч/б лазерных принтеров Canon и HP,,,,с чипом,"CF226X, Canon 052H",http://www.bulatgroup.ru,,,,,,,,,,,,,,,,,,,,,
400000015579,"Картридж совместимый для ч/б лазерных принтеров Canon и HP, RTC CB435 Universal, черный (black), с чипом, 1500стр A4, Булат 7Q",,,57,10,386.57,420.19,"Черный тонер-картридж для принтеров HP P1002, 1003, 1004, 1005, 1006, 1505, M1120, 1522, M1132, 1212, 1214, 1217, P1102,Cannon LBP 3010, 3250 заменяющий оригинальные картриджи HP 435, 436 285, Canon 712, 713. Тонеры компании Булат для картриджей лазерных принтеров производятся из современного сырья. Это полимеры, применение которых позволяет использовать тонеры в тонер-картриджах для новых скоростных принтеров и копиров. Это магнетиты и зарядорегуляторы, позволяющие получать стабильные результаты качества печати. Все это, плюс технологические приемы, направленные на улучшение структуры и формы частиц тонера, позволяют получить продукт стабильного качества. Все стадии производства тонеров проходят жесткий технологический контроль, готовый продукт всесторонне тестируется. Более 20 параметров подлежат проверке. Компания Булат проводит исследование тонеров во взаимодействии с другими расходными материалами: фотобарабанами, валами первичного заряда и т. д. для наиболее эффективного использования формулировок в дальнейшем.",,,,,,,,,,,,,,,,,,,,,,,Булат,,,,,,,,,,,,http://www.bulatgroup.ru,,RTC CB435 c чипом,black (черный),"HP 435, 436 285, 278, Canon 712, 713, 725, 728","HP P1002, 1003, 1004, 1005, 1006, 1505, M1120, 1522, M1132, 1212, 1214, 1217, P1102,Cannon LBP 3010, 3250",1500,,,,,,,,,,,,,,,
400000011107,"Чип тонер-картриджа  совместим. для лазерных принтеров HP Color LJ CP1215/1525/1025/2025/3525/Canon LBP-5050/7200/7750 (BUHPLJ1215370), пурпурный (magenta), 1400стр A4, Tonex",,,3,0,21.53,22.71,"Чип универсальный для HP CLJ CP1215, 1515, 2025 и картриджей CB543A. Чип для лазерного картриджа — микросхема памяти, на которой записаны характеристики картриджа. Количество израсходованного тонера, подсчитанное чипом, лишь приблизительно и на момент когда, согласно подсчету, тонер израсходован и печать блокируется, картридж содержит еще около 30% тонера. Таким образом, замена чипа позволяет значительно сэкономить на расходных материалах лазерного принтера.",,,,,,,,,,,,,,,,,,,,HP CB543A,"HP CLJ CP1215, 1515, 2025",,Tonex,,,,,,,,,,,,,,,,,,,,,,,,,,,,,,,,,
400000033581,"Крышка тонер-картриджа (Toner Cartridge Cover) совместим. для Xerox DC700/C75, голубая (cyan)",,,13,0,90.0,90.0,"Крышка — это запасная часть тонер-картриджа, совместимая с принтерами Xerox Digital Color Press 700, 700i, 770; C75; J75. Она предназначена для защиты содержимого картриджа и обеспечивает правильную фиксацию картриджа в устройстве. Крышка используется при ремонте или восстановлении картриджа, например, при его повторной заправке тонером.Кроме того, если у вас есть картридж от Xerox DC250, Color 550, C60 или PrimeLink C9065, вы можете переставить крышку и установитьчип. После такой модификации картридж станет совместимым с моделями Xerox DCP 700/770, C75/J75. Это возможно благодаря идентичному составу тонера и девелопера, а также схожей конструкции картриджей — различия между ними заключаются лишь в крышке и чипе.",Крышка тонер-картриджа,Toner Cartridge Cover,Xerox,совместимый,не предусмотрено,нет данных,голубая (cyan),не предусмотрено,не предусмотрено,"Digital Color Press 700, 700i, 770; C75, J75",DC700/C75,Xerox DocuColor 700 700i 770 DC700 DC700i DC770 DC 700 DC 700i DC 770 С75 J75 С 75 J 75 доку колор калор калэр диджитал дижитал дигитал пресс прес ксерокс картридж крышка сменная End Cap фиксация фиксации крепление закрывашка ручка,Прочее,Крышки,"32, грамм",Гарантия на данный товар не предоставляется,NK,,,,,,,,,,,,,,,,,,,,,,,,,,,,,,,,,,,,,,,
400000029975,"Вал магнитный (оболочка)  совместим. для лазерных принтеров HP LJ M402, Булат",,,1,0,58.45,63.53,"Вал магнитный (оболочка) для принтеров HP LJ M402, M426",Вал магнитный (оболочка),,Булат,совместимый,HP LJ M402,нет данных,не предусмотрено,,,,,"HP LJ M402, M426",,,"30, грамм",Гарантия на данный товар не предоставляется,Булат,"HP CF226A, CF287A, CF226X, CF287X, CF259A, CF259X, CF289X, Canon 041, 041H, 052, 052H",Валы магнитные,,,,,,,,,,,,,,,,,,,,,,,,,,,,,,,,,,,,,
400000033785,"Картридж оригинал. Konica Minolta TN321K A33K150/A33K190, для цветных лазерных принтеров C224/C364, черный (black), 27000стр A4",,,5,0,4490.0,4489.99,,Картридж,,Konica Minolta,оригинальный,,27000,,,"A33K130, A33K170","Konica Minolta Bizhub C224, C224e, C284, C284e, C364, C364e",C224/C364,Konica Minolta bizhub C224 C224e C284 C284e C364 C364e C 224 C 224e C 284 C 284e C 364 C 364e Коника Минолта Минольта Бизхаб Бицхаб replenisher тонер туба флакон порошок краска картриж тонер-картридж,,,"776, грамм",10 месяцев,,,,,,,,TN321K,A33K190,A33K150,A33K190,черный (black),для цветных лазерных принтеров,"513,3",,Япония,,,,,,,,,,,,,,,,,,,,,,,,
400000024153,"Чип тонер-картриджа  совместим. для лазерных принтеров Kyocera FS-2100/Ecosys M3040dn (TK-3100), черный (black), 12500стр A4, Китай",,,33,0,40.3,45.82,"Чип универсальный для Kyocera FS-2100, 2100dn, M3040dn, M3540dn, 4100dn, 4200dn, 4300dn и картриджей TK-3100. Чип для лазерного картриджа — микросхема памяти, на которой записаны характеристики картриджа. Количество израсходованного тонера, подсчитанное чипом, лишь приблизительно и на момент когда, согласно подсчету, тонер израсходован и печать блокируется, картридж содержит еще около 30% тонера. Таким образом, замена чипа позволяет значительно сэкономить на расходных материалах лазерного принтера.",,,,,,,,,,,,,,,,,,,,TK-3100,"FS-2100, 2100dn, M3040dn, M3540dn, 4100dn, 4200dn, 4300dn",,,,,,,,,,,,,,,,,,,,,,,,,,,,,,,,,12500,,
400000030667,"Картридж оригинал. Konica Minolta TN-622C A5E7430/A5E7450, для цветных лазерных принтеров C1100/C6085, голубой (cyan), 95000стр A4",,,72,0,8690.0,8689.99,"Konica Minolta bizhub press C1085, C1100, AccurioPress C6085, C6100",Картридж,,Konica Minolta,оригинальный,,95000,,,"A5E7451, A5E745H, A5E745J","Konica Minolta Bizhub Press C1085, C1100; AccurioPress C6085, C6100",C1100/C6085,Konica Minolta bizhub press C1085 C1100 C 1085 C 1100 AccurioPress C6085 C6100 C 6085 C 6100 Коника Минолта Минольта Бизхаб Бицхаб пресс Акурио Аккурио replenisher тонер туба флакон порошок краска,,,"2145, грамм",10 месяцев,,,,,,,,TN-622C,A5E7450,A5E7430,A5E7450,голубой (cyan),для цветных лазерных принтеров,1645,,Япония,,,,,,,,,,,,,,,,,,,,,,,,
400000033199,"Картридж оригинал. Konica Minolta/Develop TN-616K A1U9130/A1U9150, для цветных лазерных принтеров C6000/C7000, черный (black), 41500стр A4",,,32,0,5490.0,5490.0,"Bizhub Press C6000, C7000, C7000PBizhub Pro C6000L",Картридж,,Konica Minolta/Develop,оригинальный,,41500,,,"A1U9152, A1U9132, A1U9153, A1U9130, A1U91D0, A1U91D2, A1U91D3","Konica Minolta Bizhub Press C6000, C7000, C7000P, Bizhub Pro C6000L",C6000/C7000,Konica Minolta Bizhub Press C6000 C6000L C7000 C7000P 6000 C 6000L 7000 7000P Коника Минольта Минолта Бизхуб Бицхаб Пресс replenisher туба флакон порошок краска,,,"1182, грамм",10 месяцев,,,,,,,,TN-616K,A1U9160,A1U9130,A1U9150,черный (black),для цветных лазерных принтеров,820,нет данных,Япония,,,,,,,,,,,,,,,,,,,,,,,,
400000032701,"Чип для лазерных принтеров Xerox Versant 2100 и картриджей 006R01635, голубой (cyan)",,,255,0,110.0,110.0,,,,,,,,,,,,,,,,"1, грамм",Гарантия на данный товар не предоставляется,,,,,,,,,,,,,,,,,,,,,,,,,,,,,,,,,,,,,,,,
400000033632,"Пылезащитный фильтр (Deve. Dust-proof Filter/1) оригинал. для Konica Minolta C1060/C4070, A50U172200/A50U168901",,,2,0,390.0,390.01,"Konica Minolta AccurioPress C2060, C2070, C2070P, C3070, C3080, C3080P, C4070, C4080, C83hc;AccurioPrint C2060L, C3070L, C4065, C4065P;bizhub PRESS C1060, C1070, C1070P, C71cf, C71hc;bizhub PRO C1060L;AccurioLabel 190",Пылезащитный фильтр,Deve. Dust-proof Filter/1,Konica Minolta,оригинальный,не предусмотрено,600000,не предусмотрено,A50U172200/A50U168901,A50U168900,"AccurioPress C2060, C2070, C2070P, C3070, C3080, C3080P, C4070, C4080, C83hc; AccurioPrint C2060L, C3070L, C4065, C4065P; bizhub PRESS C1060, C1070, C1070P, C71cf, C71hc; bizhub PRO C1060L; AccurioLabel 190",C1060/C4070,Фильтр от пыли Пылевой фильтр Фильтр блока Противопылевой фильтр Даст-прооф фильтр Даст-пруф Dust filter Даст-фильтр Developing Dustproof Даст прооф Фильтр первый Фильтр №1 Фильтр от тонерной пыли Пылеулавливающий фильтр Фильтр защиты от пыли Фильтр для принтера Фильтр для печатной машины Пылеудаление Улавливатель пыли Фильтрующий элемент Сетка фильтра Барьер пыли Пылесборник Фильтр для обслуживания Коника Минолта Минольта Акку Аку Акурио Акуриопресс Аккуриопресс Акуриопрес Аккуриопрес Акурио пресс Аккурио пресс Акурио прес Аккурио прес Акку Аку Акурио Акуриопринт Аккуриопринт Акурио принт Аккурио принт бицхаб бизхаб Пресс Прес лейбел лэйбел Акуриолэйбл Аккуриолэйбл Акуриолэйбел Аккуриолэйбэл Акурио лэйбл Аккурио лэйбел Акурио лэйбэл C2060 C 2060 C2070 C 2070 C2070P C 2070P C3070 C 3070 C3080 C 3080 C3080P C 3080P C4070 C 4070 C4080 C 4080 C83hc C2060L C 2060L C3070L C 3070L C4065 C 4065 C4065P C 4065P C1060 C 1060 C1070 C 1070 C1070P C 1070P C71cf C71hc C1060L C 1060L С2060 С2070 С2070Р С3070 С3080 С3080Р С4070 С4080 С83hc С2060L С3070L С4065 С4065Р С1060 С1070 С1070Р С71cf С71hc С1060L,Формирование изображения,Фильтры,"5, грамм",Гарантия на данный товар не предоставляется,,,,,,,,,,,,,,,,,,,,,,,,,,,,,,,,,,,,,,,,
400000033703,"Вал вывода бумаги (Paper exit Roller /B) оригинал. для Konica Minolta C1060/C71hc, A50U890802",,,1,0,10590.0,10590.0,"AccurioPress C2060, C2070, C2070P, C3070, C3070P, C3080, C3080P, C83hc;AccurioPrint C2060L, C3070L;bizhub PRESS C1060, C1070, C1070P, C71hc;bizhub PRO C1060L",Вал вывода бумаги,Paper exit Roller /B,Konica Minolta,оригинальный,не предусмотрено,1000000,не предусмотрено,A50U890802,"A50U890800, A50U 8908 02, A50U 8908 00","AccurioPress C2060, C2070, C2070P, C3070, C3070P, C3080, C3080P, C83hc; AccurioPrint C2060L, C3070L; bizhub PRESS C1060, C1070, C1070P, C71hc; bizhub PRO C1060L",C1060/C71hc,Антизавитковый ролик вывода Вал протяжки бумаги Выводной вал Выводной ролик Выходной ролик Декурлирующий ролик выхода Ролик выброса бумаги Ролик вывода бумаги Ролик вывода листа Ролик вывода с декурлером Ролик выгрузки бумаги Ролик выдачи бумаги Ролик выравнивания бумаги Ролик выталкивания бумаги Ролик выталкивающий Ролик вытягивания бумаги Ролик выхода бумаги Ролик выхода листа Ролик выхода с декурлингом Ролик выходной Ролик декурлера вывода бумаги Ролик подавления завитков Ролик подачи бумаги (выходной) Ролик подачи на выход Ролик протяжки бумаги Ролик разглаживания бумаги на выходе Ролик транспортировки бумаги (на выходе) Ролик устранения завитков бумаги Транспортный ролик выхода Exit roller Paper Exit Decurler Roller Paper exit roller Коника Минолта Минольта Акку Аку Акурио Акуриопресс Аккуриопресс Акуриопрес Аккуриопрес Акурио пресс Аккурио пресс Акурио прес Аккурио прес Акуриопринт Аккуриопринт Акурио принт Аккурио принт бицхаб бизхаб Пресс Прес Про C2060 C 2060 C2070 C 2070 C2070P C 2070P C3070 C 3070 C3070P C 3070P C3080 C 3080 C3080P C 3080P C83hc C 83hc C2060L C 2060L C3070L C 3070L C1060 C 1060 C1070 C 1070 C1070P C 1070P C71hc C 71hc C1060L C 1060L С2070 С2070Р С3070 С3070Р С3080 С3080Р С83hc,Подача и вывод материала,Ролики подачи и захвата,"364, грамм",Гарантия на данный товар не предоставляется,,,,,,,,,,,,,,,,,,,,,,,,,,,,,,,,,,,,,,,,
400000031853,"Девелопер (Developer) оригинал. для Xerox WC7525/C8035, желтый (yellow), 675K85060",,,7,0,2890.0,2890.0,"Xerox WorkCentre 7525, 7530, 7535, 7545, 7556, 7830, 7835, 7845, 7855, 7970, 7830i, 7835i, 7845i, 7855i, WC7970i, AltaLink C8030, 8035, 8045, 8055, 8070, Xerox Phaser 7800",Девелопер,Developer,Xerox,оригинальный,не предусмотрено,120000,желтый (yellow),675K85060,675K085060,"Xerox WorkCentre 7525, 7530, 7535, 7545, 7556, 7830, 7835, 7845, 7855, 7970, 7830i, 7835i, 7845i, 7855i, WC7970i, AltaLink C8030, 8035, 8045, 8055, 8070, Xerox Phaser 7800",WC7525/C8035,Xerox WorkCentre WorkCenter Work Centre Center WC7525 WC7530 WC7535 WC7545 WC7556 WC7830 WC7835 WC7845 WC7855 WC7970 проявитель носитель Phaser,Формирование изображения,Девелоперы,"245, грамм",Гарантия на данный товар не предоставляется,,,,,,,,,,,,,,,,,,,,,,,,,,,,,,,,,,,,,,,,
400000023678,"Фотобарабан  совместим. для лазерных принтеров Brother HL-2040, SGT",,,9,0,232.01,252.19,"Фотобарабан для лазерных принтеров Brother HL-2030R, 2040R, 2070NR, DCP-7010R, 7025R, MFC-7420R, 7820NR, FAX-2825R, 2920R и картриджей TN-2075. Фотобарабан состоит из металлического цилиндра, на который нанесен фотослой. Фотобарабаны различаются размерами и формой шестерен, обеспечивающих его вращение. На фотобарабане лазер принтера засвечивает области, на которые магнитному валу необходимо нанести тонер. Срок службы фотобарабана зависит от используемых тонера и бумаги.",,,,,,,,,,,,,,,,,,,,TN-2075,"Brother HL-2030R, 2040R, 2070NR, DCP-7010R, 7025R, MFC-7420R, 7820NR, FAX-2825R, 2920R",,Asia,,,,,,,,,,,,,,,,,,,,,,,,,,,,,,,,,
400000032565,"Узел печного ремня (Fuser Belt Module) оригинал. для Xerox Versant 80/4100, 126K34853/001R00620",,,1,0,77990.0,77990.0,"Узел печного ремня (Fuser Belt Module) предназначен для запекания тонерного изображения на листе. Роль нагревательного элемента здесь выполняет лента. Состояние ленты напрямую влияет на качество отпечатка. С течением времени на ленте могут образовываться ""запилы"", морщины, вмятины и надрывы верхней ее части или ""подложки"". Поскольку данный узел в печке работает в паре с прижимным валом, который поставляется в ремкомплекте фьюзера (008R13170), рекомендуется менять их одновременно. Срок службы ленты переноса можно продлить периодическим обслуживанием узла (чистка, смазка, замена скользящих пленок), которое лучше доверить специалисту.",Узел печного ремня,Fuser Belt Module,Xerox,оригинальный,не предусмотрено,650000,не предусмотрено,126K34853/001R00620,"126K34853, 126K34854, 126K34855, 126K34856, 641S01088, 126K43770, 126K39440, 622S02023, 001R00620, 641S01235, 544P25333","Xerox Versant Press 80, 170i, 180, 180i, 280; 2100, 3100, 3100i, 4100",Versant 80/4100,Блок термозакрепления Лента термозакрепления в сборе Лента фьюзера Модуль печного ремня Модуль термоблока Печной ремень в сборе Ремень печки Ремень фьюзера Термолента в сборе Узел нагревательной ленты Узел печного ремня Узел фьюзерной ленты Фьюзер в сборе Фьюзерная лента в сборе Фьюзерный модуль Фьюзерный ремень в сборе Fixing Belt Module Fuser Belt Assembly Fuser Belt Module Fuser Belt Repair Module Fuser Belt Unit Fuser Heat Belt Assembly Fuser Heat Belt Unit Fuser Unit Heat Belt Module Heat Belt Unit Thermal Belt Module Thermal Fixing Unit Ксерокс Версант Вёрсант Версанта V80 V170i V180 V180i V280 V2100 V3100 V3100i V4100,Закрепление изображения,Печные валы и ремни,"6400, грамм",Гарантия на данный товар не предоставляется,,,,,,,,,,,,,,,,,,,,,,,,,,,,,,,,,,,,,,,,
400000031985,"Чип тонер-картриджа совместим. 006R01647 для Xerox Versant 80/280, голубой (cyan)",,,681,0,110.0,110.0,"Xerox Versant 80, 180, 280 Press",Чип тонер-картриджа,не предусмотрено,Xerox,совместимый,006R01647,22000,голубой (cyan),не предусмотрено,не предусмотрено,"Xerox Versant 80, 180, 280 Press",Versant 80/280,Xerox Versant 80 180 280 v80 v180 v280 Press Ксерокс Версант Пресс микросхема,Прочее,Чипы,"1, грамм",Гарантия на данный товар не предоставляется,JDY,,,,,,,,,,,,,,,,,,,,,,,,,,,,,,,,,,,,,,,
400000033097,"Фотобарабан  совместим. для лазерных принтеров HP LJ 1100/5L, NetProduct",,,10,0,95.86,104.2,"HP LJ 1100, 3100, 3150, 3200, 5L, 6L",Фотобарабан,,NetProduct,совместимый,HP LJ 1100/5L,нет данных,не предусмотрено,,,,,"HP LJ 1100, 3100, 3150, 3200, 5L, 6L",,,"49, грамм",Гарантия на данный товар не предоставляется,NetProduct,"C4092A, C3906A",Фотобарабаны,,,,,,,,,,,,,,,,,,,,,,,,,,,,,,,,,,,,,
400000032108,"Чистящее лезвие ленты переноса (IBT Belt Cleaning Blade) совместим. для Xerox C550/J75, 033K97980",,,6,0,1190.0,1332.39,"Xerox DocuColor DC240, DC250, DC242, DC252, DC260;WorkCentre WC7755, WC7765;Color C550, C560, C570; C60, C70; C75, J75;Digital Color Press DC700, 700i, 770;PrimеLink C9065, C9070",Чистящее лезвие ленты переноса,IBT Belt Cleaning Blade,Xerox,совместимый,не предусмотрено,нет данных,не предусмотрено,033K97980,"033K97980, 033K96880, 655N50040","Xerox DocuColor DC240, DC250, DC242, DC252, DC260; WorkCentre WC7755, WC7765; Color C550, C560, C570; C60, C70; C75, J75; Digital Color Press DC700, 700i, 770",C550/J75,Блейд IBT Деталь для очистки Лезвие для очистки ремня Лезвие для принтера Лезвие для трансферной ленты Лезвие для чистки ремня переноса Лезвие очистки Лезвие очистки переносного ремня Лезвие очистки промежуточного ремня Лезвие очистки транспортного ремня Лезвие очистки IBT-ленты Лезвие переноса Лезвие чистки Нож очистки промежуточного транспортного ремня Очиститель ленты Ракель Ракель ленты переноса Ракель IBT-ленты Скребок Чистящая пластина Чистящее лезвие IBT Чистящий нож Чистящий нож для ленты переноса Чистящий ракель IBT-ленты Чистящий элемент IBT чистящее лезвие IBT Belt Cleaner Blade C550 C560 C570 С550 С560 С570 C 60 C 70 C 75 С60 С70 С75 J 75 C 9065 C 9070 С9065 С9070 DC700 DC700i DC770  Ксерокс Колор Калэр Праймлинк Пресс Воркцентр Вёркцентр Воркцентер центр Вёрк,Перенос изображения,Узел очистки ремня переноса,"217, грамм",Гарантия на данный товар не предоставляется,NK,,,,,,,,,,,,,,,,,,,,,,,,,,,,,,,,,,,,,,,
400000012250,"Картридж совместимый для ч/б лазерных принтеров Canon, RTC EP-27, черный (black), с чипом, 2500стр A4, Булат 7Q",,,0,0,747.15,812.13,"Черный тонер-картридж для принтеров Canon i-SENSYS MF3228,LaserShot LBP3200, LaserBase MF3110, MF3240, MF5630, MF5650, MF5730, MF5750, MF5770, заменяющий оригинальные картриджи EP-27. Тонеры компании Булат для картриджей лазерных принтеров производятся из современного сырья. Это полимеры, применение которых позволяет использовать тонеры в тонер-картриджах для новых скоростных принтеров и копиров. Это магнетиты и зарядорегуляторы, позволяющие получать стабильные результаты качества печати. Все это, плюс технологические приемы, направленные на улучшение структуры и формы частиц тонера, позволяют получить продукт стабильного качества. Все стадии производства тонеров проходят жесткий технологический контроль, готовый продукт всесторонне тестируется. Более 20 параметров подлежат проверке. Компания Булат проводит исследование тонеров во взаимодействии с другими расходными материалами: фотобарабанами, валами первичного заряда и т. д. для наиболее эффективного использования формулировок в дальнейшем.",,,,,,,,,,,,,,,,,,,,,,,Булат,,,,,,,,,,,,http://www.bulatgroup.ru,,RTC EP-27 с чипом,black (черный),EP-27,,2500,,,,,,,,,"Canon i-SENSYS MF3228,LaserShot LBP3200, LaserBase MF3110, MF3240, MF5630, MF5650, MF5730, MF5750, MF5770",,,,,,
400000033247,"Узел очистки ленты переноса (IBT Belt Cleaning Assembly) оригинал. для Xerox WC7525/C8030, 001R00613",,,20,0,4690.0,4690.0,Xerox® AltaLink® C8030 C8035 C8045 C8055 C8070Xerox® WorkCentre™ 7525 7530 7535 7545 7556Xerox® WorkCentre™ 7830 7835 7845 7855 7970,Узел очистки ленты переноса,IBT Belt Cleaning Assembly,Xerox,оригинальный,не предусмотрено,160000,не предусмотрено,001R00613,"042K93872, 042K94470, 042K94471, 042K94472, 042K94473, 042K94474, 042K94851, 042K94852, 042K94884, 042K9485, 676K12650, 676K1265","WorkCentre 7525, 7530, 7535, 7545, 7556, 7830, 7835, 7845, 7855, 7970, AltaLink C8030, C8035, C8045, C8055, C8070",WC7525/C8030,Блок очистки переносного ремня Блок очистки промежуточного ремня Блок очистки транспортного ремня Блок очистки трансферной ленты Блок очистки IBT в сборе Блок чистки ремня Комплект очистки промежуточной ленты Модуль обслуживания ленты переноса Очиститель ленты Очистка транспортной ленты Система очистки Transfer Belt Узел очистки транспортёрной ленты Узел очистки трансферного ремня Узел очистки IBT-ленты Узел чистки ремня переноса Устройство очистки ремня переноса Чистящий блок ITB (Intermediate Transfer Belt) Чистящий механизм ремня переноса Чистящий модуль ленты переноса Чистящий узел промежуточного переноса IBT чистящее лезвие IBT Cleaning ITB Cleaning WorkCentre 7525 7530 7535 7545 7556 7830 7835 7845 7855 7970 WC7525 WC7530 WC7535 WC7545 WC7556 WD7830 WD7835 WD7845 WD7855 WD7970 AltaLink Alta Link C8030 C8035 C8045 C8055 C8070 C 8030 C 8035 C 8045 C 8055 C 8070 вёрк ворк вёркцентр воркцентр центр center алта альта алталинк альталинк колор калэр калор colour ксерокс C 8030 C 8035 C 8045 C 8055 C 8070 С8030 С8035 С8045 С8055 С8070 WC7525 WC7530 WC7535 WC7545 WC7556 WC7830 WC7835 WC7845 WC7855 WC7970 WC7830i WC7835i WC7845i WC7855i WC7970i,Перенос изображения,Узел очистки ленты переноса,"455, грамм",Гарантия на данный товар не предоставляется,,,,,,,,,,,,,,,,,,,,,,,,,,,,,,,,,,,,,,,,
200000001110,"Картридж(уценка) оригинал. Samsung SCX-4216D3, для ч/б лазерных принтеров SCX-4016/SF755, черный (black), 3000стр A4",,,1,0,1590.0,1780.27,"Предназначен для работы с монохромными лазерными МФУ Samsung. Простота установки и обслуживания.Samsung SCX4016, SCX4116, SCX4214, SCX4216, SF560, SF565, SF750, SF755",,,,,,,,,,,,,,,,,,,,,,,Samsung http://www.samsung.com/,,,,,,,,,,,,,,,Черный,,,,970 г,,,,,лазерный,,,"Samsung SF-560/565P/SF-750/755P, SCX-4016/4116/4214/4216F",,,,,3000 страниц,
400000033319,"Картридж оригинал. Konica Minolta TN-622K A5E7130/A5E7150, для цветных лазерных принтеров C1085/C6085, черный (black), 88000стр A4",,,6,0,7690.0,7690.0,,Картридж,,Konica Minolta,оригинальный,,88000,,,"A5E7151, A5E715H, A5E715J","Konica Minolta bizhub press C1085, C1100, AccurioPress C6085, C6100",C1085/C6085,Konica Minolta bizhub press C1085 C1100 C 1085 C 1100 AccurioPress C6085 C6100 C 6085 C 6100 Коника Минолта Минольта Бизхаб Бицхаб пресс Акурио Аккурио replenisher тонер туба флакон порошок краска,,,"2145, грамм",10 месяцев,,,,,,,,TN-622K,A5E7150,A5E7130,A5E7150,черный (black),для цветных лазерных принтеров,1645,нет данных,Япония,,,,,,,,,,,,,,,,,,,,,,,,
400000032577,"Ролик переноса изображения первый (1st Transfer Roller) оригинал. для Xerox C550/DC770, цветной (голубой, пурпурный, желтый/cyan, magenta, yellow), 059K32491",,,6,0,3900.0,3900.01,"Xerox DocuColor DC240, DC250, DC242, DC252, DC260; (устанавливается на черный цвет и на цветной)WorkCentre 7655, 7665, 7675, 7755, 7765, 7775; (устанавливается на черный цвет и на цветной)На следующие модели устанавливается на синий, красный и желтый цвета, на черный цвет устанавливается ролик большего диаметра.В моделях C550/560/570; C60/C70; DC700/700i/770; C75; J75Color C550, C560, C570; C60, C70; C75, J75;PrimeLink C9065, C9070;Digital Color Press DC700, DC700i, DC770;",Ролик переноса изображения первый,1st Transfer Roller,Xerox,оригинальный,не предусмотрено,800000,"цветной (голубой, пурпурный, желтый/cyan, magenta, yellow)",059K32491,"059K32491, 059K32492, 059K79200, 059K79201","Xerox DocuColor DC240, DC250, DC242, DC252, DC260; Color C550, C560, C570; C60, C70; C75, J75; PrimeLink C9065, C9070; Digital Color Press DC700, DC700i, DC770; WorkCentre 7655, 7665, 7675, 7755, 7765, 7775",C550/DC770,"Ролик первого переноса Ролик переноса изображения Ролик первичного переноса Вал переноса Ролик BTR Узел первого переноса 1st BTR Assembly First Transfer Roller Primary Transfer Roller Transfer Roller Assy BTR Assembly Ролик для переноса тонера Вал для первичного переноса Ролик для передачи изображения Узел переноса тонера Ролик первичного переноса изображения Primary Transfer Roll Transfer Roller Unit Image Transfer Roller Вал переноса изображения Ролик трансферного узла Ролик для печати Трансферный ролик Первичный ролик переноса Roll Image Transfer Roller Unit Вал первого переноса Трансферный вал (первый) BTR ролик (первый) BTR вал (первый) Ролик заряда 1st BTR ролик Валик первого переноса Ролик Bias Transfer Ролик начального переноса Ролик первого этапа переноса черный цветной C550 C560 C570 С550 С560 С570 C 60 C 70 С60 С70 C 9065 C 9070 С9065 С9070 Xerox DocuColor DocuColour Docu Color Colour DC240 DC250 DC242 DC252 DC260 WorkCentre WorkCenter Work Centre Center 7655 7665 7675 WC7655 WC7665 WC7675 7755 7765 7775 WC7755 WC7765 WC7775 Color C550 C560 C570 C60 C70 C75 J75  PrimeLink C9065 C9070 Digital Color Press DC700 DC700i DC770 DC700 DC700i DC770 DC240 DC250 DC242 DC252 DC260 WC7755 WC7765
Продукция предназначена для Ксерокс Колор Калэр Праймлинк Пресс Праймлинк колор калэр калор colour пресс ксерокс воркцентр вёркцентр ворк вёрк center",Перенос изображения,Ролики переноса,"760, грамм",Гарантия на данный товар не предоставляется,,,,,,,,,,,,,,,,,,,,,,,,,,,,,,,,,,,,,,,,
400000031924,"Картридж оригинал. Xerox (Fujifilm) 006R01379/CT202101, для цветных лазерных принтеров DC700/C75, черный (black), 20000стр A4",,,99,0,7190.0,7189.99,"Xerox Digital Color Press 700, 700i, 770; Color С75, J75",Картридж,,Xerox (Fujifilm),оригинальный,,20000,,,"006R01375, 006R01383, CT201205, CT201272","Xerox Digital Color Press 700, 700i, 770; Color С75, J75",DC700/C75,Xerox DocuColor 700 700i 770 DC700 DC700i DC770 DC 700 DC 700i DC 770 С75 J75 С 75 J 75 доку колор калор калэр диджитал дижитал дигитал пресс прес ксерокс картридж тонер порошок туба краска replenisher,,,"1, грамм",10 месяцев,,,,,,,,не предусмотрено,CT201243,006R01379,CT202101,черный (black),для цветных лазерных принтеров,638,780,Япония,,,,,,,,,,,,,,,,,,,,,,,,
400000016912,"Чип тонер-картриджа  совместим. для лазерных принтеров Samsung CLP-300/CLX-2160/3160 CLP-M300A, пурпурный (magenta), 1000стр A4, Китай",,,2,0,39.15,42.55,"Чип для лазерных принтеров Samsung CLP-300, 300N, CLX-2160, 3160N, 3160FN и картриджей CLP-M300A. Чип для лазерного картриджа — микросхема памяти, на которой записаны характеристики картриджа. Количество израсходованного тонера, подсчитанное чипом, лишь приблизительно и на момент когда, согласно подсчету, тонер израсходован и печать блокируется, картридж содержит еще около 30% тонера. Таким образом, замена чипа позволяет значительно сэкономить на расходных материалах лазерного принтера.",,,,,,,,,,,,,,,,,,,,CLP-M300A,"CLP-300, 300N, CLX-2160, 3160N, 3160FN",,,,,,,,,,,,,,,,,,,,,,,,,,,,,,,,,,,
400000033195,"Лента переноса (IBT Belt) оригинал. для Canon C165/C7565, FM1-W109-000",,,7,0,49900.0,49900.0,,Лента переноса,IBT Belt,Canon,оригинальный,не предусмотрено,740000,не предусмотрено,FM1-W109-000,"FM1W109000, FM1-P695-000, FM1P695000","Canon imagePRESS C165, C170, C265, C270, Lite C165, Lite C170, Lite C265, Lite C270, imageRUNNER ADVANCE C7565, C7565i, C7570, C7570i, C7580, C7580i, DX C7765i, DX C7770i, DX C7780i",C165/C7565,Лента вторичного переноса Лента для МФУ Лента для переноса изображения Лента для печати Лента для формирования изображения Лента передачи изображения Лента переноса Лента промежуточного переноса Переносящая лента Пленка для переноса Пленка переноса Пояс переноса Промежуточная лента переноса Ремень для принтера Ремень переноса Ремень переноса изображения Ремень трансфера сборка ленты переноса Транспортный ремень Трансферная лента Трансферный ремень Genuine original ibt belt IBT лента IBT ремень IBT Beld IBT Belt Intermediate Belt Transfer Transfer Belt Transfer Belt Intermediate Канон Кэнон ImagePress Image Press Имэджпресс Имэджпрес Имейджпресс Имейджпрес Имэдж Имейдж раннер адванс C 165 C 170 C 265 C 270 C 165 C 170 C 265 C 270 C 7565 C 7565i C 7570 C 7570i C 7580 C 7580i C 7765i C 7770i C 7780i С165 С170 С265 С270 С165 С170 С265 С270 С7565 С7570 С7580 С7765 С7770 С7780,Перенос изображения,Ленты переноса,"510, грамм",Гарантия на данный товар не предоставляется,,,,,,,,,,,,,,,,,,,,,,,,,,,,,,,,,,,,,,,,
400000002831,"Вал заряда  совместим. для лазерных принтеров HP LaserJet 1200, 1100, 1010, Булат",,,70,0,76.42,83.08,"Вал заряда для лазерных принтеров HP LaserJet 1200, 1100, 1010 и картриджей C7115A, C2612A. Вал первичного заряда представляет собой металлическую ось, заключенную в резиновую оболочку. PCR имеют разное строение резинового слоя. Основная задача этой детали зарядка фотобарабана однородным отрицательным зарядом. В некоторых картриджах PCR выполняет функцию своеобразного дворника - очищает фотобарабан от остатков тонера и бумажной пыли. PCR также стирает остаточный заряд, который остался на фотобарабане от предыдущей зарядки. Вал первичного заряда подвержен сильному загрязнению бумажной пылью, поэтому требует регулярной и тщательной чистки.",,,,,,,,,,,,,,,,,,,,"C7115, Q2612","HP 1200, 1010, 1220, 3300, 3320, 3330, 3380, 1012, 1015, 1018, 1020, 1022, 3015, 3020, 3030, 3050, 3052, 3055, M1005, M1319",мягкий,Noname,,,,,,,,,,,,,,,,,,,,,,,,,,,,,,,,,
400000032516,"Бункер для отработанного тонера (Waste Toner Box) совместим. для Xerox C550/DC250/Versant 80, 008R12990",,,40,0,1390.0,1390.0,"Xerox Color C550, C560, C570; C60, C70; C75, J75; Digital Color Press DC700, DC700i, DC770; DocuColor DC240, DC250, DC242, DC252, DC260; PrimeLink C9065, C9070; WorkCentre WC7655, WC7665, WC7675, WC7755, WC7765, WC7775; Versant 80, 180, 280; 2100, 3100, 4100",Бункер для отработанного тонера,Waste Toner Box,Xerox,совместимый,не предусмотрено,50000,не предусмотрено,008R12990,"647N00218, 641S01065, CWAA0663, CWAA0554","Xerox Color C550, C560, C570; C60, C70; C75, J75; Digital Color Press DC700, DC700i, DC770; DocuColor DC240, DC250, DC242, DC252, DC260; PrimeLink C9065, C9070, B9100, B9110,B9125, B9136; WorkCentre WC7655, WC7665, WC7675, WC7755, WC7765, WC7775; Versant 80, 170i, 180, 180i, 280; 2100, 3100, 3100i, 4100",C550/DC250/Versant 80,"Xerox Color C550, C560, C570; C60, C70; C75, J75; Digital Color Press DC700, DC700i, DC770; DocuColor DC240, DC250, DC242, DC252, DC260; PrimeLink C9065, C9070, B9100, B9110,B9125, B9136; WorkCentre WC7655, WC7665, WC7675, WC7755, WC7765, WC7775; Versant 80, 170i, 180, 180i, 280; 2100, 3100, 3100i, 4100 отработка отработки контейнер бокс емкость праймлинк прайм линк колор калэр калор пресс доку воркцентр вёркцентр версант",Прочее,Бункер для отработанного тонера,"654, грамм",Гарантия на данный товар не предоставляется,NK,,,,,,,,,,,,,,,,,,,,,,,,,,,,,,,,,,,,,,,
400000031104,"Блок ленты переноса (Transfer Belt Unit) оригинал. для Konica Minolta C250i/C750i, AA2JR73100",,,1,0,17900.0,17900.01,"Konica Minolta Bizhub C250i, C300i, C360i, C450i, C550i, C650i, C750i",Блок ленты переноса,Transfer Belt Unit,Konica Minolta,оригинальный,не предусмотрено,330000,не предусмотрено,AA2JR73100,AA2JR73700,Konica Minolta Bizhub C250i C300i C360i C450i C550i C650i C750i,C250i/C750i,Агрегат трансферной ленты Блок для переноса тонера Блок изображения Блок переноса изображения Блок переноса тонера Блок ремня переноса Блок трансфера Блок трансферной ленты Блок IBT Блок TBU Комплект ленты переноса Комплект переноса Модуль для принтера Модуль ленты переноса Модуль переноса Модуль промежуточной ленты переноса Модуль IBT Belt Сборка ленты переноса Сборка ремня переноса изображения Трансферный блок Трансферный модуль Трансферный ремень в сборе Узел для переноса изображения Узел ленты переноса Узел переноса Узел транспортировки тонера Узел трансферной ленты IBT Unit Image Transfer Belt Unit Intermediate Transfer Belt Unit Transfer Belt Unit аналог Коника Conika Konika бицхаб бизхаб C 250i C 300i C 360i C 450i C 550i C 650i C 750i С250i С300i С360i С450i С550i С650i С750i,Перенос изображения,Ленты переноса,"4900, грамм",Гарантия на данный товар не предоставляется,,,,,,,,,,,,,,,,,,,,,,,,,,,,,,,,,,,,,,,,
400000031114,"Картридж оригинал. Xerox (Fuji Xerox) 006R01696/CT202245, для цветных лазерных принтеров SC2020, желтый (yellow), 3000стр A4",,,3,0,3200.0,3200.01,Xerox SC2020,Картридж,,Xerox (Fuji Xerox),оригинальный,,3000,,,"CT202249, CT202955, CT203023","Xerox DocuCentre SC2020, SC2022",SC2020,Xerox DocuCentre DocuCenter Docu Centre Center SC2020 SC2022 докуцентр CT202958 CT202409,,,"400, грамм",10 месяцев,,,,,,,,не предусмотрено,CT202245,006R01696,CT202245,желтый (yellow),для цветных лазерных принтеров,60,нет данных,Япония,,,,,,,,,,,,,,,,,,,,,,,,
400000017716,"Чип тонер-картриджа  совместим. для лазерных принтеров Kyocera Mita FS-4200/4300 (TK3130), черный (black), 12500стр A4, Китай",,,48,0,43.46,51.48,"Чип для лазерных принтеров Kyocera Mita FS- 4200/4300 и картриджей TK-3130. Чип для лазерного картриджа — микросхема памяти, на которой записаны характеристики картриджа. Количество израсходованного тонера, подсчитанное чипом, лишь приблизительно и на момент когда, согласно подсчету, тонер израсходован и печать блокируется, картридж содержит еще около 30% тонера. Таким образом, замена чипа позволяет значительно сэкономить на расходных материалах лазерного принтера.",,,,,,,,,,,,,,,,,,,,TK-3130,Kyocera Mita FS- 4200/4300,,,,,,,,,,,,,,,,,,,,,,,,,,,,,,,,,,,
400000021431,"Картридж совместимый для ч/б лазерных принтеров Kyocera, TK-1100, черный (black), без чипа, 2100стр A4, Булат S-Line",,,5,0,536.36,588.18,"Черный тонер-картридж для принтеров Kyocera FS-1110/1024MFP/1124, заменяющий оригинальные картриджи ТК-1100. Тонеры компании Булат для картриджей лазерных принтеров производятся из современного сырья. Это полимеры, применение которых позволяет использовать тонеры в тонер-картриджах для новых скоростных принтеров и копиров. Это магнетиты и зарядорегуляторы, позволяющие получать стабильные результаты качества печати. Все это, плюс технологические приемы, направленные на улучшение структуры и формы частиц тонера, позволяют получить продукт стабильного качества. Все стадии производства тонеров проходят жесткий технологический контроль, готовый продукт всесторонне тестируется. Более 20 параметров подлежат проверке. Компания Булат проводит исследование тонеров во взаимодействии с другими расходными материалами: фотобарабанами, валами первичного заряда и т. д. для наиболее эффективного использования формулировок в дальнейшем.",,,,,,,,,,,,,,,,,,,,,,,Булат,,,,,,,,,,,,http://www.bulatgroup.ru,,ТК 1100,black (черный),TK 1100,Kyocera FS-1110/1024MFP/1124,2100,,,,,,,,,,,,,,,
400000021214,"Вал магнитный (оболочка)  совместим. для лазерных принтеров HP LJ 1160/1320, Булат",,,69,0,52.59,57.16,"Вал магнитный для лазерных принтеров HP LJ 1160, 1320, 3390, 3392",,,,,,,,,,,,,,,,,,,,Q5949A,"HP LJ 1160, 1320, 3390, 3392",оболочка,Булат,,,,,,,,,,,,,,,,,,,,,,,,,,,,,,,,,
400000022693,"Картридж совместимый для цветных лазерных принтеров Kyocera, TK-560, голубой (cyan), с чипом, 10000стр A4, Булат S-Line",,,1,0,1885.08,2015.81,"Тонер-картридж для принтеров FS-C5300, C5350, ECOSYS P6030c, заменяющий оригинальные картриджи TK-560. Тонеры компании Булат для картриджей лазерных принтеров производятся из современного сырья. Это полимеры, применение которых позволяет использовать тонеры в тонер-картриджах для новых скоростных принтеров и копиров. Это магнетиты и зарядорегуляторы, позволяющие получать стабильные результаты качества печати. Все это, плюс технологические приемы, направленные на улучшение структуры и формы частиц тонера, позволяют получить продукт стабильного качества. Все стадии производства тонеров проходят жесткий технологический контроль, готовый продукт всесторонне тестируется. Более 20 параметров подлежат проверке. Компания Булат проводит исследование тонеров во взаимодействии с другими расходными материалами: фотобарабанами, валами первичного заряда и т. д. для наиболее эффективного использования формулировок в дальнейшем.",,,,,,,,,,,,,,,,,,,,,,,Булат,,,,,,,,,,,,http://www.bulatgroup.ru,,TK560,cyan (голубой),TK560,"FS-C5300, C5350, ECOSYS P6030c",10000,,,,,,,,,,,,,,,
400000019122,"Картридж совместимый для ч/б лазерных принтеров Kyocera, TK-1130, черный (black), с чипом, 3000стр A4, Булат S-Line",,,4,0,535.27,581.82,"Черный тонер-картридж для принтеров KyoceraMita FS1030MFP, заменяющий оригинальный картридж TK1130.Тонеры компании Булат для картриджей лазерных принтеров производятся из современного сырья. Это полимеры, применение которых позволяет использовать тонеры в тонер-картриджах для новых скоростных принтеров и копиров. Это магнетиты и зарядорегуляторы, позволяющие получать стабильные результаты качества печати. Все это, плюс технологические приемы, направленные на улучшение структуры и формы частиц тонера, позволяют получить продукт стабильного качества. Все стадии производства тонеров проходят жесткий технологический контроль, готовый продукт всесторонне тестируется. Более 20 параметров подлежат проверке. Компания Булат проводит исследование тонеров во взаимодействии с другими расходными материалами: фотобарабанами, валами первичного заряда и т. д. для наиболее эффективного использования формулировок в дальнейшем.",,,,,,,,,,,,,,,,,,,,,,,Булат,,,,,,,,,,,,http://www.bulatgroup.ru,,TK1130 с чипом,black (черный),TK1130,"Kyocera FS1030mfp, FS1130mfp, M2030dn, M2530dn",3000,,,,,,,,,,,,,,,
400000032974,"Картридж оригинал. Xerox 006R01529/CT201586, для цветных лазерных принтеров C550/C570, черный (black), 30000стр A4",,,12,0,6790.0,6790.0,"Xerox Primelink C550/C560/C570Внимание, для работы картриджа в МФУ требуется заменачипа!",Картридж,,Xerox,оригинальный,,30000,,,006R01525 CT201702,"Xerox Color 550, 560, 570",C550/C570,Xerox Color Colour C550 C560 C570 C60 C70 C 550 C 560 C 570 C 60 C 70 PrimeLink Prime Link C9065 C9070  C 9065 C 9070 Праймлинк колор калэр калор colour пресс ксерокс тонер туба replenisher краска,,,"1410, грамм",10 месяцев,,,,,,,,не предусмотрено,006R01525,006R01529,CT201586,черный (black),для цветных лазерных принтеров,нет данных,780,США,,,,,,,,,,,,,,,,,,,,,,,,
400000021560,"Чип для лазерных принтеров Samsung ProXpress SL-M3820, 4020, M3870, 4070 (MLT-D203E), 10000стр, черный, регион универсальный, noname",,,0,0,83.0,87.43,"Чип для принтеров Samsung ProXpress SL-M3820, 4020, M3870, 4070, Чип для картриджа — MLT-D203Eмикросхема памяти, на которой записаны характеристики картриджа. Количество израсходованного тонера, подсчитанное чипом, лишь приблизительно и на момент когда, согласно подсчету, тонер израсходован и печать блокируется, картридж содержит еще около 30% тонера. Таким образом, замена чипа позволяет значительно сэкономить на расходных материалах лазерного принтера.",,,,,,,,,,,,,,,,,,,,MLT-D203E,"Samsung ProXpress SL-M3820, 4020, M3870, 4070",,tonex,,,,,,,,,,,,,универсальный,,,,,,,,,,,,,,,,,,,,
400000032833,"Картридж оригинал. Konica Minolta TN-620Y A3VX251/A3VX281, для цветных лазерных принтеров C1060L/C4065, желтый (yellow), 64000стр A4",,,26,0,8690.0,8689.99,,Картридж,,Konica Minolta,оригинальный,,64000,,,"A3VX231, A3VX254, A3VX256, A3VX258","Konica Minolta Bizhub Pro C1060L; AccurioPrint C2060L, C3070L, C4065, C4065P",C1060L/C4065,Konica Minolta Bizhub Pro C1060L AccurioPrint 3070L C2060L C4065 C4065P C 1060L  C 2060L C 4065 C4065 P Коника Минолта Минольта Бизхаб Бицхаб пресс про Акурио Аккурио replenisher тонер туба флакон порошок краска,,,"1505, грамм",10 месяцев,,,,,,,,TN-620Y,A3VX281,A3VX251,A3VX281,желтый (yellow),для цветных лазерных принтеров,1100,,Япония,,,,,,,,,,,,,,,,,,,,,,,,
400000031927,"Картридж оригинал. Xerox (Fujifilm) 006R01382/CT202104, для цветных лазерных принтеров DC700/C75, желтый (yellow), 22000стр A4",,,88,0,7190.0,7189.99,"Xerox Digital Color Press 700, 700i, 770; Color С75, J75",Картридж,,Xerox (Fujifilm),оригинальный,,22000,,,"006R01378, 006R01386, CT201246, CT201208, CT201275","Xerox Digital Color Press 700, 700i, 770; Color С75, J75",DC700/C75,Xerox DocuColor 700 700i 770 DC700 DC700i DC770 DC 700 DC 700i DC 770 С75 J75 С 75 J 75 доку колор калор калэр диджитал дижитал дигитал пресс прес ксерокс картридж тонер порошок туба краска replenisher,,,"1, грамм",10 месяцев,,,,,,,,не предусмотрено,CT202104,006R01382,CT202104,желтый (yellow),для цветных лазерных принтеров,638,737,Япония,,,,,,,,,,,,,,,,,,,,,,,,
400000033723,"Вал регистрации (Registration Roller) оригинал. для Konica Minolta C1070/C3080, A50U710101",,,1,0,19550.0,19550.0,"AccurioPress C2060, C2070, C2070P, C3070, C3070P, C3080, C3080P, C83hc;AccurioPrint C2060L, C3070L;bizhub PRESS C1060, C1070, C1070P, C71hc;bizhub PRO C1060L",Вал регистрации,Registration Roller,Konica Minolta,оригинальный,не предусмотрено,1400000,не предусмотрено,A50U710101,A50U 7101 01 A5OU71O1O1,"AccurioPress C2060, C2070, C2070P, C3070, C3070P, C3080, C3080P, C83hc; AccurioPrint C2060L, C3070L; bizhub PRESS C1060, C1070, C1070P, C71hc; bizhub PRO C1060L",C1070/C3080,Вал рег Вал регистрации Вал синхронизации бумаги Вал Registration Assembly Направляющий ролик Подающий ролик Registration Unit Прижимной ролик Registration Рег ролик Регистрационный ролик Резиновый ролик регистрации Ролик выравнивания Ролик выравнивания листа Ролик захвата бумаги Ролик подающего механизма Ролик привода бумаги Ролик протяжки Ролик рег Ролик регистрации бумаги Ролик регистрации листа Ролик синхронизации Ролик точной подачи бумаги Ролик тракта подачи Узел регистрации Paper Registration Roller Parts Roller Regist Registration Feed Roller Коника Минолта Минольта бицхаб бизхаб Пресс Прес Акку Аку Акурио Акуриопресс Аккуриопресс Акуриопрес Аккуриопрес Акурио пресс Аккурио пресс Акурио прес Аккурио прес Акуриопринт Аккуриопринт Акурио принт Аккурио принт Про C2060 C 2060 C2070 C 2070 C2070P C 2070P C3070 C 3070 C3070P C 3070P C3080 C 3080 C3080P C 3080P C83hc C 83hc C2060L C 2060L C3070L C 3070L C1060 C 1060 C1070 C 1070 C1070P C 1070P C71hc C 71hc PRO C1060L C 1060L С2060 С2070 С2070Р С3070 С3070Р С3080 С3080Р С83hc С2060L С3070L С1060 С1070 С1070Р С71hc С1060L,Подача и вывод материала,Ролики регистрации,"500, грамм",Гарантия на данный товар не предоставляется,,,,,,,,,,,,,,,,,,,,,,,,,,,,,,,,,,,,,,,,
400000033245,"Блок девелопера (Developer Housing Assembly) оригинал. для Xerox (Fuji Xerox) WC7535/С8030, черный/желтый/пурпурный/голубой (black/yellow/magenta/cyan), 604K63571/848K85594",,,3,0,11990.0,11990.0,"AltaLink C8030, C8035, C8045, C8055, C8070;WorkCentre 7525, 7530, 7535, 7545, 7556, 7830, 7835, 7840, 7845, 7850, 7855, 7970;Xerox Phaser 7800;",Блок девелопера,Developer Housing Assembly,Xerox (Fuji Xerox),оригинальный,не предусмотрено,нет данных,черный/желтый/пурпурный/голубой (black/yellow/magenta/cyan),604K63571/848K85594,"604K55880, 604K63570, 604K63572, 604K87643, 607K10830, 620S00617, 848K34922, 848K65672, 848K65673, 848K65674, 848K65675, 848K65676, 848K65677, 848K65678, 848K85590, 848K85591, 848K85592, 848K85593, 848K85595, 948K21190, 948K48140, 948K48149, TDK169GW2","Xerox WorkCentre 7525, 7530, 7535, 7545, 7556; Phaser 7800; DocuCentre 5570",WC7535/С8030,линк воркцентр вёркцентр ворк вёрк docu DocuColor доку colour color ксерокс колор калор воркцентр вёркцентр ворк вёрк housing assembly assy developer проявки проявка носитель,Формирование изображения,Блок фотобарабана,"926, грамм",Гарантия на данный товар не предоставляется,,,,,,,,,,,,,,,,,,,,,,,,,,,,,,,,,,,,,,,,
400000031099,"Картридж оригинал. Xerox 006R01480/CT201528 , для цветных лазерных принтеров Color 800/1000, черный (black), 75000стр A4",,,29,0,12780.0,12779.99,"Xerox Color 800, 800i, Color 1000, 1000i Press",Картридж,,Xerox,оригинальный,,75000,,,"006R01470, 006R01475, CT201374, CT201903","Xerox Color 800, 800i, Color 1000, 1000i Press",Color 800/1000,Xerox Color 800 800i Color 1000 1000i C800 C800i C1000 C1000i Press пресс колор калор калэр ксерокс DCP  тонер туба replenisher краска,,,"2900, грамм",10 месяцев,,,,,,,,не предусмотрено,006R01475,006R01480,CT201528,черный (black),для цветных лазерных принтеров,1950,нет данных,США,,,,,,,,,,,,,,,,,,,,,,,,
400000031513,"Девелопер (Developer) оригинал. DV-616M для Konica Minolta C1085/C6100, пурпурный (magenta), A5E7800",,,3,0,23690.0,23690.0,"Konica Minolta Bizhub Press C1085, C1100; AccurioPress C6085, C6100",Девелопер,Developer,Konica Minolta,оригинальный,DV-616M,850000,пурпурный (magenta),A5E7800,не предусмотрено,"Konica Minolta Bizhub Press C1085, C1100; AccurioPress C6085, C6100",C1085/C6100,Konica Minolta Bizhub Press C1085 C1100 C 1085 C 1100 AccurioPress Accurio Acurio C6085 C6100 C 6085 C 6100 Коника Минолта Минольта бизхаб бицхаб пресс про акку пресс аккурио акурио акуриопресс девелопер проявитель проявителя проявка,Формирование изображения,Девелоперы,"737, грамм",Гарантия на данный товар не предоставляется,,,,,,,,,,,,,,,,,,,,,,,,,,,,,,,,,,,,,,,,
400000015226,"Картридж совместимый для ч/б лазерных принтеров Samsung, RTC MLT-D105L, черный (black), с чипом, 2500стр A4, Булат 7Q",,,1,0,1362.84,1478.39,"Черный тонер-картридж для принтеров Samsung MLT-1910,1915,1916,2525,2580, SCX-4600,4605,4610,4623,4622, CF-650,650P, заменяющий оригинальные картриджи D105L. Тонеры компании Булат для картриджей лазерных принтеров производятся из современного сырья. Это полимеры, применение которых позволяет использовать тонеры в тонер-картриджах для новых скоростных принтеров и копиров. Это магнетиты и зарядорегуляторы, позволяющие получать стабильные результаты качества печати. Все это, плюс технологические приемы, направленные на улучшение структуры и формы частиц тонера, позволяют получить продукт стабильного качества. Все стадии производства тонеров проходят жесткий технологический контроль, готовый продукт всесторонне тестируется. Более 20 параметров подлежат проверке. Компания Булат проводит исследование тонеров во взаимодействии с другими расходными материалами: фотобарабанами, валами первичного заряда и т. д. для наиболее эффективного использования формулировок в дальнейшем.",,,,,,,,,,,,,,,,,,,,,,,Булат,,,,,,,,,,,,http://www.bulatgroup.ru,,RTC MLT-D105L с чипом,black (черный),D105L,,2500,,,,,,,,,"Samsung ML-1910,1915,1916,2525,2580, SCX-4600,4605,4610,4623,4622, CF-650,650P",,,,,,
400000033732,"Ролик на выходе печки (Fusing Paper Exit Roller/Up) оригинал. для Konica Minolta C1060/C71hc, A50U760900",,,2,0,1880.0,1880.0,"bizhub PRESS C1060, C1070, C1070P, C71hc;bizhub PRO C1060L",Ролик на выходе печки,Fusing Paper Exit Roller/Up,Konica Minolta,оригинальный,не предусмотрено,1200000,не предусмотрено,A50U760900,нет данных,"bizhub PRESS C1060, C1070, C1070P, C71hc; bizhub PRO C1060L",C1060/C71hc,Бронзовый ролик Бумагоотводящий ролик печки Бумажный ролик печки направляющий ролик печки ролик выхода ролик выхода печки ролик на выходе печки ролик печки Деталь выхода бумаги термоузла Компонент вывода бумаги из фьюзера Ролик выброса бумаги Ролик выброса из термоблока Ролик вывода Ролик вывода бумаги Ролик вывода бумаги из фьюзера Ролик вывода из узла закрепления Ролик вывода изображения Ролик выгрузки Ролик выдачи Ролик выхода Ролик выхода блока фиксации Ролик выхода бумаги Ролик выхода бумаги из печки Ролик выхода из термоблока Ролик выхода из узла закрепления Ролик выхода листа Ролик выхода нагревательного узла Ролик выхода печи Ролик выхода термоблока Ролик выхода термоузла Ролик выхода узла закрепления Ролик выхода фьюзера Ролик выхода fusing Ролик выходной Ролик конечного вывода Ролик на выходе Ролик на выходе печки Ролик на выходе fusing unit Ролик печного выхода Ролик подачи бумаги на выход Ролик подачи из фьюзера Ролик подачи на выход Ролик после печки Ролик протяжки бумаги после печки Ролик термофиксатора на выход Ролик транспортировки бумаги Ролик транспортировки выхода Ролик транспортировки после термозакрепления Ролик транспортировки фьюзера Ролик финишного вывода Ролик фьюзера выходной Ролик фьюзера Konica Minolta Ролик фьюзерный выходной Роллер выхода Fuser Delivery roller Ejection roller Exit roller Exit Roller для термоузла Exit Roller фьюзера Fuser exit roller Fuser output roller Fusing exit roller Fusing paper exit roller Output roller Paper discharge roller Paper exit roller Верхний направляющий ролик печки Верхний ролик выхода Верхний ролик выхода печки Верхний ролик на выходе печки Выходной ролик печки Upper exit roller upper верхний Коника Минолта Минольта бицхаб бизхаб Пресс Прес Про C1060 C 1060 C1070 C 1070 C1070P C 1070P C71hc C 71hc C1060L C 1060L С1060 С1070 С1070Р С71hc С1060L,Подача и вывод материала,Ролики подачи и захвата,"15, грамм",Гарантия на данный товар не предоставляется,,,,,,,,,,,,,,,,,,,,,,,,,,,,,,,,,,,,,,,,
400000016911,"Чип тонер-картриджа  совместим. для лазерных принтеров Samsung CLP-300/CLX-2160/3160 CLP-C300A, голубой (cyan), 1000стр A4, Китай",,,2,0,39.15,42.55,"Чип для лазерных принтеров Samsung CLP-300, 300N, CLX-2160, 3160N, 3160FN и картриджей CLP-C300A. Чип для лазерного картриджа — микросхема памяти, на которой записаны характеристики картриджа. Количество израсходованного тонера, подсчитанное чипом, лишь приблизительно и на момент когда, согласно подсчету, тонер израсходован и печать блокируется, картридж содержит еще около 30% тонера. Таким образом, замена чипа позволяет значительно сэкономить на расходных материалах лазерного принтера.",,,,,,,,,,,,,,,,,,,,CLP-C300A,"CLP-300, 300N, CLX-2160, 3160N, 3160FN",,,,,,,,,,,,,,,,,,,,,,,,,,,,,,,,,,,
400000032009,"Чип тонер-картриджа  совместим. для лазерных принтеров W1106 (1k), черный (black), 1000стр A4, HP",,,11,0,75.0,75.0,HP LJ 107/135/137,Чип тонер-картриджа,,HP,совместимый,W1106 (1k),1000,черный (black),,,,,HP LJ 107/135/137,,,"1, грамм",Гарантия на данный товар не предоставляется,JDY,W1106 (1k),Чипы,,,,,,,,,,,,,,,,,,,,,,,,,,,,,,,,,,,,,
400000033098,"Фотобарабан  совместим. для лазерных принтеров  HP LJ 1160, 1320, 3390, 3392, NetProduct",,,18,0,98.2,106.74,,Фотобарабан,,NetProduct,совместимый,"HP LJ 1160, 1320, 3390, 3392",нет данных,не предусмотрено,,,,,HP LJ 1160/1320/3390/3392 (Q5949X),,,"42, грамм",Гарантия на данный товар не предоставляется,NetProduct,"Q5949A, Q5949X",Фотобарабаны,,,,,,,,,,,,,,,,,,,,,,,,,,,,,,,,,,,,,
400000031844,"Девелопер (Developer) оригинал. для Xerox C550/DC770, желтый (yellow), 675K76280/005R00733",,,27,0,3990.0,3990.0,"Xerox Color C550, C560, C570; C60, C70; C75, J75; Digital Color Press DC700, DC700i, DC770",Девелопер,Developer,Xerox,оригинальный,не предусмотрено,1500000,желтый (yellow),675K76280/005R00733,"005R00733, 505S00033","Xerox Color C550, C560, C570; C60, C70; C75, J75; Digital Color Press DC700, DC700i, DC770",C550/DC770,"Xerox Color Colour C550, C560, C570; C60, C70; C75, J75; Digital Color Press DC700, DC700i, DC770",Формирование изображения,Девелоперы,"497, грамм",Гарантия на данный товар не предоставляется,,,,,,,,,,,,,,,,,,,,,,,,,,,,,,,,,,,,,,,,
400000033698,"Блок фотобарабана (Drum Unit) оригинал. для Ricoh C9100/C9210, универсальный, M0ED-9510",,,8,0,22900.0,22900.01,"Ricoh Pro C9100, C9110, C9200, C9210",Блок фотобарабана,Drum Unit,Ricoh,оригинальный,не предусмотрено,нет данных,универсальный,M0ED-9510,"M0ED9510, M2059510, M205-9510","Pro C9100, C9110, C9200, C9210",C9100/C9210,"блок модуль узел фотобарабана барабан барабаны фотовал фоторецептор фоторецепторы ксерографии драмы драм-юнит драм-картридж OPC Drum фотобарабанный блок фотопроводящий барабан фотоблок блок фотопечати фотобаробан фотобаран фотоборабан фоторецепторный барабан CMYK Drum фото барабан unit блок модуль узел оригинал Ricoh Rico Rikoh Riko Рико Рикох Про C9100, C9110 C9200 C9210 C 9100 C 9110 C 9200 C 9210 С9100 С9110 С9200 С9210",Перенос изображения,Блок фотобарабана,"675, грамм",Гарантия на данный товар не предоставляется,,,,,,,,,,,,,,,,,,,,,,,,,,,,,,,,,,,,,,,,
400000031205,"Девелопер (Developer) оригинал. DV-613M для Konica Minolta C8000, пурпурный (magenta), A1DY800",,,2,0,11790.0,11790.0,Konica Minolta Bizhub PRESS C8000,Девелопер,Developer,Konica Minolta,оригинальный,DV-613M,300000,пурпурный (magenta),A1DY800,не предусмотрено,Konica Minolta Bizhub Press C8000,C8000,Konica Minolta Bizhub PRESS C8000 C 8000 Коника Минолта Минольта бизхаб бицхаб пресс про девелопер проявитель проявителя проявка,Формирование изображения,Девелоперы,"1300, грамм",Гарантия на данный товар не предоставляется,,,,,,,,,,,,,,,,,,,,,,,,,,,,,,,,,,,,,,,,
400000033359,"Блок фотобарабана (Drum Unit) оригинал. для Xerox (Fujifilm) Color 800/1000, универсальный, 675K87090",,,4,0,28990.0,28990.0,"Xerox Color 800 Press, 800i Press;Xerox Color 1000 Press, 1000i Press",Блок фотобарабана,Drum Unit,Xerox (Fujifilm),оригинальный,не предусмотрено,200000,универсальный,675K87090,"675K87091, 848K77540, 848K77541, 848K77542, 848K17550, CT350864","Xerox Color 800, 800i, Color 1000, 1000i Press",Color 800/1000,Xerox Color 800 800i Color 1000 1000i colour R1/R2/R3/R4 Drum барабан барабаны фотовал фоторецептор фоторецепторы ксерографии драмы Unit блок модуль узел Xerox Ксероркс Color колор калэр калор фотобарабан Fujifilm Фуджифильм Фуджи фильм филм,Перенос изображения,Блок фотобарабана,"1716, грамм",Гарантия на данный товар не предоставляется,,,,,,,,,,,,,,,,,,,,,,,,,,,,,,,,,,,,,,,,
400000030314,"Чип тонер-картриджа  совместим. для лазерных принтеров HP CB435A/CB436A/CE278A/CE285A/CF283A/CE255A/CE505A(CF280A)/CE390A (CC364A), Canon 720/712/713/725/726/728/737, черный (black), UNItech",,,3,0,82.07,86.6,"Чип для принтеров HP LaserJet P1005, P1006, P1505, P1505n, M1120 MFP, M1120n MFP, M1522n MFP, M1522nf MFP, P1566, P1606dn, M1536dnf, M1132, M1212nf, M1214nfh, M1217nfw, P1102, P1102s, P1102w, P2035, P2055d, P2055dn, P2035n, P2055, P4014, P4014n, P4014dn; HP Enterprise 600 M601dn, 600 M601n, 600 M602dn, 600 M602n, 600 M602x, 600 M603dn, 600 M603n, 600 M603xh, MFP M525dn, MFP M525f, MFP M525c, P3015, P3015d, P3015dn, P3015x; HP LaserJet Pro 400 M401dn, 400 M401dw, 400 M401a, 400 M425dn, 400 M425dw, 400 M401d, 400 M401dne, M521dw, M521dn;Canon i-Sensys MF6600, LBP-3010, LBP-3100, LBP-3250, LBP-6000, MF3010, LBP6200, MF-4410, MF-4430, MF-4450, MF-4550, MF-4570, MF-4580, MF211, MF212w, MF216n, MF217w, MF226dn, MF229dw, MF231, MF232w, MF237w, MF244dw, MF247dw, MF249dw, LBP151dw",Чип тонер-картриджа,,UNItech,совместимый,"HP CB435A/CB436A/CE278A/CE285A/CF283A/CE255A/CE505A(CF280A)/CE390A (CC364A), Canon 720/712/713/725/726/728/737",нет данных,черный (black),,,,,"HP LaserJet P1005, P1006, P1505, P1505n, M1120 MFP, M1120n MFP, M1522n MFP, M1522nf MFP, P1566, P1606dn, M1536dnf, M1132, M1212nf, M1214nfh, M1217nfw, P1102, P1102s, P1102w, P2035, P2055d, P2055dn, P2035n, P2055, P4014, P4014n, P4014dn; HP Enterprise 600 M601dn, 600 M601n, 600 M602dn, 600 M602n, 600 M602x, 600 M603dn, 600 M603n, 600 M603xh, MFP M525dn, MFP M525f, MFP M525c, P3015, P3015d, P3015dn, P3015x; HP LaserJet Pro 400 M401dn, 400 M401dw, 400 M401a, 400 M425dn, 400 M425dw, 400 M401d, 400 M401dne, M521dw, M521dn;
Canon i-Sensys MF6600, LBP-3010, LBP-3100, LBP-3250, LBP-6000, MF3010, LBP6200, MF-4410, MF-4430, MF-4450, MF-4550, MF-4570, MF-4580, MF211, MF212w, MF216n, MF217w, MF226dn, MF229dw, MF231, MF232w, MF237w, MF244dw, MF247dw, MF249dw, LBP151dw",,,"5, грамм",Гарантия на данный товар не предоставляется,Булат,"HP 435, 436, 278, 285, 505, 280, 255, 364, 283, 390, Canon 712, 713, 720, 725, 726, 728",Чипы,,,,,,,,,,,,,,,,,,,,,,,,,,,,,,,,,,,,,
400000030967,"Картридж оригинал. Xerox 006R01635/CT202226, для цветных лазерных принтеров Versant 2100/4100, голубой (cyan), 55000стр A4",,,144,0,11880.0,11880.0,"Xerox Versant Press 2100, 3100, 3100i, 4100",Картридж,,Xerox,оригинальный,,55000,,,CT202222,"Xerox Versant Press 2100, 3100, 3100i, 4100",Versant 2100/4100,Xerox Versant Press 2100 3100 3100i 4100 v2100 v3100 v3100i v4100 версант пресс ксерокс тонер туба replenisher краска,,,"2666, грамм",10 месяцев,,,,,,,,не предусмотрено,006R01631,006R01635,CT202226,голубой (cyan),для цветных лазерных принтеров,нет данных,1740,США,,,,,,,,,,,,,,,,,,,,,,,,
400000031676,"Блок девелопера (Developer Unit) оригинал. DV-619Y для Konica Minolta C458/C658, желтый (yellow), A9C808D",,,4,0,23990.0,23990.0,"Konica Minolta Bizhub C458, C558, C658",Блок девелопера,Developer Unit,Konica Minolta,оригинальный,DV-619Y,600000,желтый (yellow),A9C808D,не предусмотрено,"Konica Minolta Bizhub C458, C558, C658",C458/C658,Konica Minolta Bizhub C458 C558 C658 C 458 C 558 C 658 Минолта Минольта бизхаб бицхаб носитель носителя проявка проявки проявления проявитель узел юнит,Формирование изображения,Блок девелопера,"1417, грамм",Гарантия на данный товар не предоставляется,,,,,,,,,,,,,,,,,,,,,,,,,,,,,,,,,,,,,,,,
400000032831,"Картридж оригинал. Konica Minolta TN-620K A3VX151/A3VX181, для цветных лазерных принтеров C1060L/C4065, черный (black), 60000стр A4",,,58,0,8390.0,8390.0,,Картридж,,Konica Minolta,оригинальный,,60000,,,"A3VX331, A3VX154, A3VX156, A3VX158","Konica Minolta Bizhub Pro C1060L; AccurioPrint 2060L, C3070L, C4065, C4065P",C1060L/C4065,Konica Minolta Bizhub Pro C1060L AccurioPrint 3070L C2060L C4065 C4065P C 1060L C 2060L C 4065 C4065 P Коника Минолта Минольта Бизхаб Бицхаб пресс про Акурио Аккурио replenisher тонер туба флакон порошок краска,,,"1505, грамм",10 месяцев,,,,,,,,TN-620K,A3VX181,A3VX151,A3VX181,черный (black),для цветных лазерных принтеров,1100,,Япония,,,,,,,,,,,,,,,,,,,,,,,,
400000032449,"Чип для лазерных принтеров Xerox Altalink C8130, C8135, C8170 и картриджей 006R01755, голубой (cyan)",,,80,0,180.0,179.99,,,,,,,,,,,,,,,,"1, грамм",Гарантия на данный товар не предоставляется,,,,,,,,,,,,,,,,,,,,,,,,,,,,,,,,,,,,,,,,
400000030897,"Ролик захвата бумаги (Pick-up Roller) оригинал. для Konica Minolta C224/C754, A5C1562200",,,2,0,390.0,390.01,"Konica Minolta bizhub 224e, 227, 284e, 287, 300i, 308, 360i, 364e, 367, 4050i, 450i, 454e, 458, 4700i, 4750i, 550i, 554e, 558, 650i, 654e, 750i, 754e, 758, 808, 958;bizhub C224e, C227, C250i, C258, C284e, C287, C300i, C308, C3300i, C3320i, C3350i, C360i, C364e, C368, C4000i, C4050i, C450i, C454, C454e, C550i, C554e, C650i, C654e, C659, C750i, C754e, C759;bizhub PRO 958",Ролик захвата бумаги,Pick-up Roller,Konica Minolta,оригинальный,не предусмотрено,нет данных,не предусмотрено,A5C1562200,A5C15622FR,"Konica Minolta bizhub 224e, 227, 284e, 287, 300i, 308, 360i, 364e, 367, 4050i, 450i, 454e, 458, 4700i, 4750i, 550i, 554e, 558, 650i, 654e, 750i, 754e, 758, 808, 958; bizhub C224e, C227, C250i, C258, C284e, C287, C300i, C308, C3300i, C3320i, C3350i, C360i, C364e, C368, C4000i, C4050i, C450i, C454, C454e, C550i, C554e, C650i, C654e, C659, C750i, C754e, C759; bizhub PRO 958",C224/C754,Захватывающий ролик Резиновый ролик Ремкомплект роликов подач Ролик байпасс Ролик для захвата бумаги Ролик для кассеты Ролик для лотка Ролик для лотка подачи Ролик для МФУ Ролик для подачи Ролик для подачи бумаги Ролик для подачи документов Ролик для подачи листов Ролик для принтера Ролик для ручной подачи Ролик для транспортировки бумаги Ролик захвата Ролик захвата бумаги Ролик лотка Ролик отделения (Retard Roll) Ролик подачи Ролик подачи (Feed Roll) Ролик подачи бумаги Ролик подачи в сборе Ролик подачи листов Ролик подачи ручного лотка Ролик подхвата Ролик bypass Bypass roll Document Feed Roller Feed Roll Feed Roller Paper Feed Roller Paper Transport Roller Pick-up Roller Roller Repair Tray Feed Roller Минолта Минольта бицхаб бизхаб 224e 227 284e 287 300i 308 360i 364e 367 4050i 450i 454e 458 4700i 4750i 550i 554e 558 650i 654e 750i 754e 758 C224e C227 C250i C258 C284e C287 C300i C308 C3300i C3320i C3350i C360i C364e C368 C4000i C4050i C450i C454 C454e C550i C554e C650i C654e C659 C750i C754e C759 958 224e 284e 300i 360i 364e 4050i 450i 454e 4700i 4750i 550i 554e 650i 654e 750i 754e C 224e C 227 C 250i C 258 C 284e C 287 C 300i C 308 C 3300i C 3320i C 3350i C 360i C 364e C 368 C 4000i C 4050i C 450i C 454 C 454e C 550i C 554e C 650i C 654e C 659 C 750i C 754e C 759 224е 284е 300i 360i 364е 4050i 450i 454е 4700i 4750i 550i 554е 650i 654е 750i 754е С224е С227 С250i С258 С284е С287 С300i С308 С3300i С3320i С3350i С360i С364е С368 С4000i С4050i С450i С454 С454е С550i С554е С650i С654е С659 С750i С754е С759,Подача и вывод материала,Ролики подачи и захвата,"12, грамм",Гарантия на данный товар не предоставляется,,,,,,,,,,,,,,,,,,,,,,,,,,,,,,,,,,,,,,,,
400000033573,"Комплект роликов лотка ручной подачи (MSI roller kit (Feed, Nudger & Retard Roll)) оригинал. для Xerox C550/DC250/Versant 80, 604K23660",,,12,0,1190.0,1190.0,"Xerox Color C550, C560, C570; C60, C70; C75, J75;Digital Color Press DC700, DC700i, DC770;DocuColor DC240, DC250, DC242, DC252, DC260;PrimeLink C9065, C9070;Versant 80, 170i, 180, 180i, 280; 2100, 3100, 3100i, 4100;D95 D110, D125, D136;WorkCentre 7655, 7665;VersaLink B7025, B7030, B7035; B7125, B7130, B7135; C7000, C7020, C7025, C7030;Phaser 5500, 5550",Комплект роликов лотка ручной подачи,"MSI roller kit (Feed, Nudger & Retard Roll)",Xerox,оригинальный,не предусмотрено,нет данных,не предусмотрено,604K23660,008R13196,"Xerox Color C550, C560, C570; C60, C70; C75, J75; Digital Color Press DC700, DC700i, DC770; DocuColor DC240, DC250, DC242, DC252, DC260; PrimeLink C9065, C9070; Versant 80, 170i, 180, 180i, 280; 2100, 3100, 3100i, 4100; D95 D110, D125, D136; WorkCentre 7655, 7665; VersaLink B7025, B7030, B7035; B7125, B7130, B7135; C7000, C7020, C7025, C7030; Phaser 5500, 5550",C550/DC250/Versant 80,Комплект для захвата бумаги Комплект для подачи бумаги Комплект для подачи документов Комплект для подачи листов Комплект из трех роликов Комплект подающих роликов Комплект роликов байпасс Комплект роликов для подачи Комплект роликов для принтера Комплект роликов подачи бумаги Комплект роликов подачи ручного лотка Комплект роликов протяжки бумаги Комплект роликов bypass Набор захватывающих роликов Набор подающих роликов Набор роликов для МФУ Набор роликов лотка Оригинальный набор роликов Xerox Подталкивающий ролик (Nudger Roll) Резиновые ролики Ремкомплект роликов для лотков 1-4 Ремкомплект роликов подач Ролик отделения (Retard Roll) Ролик подачи (Feed Roll) Ролики для лотка Ролики для лотка подачи Ролики для подачи бумаги Ролики для ручной подачи Ролики для транспортировки бумаги Ролики захвата Ролики захвата бумаги Ролики подачи Ролики подачи в сборе Ролики подачи листов Ролики подхвата Роликовый комплект Сервисный комплект роликов подачи Bypass roll kit Document Feed Roller Kit Feed Roll Kit Feed Roller Assembly Paper Feed Roller Kit Paper Transport Roller Paper Transport Roller Kit Pick-up Roller Kit Roller Repair Kit tray 1-4 roll kit Tray Feed Roller Kit Xerox Color C550 C560 C570 C60 C70 C75 J75 C 560 C 570 C 60 C 70 C 75 J 75 Digital Color Press DC700 DC700i DC770 DC 700 DC 700i DC 770 DocuColor DC240 DC250 DC242 DC252 DC260 DC 240 DC 250 DC 242 DC 252 DC 260 PrimeLink Prime Link C9065 C9070 C 9065 C 9070 Versant 80 170i 180 180i 280 2100 3100 3100i 4100 D95 D110 D125 D136 D 95 D 110 D 125 D 136 WorkCentre Work Centre 7655 7665 VersaLink Versa Link B7025 B7030 B7035 B7125 B7130 B7135 C7000 C7020 C7025 C7030 B 7025 B 7030 B 7035 B 7125 B 7130 B 7135 C 7000 C 7020 C 7025 C 7030 Phaser 5500 5550 праймлинк прайм линк колор калэр калор пресс доку воркцентр вёркцентр ворк центр вёрк центр версант диси версалинк верса линк фазер C75 J75 DC 700 DC770 C550 C560 C570 C60 C70 C9065 C9070 V80 V180 V280 D95 D110 D125 D136 DC 240 DC 242 DC 250 DC 252 DC 260 B9100 B9110 B9125 B9136 WC 7655 WC 7665 С75 J75 DС700 DС770 С550 С560 С570 С60 С70 С9065 С9070 В80 В180 В280 DС240 DС242 DС250 DС252 DС260 В9100 В9110 В9125 В9136 WС7655 WС7665 Продукция предназначена для Версант Вёрсант Версанта Докупринт колор калэр Альталинк Воркцентр,Подача и вывод материала,Ролики подачи и захвата,"55, грамм",Гарантия на данный товар не предоставляется,,,,,,,,,,,,,,,,,,,,,,,,,,,,,,,,,,,,,,,,
400000033633,"Пылезащитный фильтр (Deve. Dust-proof Filter/2) оригинал. для Konica Minolta C1060/C4070, A50U172300/A50U169501",,,2,0,490.0,490.0,"Konica Minolta AccurioPress C2060, C2070, C2070P, C3070, C3080, C3080P, C4070, C4080, C83hc;AccurioPrint C2060L, C3070L, C4065, C4065P;bizhub PRESS C1060, C1070, C1070P, C71cf, C71hc;bizhub PRO C1060L;AccurioLabel 190",Пылезащитный фильтр,Deve. Dust-proof Filter/2,Konica Minolta,оригинальный,не предусмотрено,600000,не предусмотрено,A50U172300/A50U169501,A50U169500,"AccurioPress C2060, C2070, C2070P, C3070, C3080, C3080P, C4070, C4080, C83hc; AccurioPrint C2060L, C3070L, C4065, C4065P; bizhub PRESS C1060, C1070, C1070P, C71cf, C71hc; bizhub PRO C1060L; AccurioLabel 190",C1060/C4070,Фильтр от пыли Пылевой фильтр Фильтр блока Противопылевой фильтр Даст-прооф фильтр Даст-пруф Dust filter Даст-фильтр Developing Dustproof Даст прооф Фильтр второй Фильтр №2 Фильтр от тонерной пыли Пылеулавливающий фильтр Фильтр защиты от пыли Фильтр для принтера Фильтр для печатной машины Пылеудаление Улавливатель пыли Фильтрующий элемент Сетка фильтра Барьер пыли Пылесборник Фильтр для обслуживания Коника Минолта Минольта Акку Аку Акурио Акуриопресс Аккуриопресс Акуриопрес Аккуриопрес Акурио пресс Аккурио пресс Акурио прес Аккурио прес Акку Аку Акурио Акуриопринт Аккуриопринт Акурио принт Аккурио принт бицхаб бизхаб Пресс Прес лейбел лэйбел Акуриолэйбл Аккуриолэйбл Акуриолэйбел Аккуриолэйбэл Акурио лэйбл Аккурио лэйбел Акурио лэйбэл C2060 C 2060 C2070 C 2070 C2070P C 2070P C3070 C 3070 C3080 C 3080 C3080P C 3080P C4070 C 4070 C4080 C 4080 C83hc C2060L C 2060L C3070L C 3070L C4065 C 4065 C4065P C 4065P C1060 C 1060 C1070 C 1070 C1070P C 1070P C71cf C71hc C1060L C 1060L С2060 С2070 С2070Р С3070 С3080 С3080Р С4070 С4080 С83hc С2060L С3070L С4065 С4065Р С1060 С1070 С1070Р С71cf С71hc С1060L,Закрепление изображения,Фильтры,"6, грамм",Гарантия на данный товар не предоставляется,,,,,,,,,,,,,,,,,,,,,,,,,,,,,,,,,,,,,,,,
400000031444,"Картридж оригинал. Xerox 006R01662/CT201705, для цветных лазерных принтеров C60/70, желтый (yellow), 30000стр A4",,,5,0,6790.0,6790.0,Xerox Color C60/70,Картридж,,Xerox,оригинальный,,30000,,,006R01658,"Xerox Color C60, C70",C60/70,Xerox Color Colour C550 C560 C570 C60 C70 C 550 C 560 C 570 C 60 C 70 PrimeLink Prime Link C9065 C9070 C 9065 C 9070 Праймлинк колор калэр калор colour пресс ксерокс тонер туба replenisher краска,,,"1315, грамм",10 месяцев,,,,,,,,не предусмотрено,006R01526,006R01662,CT201705,желтый (yellow),для цветных лазерных принтеров,638,737,США,,,,,,,,,,,,,,,,,,,,,,,,
400000021432,"Дозирующее лезвие (doctor blade)  совместим. для лазерных принтеров Samsung ML-2165, Булат",,,14,0,43.18,46.93,"Дозирующее лезвие магнитного вала для лазерных принтеров Samsung ML2160, ML2165, SCX3400, SCX3405. Дозирующее лезвие предназначено для регулировки количества тонера наносимого на магнитный вал. Срок службы дозирующего лезвия напрямую зависит от качества используемого тонера.",,,,,,,,,,,,,,,,,,,,,"Samsung ML2160, ML2165, SCX3400, SCX3405",,Булат,,,,,,,,,,,,http://bulatgroup.ru,,,,,,,,,,,,,,,,,,,,,
400000024198,"Картридж оригинал. Konica Minolta TN-620M A3VX351/A3VX381, для цветных лазерных принтеров C1060L/C4065, пурпурный (magenta), 49000стр A4",,,22,0,8690.0,8689.99,"Konica Minolta AccurioPrint C2060L, C3070L, C4065; Bizhub Pro C1060L",Картридж,,Konica Minolta,оригинальный,,49000,,,"A3VX331, A3VX354, A3VX356, A3VX358","Konica Minolta Bizhub Pro C1060L; AccurioPrint C2060L, C3070L, C4065, C4065P",C1060L/C4065,Konica Minolta Bizhub Pro C1060L AccurioPrint 3070L C2060L C4065 C4065P C 1060L C 2060L C 4065 C4065 P Коника Минолта Минольта Бизхаб Бицхаб пресс про Акурио Аккурио replenisher тонер туба флакон порошок краска,,,"1505, грамм",10 месяцев,,,,,,,,TN-620M,A3VX381,A3VX351,A3VX381,пурпурный (magenta),для цветных лазерных принтеров,1100,,Япония,,,,,,,,,,,,,,,,,,,,,,,,
400000021249,"Чип тонер-картриджа  совместим. для лазерных принтеров Kyocera FS-C2026/C2126MFP (TK-590C), голубой (cyan), 5000стр A4, Tonex",,,1,0,110.93,128.83,"Чип для принтеров Kyocera FS-C2026, C2126MFP и картриджей TK-590C. Чип для картриджа — микросхема памяти, на которой записаны характеристики картриджа. Количество израсходованного тонера, подсчитанное чипом, лишь приблизительно и на момент когда, согласно подсчету, тонер израсходован и печать блокируется, картридж содержит еще около 30% тонера. Таким образом, замена чипа позволяет значительно сэкономить на расходных материалах лазерного принтера.",,,,,,,,,,,,,,,,,,,,TK-590C,"Kyocera FS C2026, C2126MFP",,Tonex,,,,,,,,,,,,,универсальный,,,,,,,,,,,,,,,,,,,,
400000018346,"Чип тонер-картриджа  совместим. для лазерных принтеров Kyocera Mita FS-1100 TK-140 (AUMTFS1100030), черный (black), 4000стр A4, Булат",,,4,0,68.93,81.6,"Чип для лазерных принтеров Kyocera Mita FS- 1100, и картриджей TK-140.Чип для лазерного картриджа — микросхема памяти, на которой записаны характеристики картриджа. Количество израсходованного тонера, подсчитанное чипом, лишь приблизительно и на момент когда, согласно подсчету, тонер израсходован и печать блокируется, картридж содержит еще около 30% тонера. Таким образом, замена чипа позволяет значительно сэкономить на расходных материалах лазерного принтера.",,,,,,,,,,,,,,,,,,,,TK-140,"Kyocera Mita FS- 1100,",,,,,,,,,,,,,,,,,,,,,,,,,,,,,,,,,,,
400000018130,"Картридж совместимый для ч/б лазерных принтеров Canon и HP, RTC Q5949A/Q7553A, черный (black), с чипом, 3000стр A4, Булат 7Q",,,1,0,925.0,1005.42,"Черный тонер-картридж для принтеров HP LJ 1160, LJ 1320, P2015, а также Canon LBP 3300, 3360, 3310, 3370, заменяющий оригинальные картриджи HP Q5949A, Q7553A, и Canon 708H, 715H.Тонеры компании Булат для картриджей лазерных принтеров производятся из современного сырья. Это полимеры, применение которых позволяет использовать тонеры в тонер-картриджах для новых скоростных принтеров и копиров. Это магнетиты и зарядорегуляторы, позволяющие получать стабильные результаты качества печати. Все это, плюс технологические приемы, направленные на улучшение структуры и формы частиц тонера, позволяют получить продукт стабильного качества. Все стадии производства тонеров проходят жесткий технологический контроль, готовый продукт всесторонне тестируется. Более 20 параметров подлежат проверке. Компания Булат проводит исследование тонеров во взаимодействии с другими расходными материалами: фотобарабанами, валами первичного заряда и т. д. для наиболее эффективного использования формулировок в дальнейшем.",,,,,,,,,,,,,,,,,,,,,,,Булат,,,,,,,,,,,,http://www.bulatgroup.ru,,RTC Q5949A/Q7553A с чипом,black (черный),"HP Q5949A, Q7553A, C708H, С715H","HP LJ 1160, 1320, 3390, 3392, M2727, P2014, 2015, Canon LBP 3300, 3360, 3310, 3370",3000,,,,,,,,,,,,,,,
400000030638,"Фотобарабан  совместим. для лазерных принтеров Samsung ML 1910, Китай",,,30,0,112.17,121.92,"Фотобарабан для принтеров Samsung ML 1910, ML 1915, ML 2520, ML 2525, ML 2540, ML 2580, ML-2850, SCX 4600, SCX 4605, SCX 4610, SCX 4623, SF 650",Фотобарабан,,Китай,совместимый,Samsung ML 1910,нет данных,не предусмотрено,,,,,"Samsung ML 1910, ML 1915, ML 2520, ML 2525, ML 2540, ML 2580, ML-2850, SCX 4600, SCX 4605, SCX 4610, SCX 4623, SF 650",,,"50, грамм",Гарантия на данный товар не предоставляется,RST,Samsung MLT D105S,Фотобарабаны,,,,,,,,,,,,,,,,,,,,,,,,,,,,,,,,,,,,,
400000033721,"Втулка ролика переноса (Transfer Roller Bearing/ K) оригинал. для Konica Minolta C1070/C83hc, A50U505700",,,4,0,490.0,490.0,"AccurioPress C2060, C2070, C2070P, C3070, C3080, C3080P, C4070, C4080, C83hc;AccurioPrint C2060L, C3070L, C4065, C4065P;bizhub PRESS C1060, C1070, C1070P, C71cf, C71hc;bizhub PRO C1060L;AccurioLabel 190, 230",Втулка ролика переноса,Transfer Roller Bearing/ K,Konica Minolta,оригинальный,не предусмотрено,3520000,не предусмотрено,A50U505700,нет данных,"AccurioPress C2060, C2070, C2070P, C3070, C3080, C3080P, C4070, C4080, C83hc; AccurioPrint C2060L, C3070L, C4065, C4065P; bizhub PRESS C1060, C1070, C1070P, C71cf, C71hc; bizhub PRO C1060L; AccurioLabel 190, 230",C1070/C83hc,Втулка ролика переноса Подшипник ролика переноса Втулка трансферного ролика Подшипник скольжения Бушинг ролика переноса Подшипник трансферного ролика Трансферная втулка Втулка вала переноса Подшипник второго переноса Скользящая втулка Вкладыш подшипника Трансферный подшипник Роликоподшипник Втулка для ролика Подшипник скольжения ролика Бушинг для принтера Подшипник узла переноса Скользящий элемент Втулка второго трансфера Transfer Power Bushing Втулка Transfer Roller Bushing для ролика переноса Подшипник Transfer Unit Втулка вала переноса Направляющая втулка Transfer Опорный подшипник ролика переноса Пластиковая втулка ролика переноса Подшипник скольжения переносного вала Оригинальная запчасть Konica Minolta Запасная часть для принтера Konica Minolta оригинал Koника Minolta Акку Аку Акурио Акуриопресс Аккуриопринт Акурио пресс Аккурио принт бицхаб бизхаб Пресс Прес Про лейбел лэйбел Акуриолэйбл Аккуриолэйбл Акуриолэйбел Аккуриолэйбэл Акурио лэйбл Акурио лэйбел Акурио лэйбэл C2060 C 2060 C2070 C 2070 C2070P C 2070P C3070 C 3070 C3080 C 3080 C3080P C 3080P C4070 C 4070 C4080 C 4080 C83hc C 83hc C2060L C 2060L C3070L C 3070L C4065 C 4065 C4065P C 4065P C1060 C 1060 C1070 C 1070 C1070P C 1070P C71cf C 71cf C71hc C 71hc C1060L C 1060L 190 230 С2060 С2070 С2070Р С3070 С3080 С3080Р С4070 С4080 С83hc С2060L С3070L С4065 С4065Р С1060 С1070 С1070Р С71cf С71hc С1060L,Перенос изображения,"Подшипники, шестерни, втулки","3, грамм",Гарантия на данный товар не предоставляется,,,,,,,,,,,,,,,,,,,,,,,,,,,,,,,,,,,,,,,,
400000024344,"Чип тонер-картриджа  совместим. для лазерных принтеров Kyocera FS-C8600/8650 (TK-8600K), черный (black), 30000стр A4, Tonex",,,1,0,52.95,62.67,"Чип для лазерных принтеров Kyocera FS-C8600, 8650 и картриджей TK-8600K, черный (black). Чип для лазерного картриджа — микросхема памяти, на которой записаны характеристики картриджа. Количество израсходованного тонера, подсчитанное чипом, лишь приблизительно и на момент когда, согласно подсчету, тонер израсходован и печать блокируется, картридж содержит еще около 30% тонера. Таким образом, замена чипа позволяет значительно сэкономить на расходных материалах лазерного принтера.Чип для принтеров Kyocera FS-C8600, 8650",,,,,,,,,,,,,,,,,,,,TK-8600K,"Kyocera FS-C8600, 8650",,Tonex,,,,,,,,,,,,,,,черный (black),,,,,,,,,,,,,,,,,,
400000033787,"Картридж оригинал. Konica Minolta TN321Y A33K250/A33K290, для цветных лазерных принтеров C224/C364, желтый (yellow), 25000стр A4",,,3,0,4790.0,4790.0,,Картридж,,Konica Minolta,оригинальный,,25000,,,"A33K230, A33K270","Konica Minolta Bizhub C224, C224e, C284, C284e, C364, C364e",C224/C364,Konica Minolta bizhub C224 C224e C284 C284e C364 C364e C 224 C 224e C 284 C 284e C 364 C 364e Коника Минолта Минольта Бизхаб Бицхаб replenisher тонер туба флакон порошок краска картриж тонер-картридж,,,"827, грамм",10 месяцев,,,,,,,,TN321Y,A33K290,A33K250,A33K290,желтый (yellow),для цветных лазерных принтеров,527,,Япония,,,,,,,,,,,,,,,,,,,,,,,,
400000026018,"Фотобарабан  совместим. для лазерных принтеров HP LJ M15/28, SGT",,,0,5,121.73,132.31,"Фотобарабан для лазерных принтеров HP LJ M15, M16, M28, M29 и картриджа CF244A. Фотобарабан состоит из металлического цилиндра, на который нанесен фотослой. Фотобарабаны различаются размерами и формой шестерен, обеспечивающих его вращение. На фотобарабане лазер принтера засвечивает области, на которые магнитному валу необходимо нанести тонер. Срок службы фотобарабана зависит от используемых тонера и бумаги.",,,,,,,,,,,,,,,,,,,,CF244A,"HP LJ M15, M16, M28, M29",,Asia,,,,,,,,,,,,,,,,,,,,,,,,,,,,,,,,,
400000025158,"Вал заряда  совместим. для лазерных принтеров HP LJ M104, M132, Булат",,,12,0,87.22,94.8,"Вал заряда для лазерных принтеров HP LJ M104, M132. Вал первичного заряда представляет собой металлическую ось, заключенную в резиновую оболочку. PCR имеют разное строение резинового слоя. Основная задача этой детали зарядка фотобарабана однородным отрицательным зарядом. В некоторых картриджах PCR выполняет функцию своеобразного дворника - очищает фотобарабан от остатков тонера и бумажной пыли. PCR также стирает остаточный заряд, который остался на фотобарабане от предыдущей зарядки. Вал первичного заряда подвержен сильному загрязнению бумажной пылью, поэтому требует регулярной и тщательной чистки.",,,,,,,,,,,,,,,,,,,,,"HP LJ M104, M132",,Булат,,,,,,,,,,,,http://bulatgroup.ru/,,,,,,,,,,,,,,,,,,,,,Вал заряда
400000016596,"Картридж совместимый для цветных лазерных принтеров Canon и HP, RTC CB541A/CE321A/CF211a/C716/C731H, голубой (cyan), с чипом, 1400стр A4, Булат 7Q",,,2,0,863.66,938.76,"Голубой тонер-картридж для принтеров HP Color CP 1210, 1215, 1217, 1510, 1515, 1518, CM 1300, 1312, CM1312NFI, CP1525nw, CM1415fnw,Canon LBP 5050, 5050N, iC MF8030, 8050, 8080cw, заменяющий оригинальные картриджи HP CB541A, CE321A, CF211A, Canon C716, C731H cyan. Тонеры компании Булат для картриджей лазерных принтеров производятся из современного сырья. Это полимеры, применение которых позволяет использовать тонеры в тонер-картриджах для новых скоростных принтеров и копиров. Это магнетиты и зарядорегуляторы, позволяющие получать стабильные результаты качества печати. Все это, плюс технологические приемы, направленные на улучшение структуры и формы частиц тонера, позволяют получить продукт стабильного качества. Все стадии производства тонеров проходят жесткий технологический контроль, готовый продукт всесторонне тестируется. Более 20 параметров подлежат проверке. Компания Булат проводит исследование тонеров во взаимодействии с другими расходными материалами: фотобарабанами, валами первичного заряда и т. д. для наиболее эффективного использования формулировок в дальнейшем.",,,,,,,,,,,,,,,,,,,,,,,Булат,,,,,,,,,,,,http://www.bulatgroup.ru,,RTC CB541A/CE321A/CF211a/C716/C731H с чипом,cyan (голубой),"HP CB541A, CE321A, CF211A, Canon C716, C731H","HP Color CP 1210, 1215, 1217, 1510, 1515, 1518, CM 1300, 1312, CM1312NFI, CP1525nw, CM1415fnw,Canon LBP 5050, 5050N, iC MF8030, 8050, 8080cw",1400,,,,,,,,,,,,,,,
400000032348,"Картридж оригинал. Xerox (Fujifilm) 006R01662/CT201705, для цветных лазерных принтеров C60/C70, желтый (yellow), 34000стр A4",,,0,0,7790.0,7790.0,"Xerox Color C60, C70",Картридж,,Xerox (Fujifilm),оригинальный,,34000,,,006R01658,"Xerox Color C60, C70",C60/C70,"Xerox Color Colour C550, C560, C570; C60, C70; PrimeLink Prime Link C9065, C9070",,,"1430, грамм",10 месяцев,,,,,,,,,CT201705,006R01662,CT201705,желтый (yellow),для цветных лазерных принтеров,638,737,Япония,,,,,,,,,,,,,,,,,,,,,,,,
400000025387,"Чип тонер-картриджа  совместим. для лазерных принтеров Kyocera KM-3050/4050/5050 (TK-715), черный (black), 34000стр A4, Китай",,,2,0,50.0,52.74,"Чип для лазерных принтеров Kyocera KM-3050, KM-4050, KM-5050 и картриджей TK-715. Чип для лазерного картриджа — микросхема памяти, на которой записаны характеристики картриджа. Количество израсходованного тонера, подсчитанное чипом, лишь приблизительно и на момент когда, согласно подсчету, тонер израсходован и печать блокируется, картридж содержит еще около 30% тонера. Таким образом, замена чипа позволяет значительно сэкономить на расходных материалах лазерного принтера.",,,,,,,,,,,,,,,,,,,,TK-715,,,Китай,,,,,,,,,,,,,,,черный,,,,,,"Kyocera KM-3050, KM-4050, KM-5050",,,чип для картриджа,,,,34000,,,,,
400000031923,"Блок фотобарабана (Drum Unit) оригинал. DR-017 для Konica Minolta AccurioPress 6120/6136P, черный (black), A9K1P00",,,3,0,22390.0,22390.0,"Konica Minolta AccurioPress 6120, 6136, 6136P, 6272P, 7120, 7136, 7136P",Блок фотобарабана,Drum Unit,Konica Minolta,оригинальный,DR-017,1200000,черный (black),A9K1P00,не предусмотрено,"Konica Minolta AccurioPress 6120, 6136, 6136P, 6272P, 7120, 7136, 7136P",AccurioPress 6120/6136P,Konica Minolta AccurioPress Accurio Press 6120 6136 6136P 6272P 7120 7136 7136P P Коника Минолта Минольта пресс прес аккурио акурио акку акуриопринт аккуриопринт фотобарабаны фотовал фотовалы фоторецептор фоторецепторы драмы модуль ксерографии,Формирование изображения,Блок фотобарабана,"789, грамм",Гарантия на данный товар не предоставляется,,,,,,,,,,,,,,,,,,,,,,,,,,,,,,,,,,,,,,,,
400000031612,"Блок девелопера (Developer Unit) оригинал. DV-313K для Konica Minolta C258/С368, черный (black), A7U403D",,,3,0,9900.0,9900.0,"Konica Minolta Bizhub 308, 368, C258, C308, C368",Блок девелопера,Developer Unit,Konica Minolta,оригинальный,DV-313K,600000,черный (black),A7U403D,не предусмотрено,"Konica Minolta Bizhub 308, 368, C258, C308, C368",C258/С368,Konica Minolta Bizhub 308 368 C258 C 258 C308 C368 Минолта Минольта бизхаб бицхаб носитель носителя проявка проявки проявления проявитель узел юнит,Формирование изображения,Блок девелопера,"1445, грамм",Гарантия на данный товар не предоставляется,,,,,,,,,,,,,,,,,,,,,,,,,,,,,,,,,,,,,,,,
400000032755,"Картридж совместимый для цветных лазерных принтеров Canon, RTC 718Y, желтый (yellow), с чипом, 2900стр A4, Булат 7Q",,,2,0,1002.76,1089.96,,Картридж совместимый,,Булат 7Q,,,2900,,,,,"Canon LBP7200cdn, LBP7210cdn, LBP7660cdn, LBP7680cx, MF724cdw, MF728cdw, MF8330cdn, MF8340cdn, MF8350cdn, MF8360cdn, MF8380cdw, MF8540cdn, MF8550cdn, MF8580cdw",,,,"628, грамм",Гарантия на данный товар не предоставляется,,,,,,,,RTC 718Y,,,,желтый (yellow),для цветных лазерных принтеров Canon,,,,с чипом,Canon 718 Yellow,https://bulat-group.ru,,,,,,,,,,,,,,,,,,,,,
400000033360,"Коротрон заряда (Charge Corotron) оригинал. для Xerox (Fujifilm) C800/C1000, универсальный, 125K93820/125K05030",,,10,0,15590.0,15590.0,"Xerox Color 800 Press, 800i Press;Xerox Color 1000 Press, 1000i Press",Коротрон заряда,Charge Corotron,Xerox (Fujifilm),оригинальный,не предусмотрено,нет данных,универсальный,125K93820/125K05030,"CT400027, 125K94240, 125K94241","Xerox Color 800, 800i, Color 1000, 1000i Press",C800/C1000,Блок заряда Блок коронного разряда Блок короны заряда Блок коротрона Зарядная корона Зарядная нить Зарядное устройство Зарядный коротрон Коратрон Корона заряда Коронарная проволока Коронарная решетка Коронарный блок Коронарный провод Коронарный узел Коронарный электрод Коронатор Коронатор заряда Коронный провод Коронный разряд Коротон Коротрон Коротрон главного заряда Коротрон заряда Коротрон зарядки Кортрон Нить коротрона Проволока заряда Сетка коротрона Узел заряда Узел коронного заряда Узел коротрона Экранированный коротрон (скоротрон) Charge Corona Unit Charge Corotron Charge Corotron Cartridge Charging Corona Charging Pole Unit Corona Wire Xerox Color 800 800i Color 1000 1000i Digital Press пресс прес колор калор калэр ксерокс чардж чарж,Формирование изображения,"Коротроны, валы заряда","812, грамм",Гарантия на данный товар не предоставляется,,,,,,,,,,,,,,,,,,,,,,,,,,,,,,,,,,,,,,,,
400000022369,"Чип тонер-картриджа  совместим. для лазерных принтеров Xerox Phaser 7500 (106R01446) B, черный (black), 19800стр A4, Tonex",,,2,0,279.48,331.03,"Чип для принтеров Xerox Phaser 7500 и картриджей 106R01446.Чип для картриджа — микросхема памяти, на которой записаны характеристики картриджа. Количество израсходованного тонера, подсчитанное чипом, лишь приблизительно и на момент когда, согласно подсчету, тонер израсходован и печать блокируется, картридж содержит еще около 30% тонера. Таким образом, замена чипа позволяет значительно сэкономить на расходных материалах лазерного принтера.",,,,,,,,,,,,,,,,,,,,106R01446,Xerox Phaser 7500,,Tonex,,,,,,,,,,,,,универсальный,,,,,,,,,,,,,,,,,,,,
400000031827,"Картридж оригинал. Canon T01 8067B001, для цветных лазерных принтеров C60/C910, голубой (cyan), 39000стр A4",,,1,0,9900.0,9900.0,"Canon ImagePress C60, C65, C600, C650, C660, C700, C710, C750, C800, C810, C850, C910",Картридж,,Canon,оригинальный,,39000,,,8067B001AA,"Canon ImagePress C60, C65, C600, C650, C660, C700, C710, C750, C800, C810, C850, C910",C60/C910,"Canon ImagePress Image Press IP C60, C65, C600, C650, C660, C700, C710, C750, C800, C810, C850, C910",,,"1388, грамм",10 месяцев,,,,,,,,T01,8067B001,8067B001,не предусмотрено,голубой (cyan),для цветных лазерных принтеров,1040,,Япония,,,,,,,,,,,,,,,,,,,,,,,,
400000022452,"Чистящее лезвие (Wiper blade)  совместим. для лазерных принтеров HP LJ 2100/2420/P3015/IR-1210, Булат",,,10,0,57.41,68.12,"Ракель для лазерных принтеров НP LaserJet 2100, 2420, P3015, Canon IR-1210.",,,,,,,,,,,,,,,,,,,,,,,Булат,,,,,,,,,,,,,,,,,,,,,,,,Ракель,,,,,"НP LaserJet 2100, 2420, P3015, Canon IR-1210",,,,
400000031420,"Ролик переноса изображения второй верхний (2nd Image Transfer Roller/Upper) оригинал. для Konica Minolta C1060/C71hc, A50U500401",,,7,0,8900.0,8900.01,"Konica Minolta AccurioPress C2060, C2070, C2070P, C3070, C3070P, C3080, C3080P, C4070, C4080, C83hc;AccurioPrint C2060L, C3070L, C4065, C4065P;Bizhub Press C1060, C1070, C1070P, C71cf, C71hc;Bizhub Pro C1060L;AccurioLabel 190, 230",Ролик переноса изображения второй верхний,2nd Image Transfer Roller/Upper,Konica Minolta,оригинальный,не предусмотрено,нет данных,не предусмотрено,A50U500401,нет данных,"Konica Minolta AccurioLabel 190, 230; AccurioPress C2060, C2070, C2070P, C3070, C3080, C3080P, C4070, C4080; AccurioPrint 3070L, C2060L, C4065; Bizhub Press C1060, C1070, C1070P, C71cf, C71hc; Bizhub Pro C1060L",C1060/C71hc,"2nd Image Transfer Roller 2nd ITR ролик 2nd Transfer Roller Вал второго переноса Вал для вторичного переноса Вал переноса Вал переноса изображения Вторичный ролик переноса Вторичный трансферный ролик Второй ролик Второй ролик переноса Второй трансферный ролик Ролик вторичного переноса Ролик вторичного переноса изображения Ролик второго переноса изображения Ролик второго переноса тонера Ролик второго этапа переноса Ролик второго ITR модуля Ролик для передачи изображения Ролик для переноса тонера Ролик для печати Ролик заключительного переноса Ролик переноса Ролик переноса изображения Ролик трансферного узла Ролик финального переноса Трансферный ролик Узел второго переноса Image Transfer Roll Roll Second Transfer Roller Secondary Transfer Roller Transfer Roll Konica Minolta AccurioLabel Accurio Label 190, 230; AccurioPress Accurio Press C2060, C2070, C2070P, C3070, C3080, C3080P, C4070, C4080; AccurioPrint 3070L, C2060L, C4065; Bizhub Press C1060, C1070, C1070P, C71cf, C71hc; Bizhub Pro C1060L Коника Conika Konika Минолта Минольта лейбел лэйбел Акуриолэйбл Аккуриолэйбл Акуриолэйбел Аккуриолэйбел Акуриолэйбэл Аккуриолэйбэл Акурио лэйбл Аккурио лэйбл Акурио лэйбел Аккурио лэйбел Акурио лэйбэл Аккурио лэйбэл Акку Аку Акурио Акуриопресс Аккуриопресс Акуриопрес Аккуриопрес Акурио пресс Аккурио пресс Акурио прес Аккурио прес Акку Аку Акурио Акуриопринт Аккуриопринт Акурио принт Аккурио принт бицхаб бизхаб 190 230 C 2060 C 2070 C 2070P C 3070 C 3080 C 3080P C 4070 C 4080 C 3070L C 2060L C 4065 C 1060 C 1070 C 1070P C 6000 C 7000 C 7000P C 71hc C 1060L С2060 С2070 С2070Р С3070 С3080 С3080Р С4070 С4080 С3070L С2060L С4065 С1060 С1070 С1070Р С6000 С7000 С7000Р С71hc С1060L",Перенос изображения,Ролики переноса,"222, грамм",Гарантия на данный товар не предоставляется,,,,,,,,,,,,,,,,,,,,,,,,,,,,,,,,,,,,,,,,
400000031400,"Картридж оригинал. Konica Minolta TN-616C A1U9430/A1U9450, для цветных лазерных принтеров C6000/C7000, голубой (cyan), 41800стр A4",,,15,0,6990.0,6990.0,"Bizhub Press C6000, C7000, C7000PBizhub Pro C6000L",Картридж,,Konica Minolta,оригинальный,,41800,,,"A1U9452, A1U9430, A1U9432, A1U9433, A1U9453, A1U9460, A1U94D0, A1U94D2, A1U94D3","Konica Minolta Bizhub Press C6000, C7000, C7000P, Bizhub Pro C6000L",C6000/C7000,Konica Minolta Bizhub Press C6000 C6000L C7000 C7000P 6000 C 6000L 7000 7000P Коника Минольта Минолта Бизхуб Бицхаб Пресс replenisher туба флакон порошок краска,,,"1170, грамм",10 месяцев,,,,,,,,TN-616C,A1U9433,A1U9430,A1U9450,голубой (cyan),для цветных лазерных принтеров,850,,Япония,,,,,,,,,,,,,,,,,,,,,,,,
400000031206,"Девелопер (Developer) оригинал. DV-613Y для Konica Minolta C8000, желтый (yellow), A1DY700",,,2,0,11790.0,11790.0,Konica Minolta Bizhub Press C8000,Девелопер,Developer,Konica Minolta,оригинальный,DV-613Y,300000,желтый (yellow),A1DY700,не предусмотрено,Konica Minolta Bizhub Press C8000,C8000,Konica Minolta Bizhub PRESS C8000 C 8000 Коника Минолта Минольта бизхаб бицхаб пресс про девелопер проявитель проявителя проявка,Формирование изображения,Девелоперы,"1300, грамм",Гарантия на данный товар не предоставляется,,,,,,,,,,,,,,,,,,,,,,,,,,,,,,,,,,,,,,,,
400000030365,"Картридж(уценка) оригинал. HP 24A Q2624A, для ч/б лазерных принтеров LJ1150, черный (black), 2500стр A4",,,2,0,590.0,660.61,HP LaserJet 1150,,,,,,,,,,,,,,,"750, грамм",10 месяцев,,,,,,,,,,,,,,,,,,,,,,,,,,,,,,,,,,,,,,,,
400000032976,"Картридж оригинал. Xerox 006R01531/CT201704, для цветных лазерных принтеров C550/C570, пурпурный (magenta), 32000стр A4",,,106,0,6790.0,6790.0,"Xerox Primelink C550/C560/C570Внимание, для работы картриджа в МФУ требуется заменачипа!",Картридж,,Xerox,оригинальный,,32000,,,"006R01527, 006R01736, CT201588","Xerox Color C550, C560, C570",C550/C570,Xerox Color Colour C550 C560 C570 C60 C70 C 550 C 560 C 570 C 60 C 70 PrimeLink Prime Link C9065 C9070  C 9065 C 9070 Праймлинк колор калэр калор colour пресс ксерокс тонер туба replenisher краска,,,"1315, грамм",10 месяцев,,,,,,,,не предусмотрено,006R01527,006R01531,CT201704,пурпурный (magenta),для цветных лазерных принтеров,638,737,США,,,,,,,,,,,,,,,,,,,,,,,,
400000028961,"Картридж совместимый для ч/б лазерных принтеров Brother, RTC TN1075, черный (black), с чипом, 1000стр A4, Булат 7Q",,,3,0,381.15,414.29,,Картридж совместимый,,Булат 7Q,,,1000,,,,,"Brother DCP-1510R, Brother DCP-1512R, Brother DCP-1610WR, Brother DCP-1612WR, Brother HL-1110R, Brother HL-1112R, Brother HL-1210WR, Brother HL-1212WR, Brother MFC-1810R, Brother MFC-1815R, Brother MFC-1912WR",,,,"383, грамм",Гарантия на данный товар не предоставляется,,,,,,,,RTC TN1075,,,,черный (black),для ч/б лазерных принтеров Brother,,,,с чипом,TN-1075,https://bulatgroup.ru/,,,,,,,,,,,,,,,,,,,,,
400000031841,"Девелопер (Developer) оригинал. для Xerox C550/DC770, черный (black), 675K76190",,,21,0,3990.0,3990.0,,Девелопер,Developer,Xerox,оригинальный,не предусмотрено,1500000,черный (black),675K76190,"005R00730, 505S00030","Xerox Color 550, 560, 570, C75, J75, C60, C70; DCP 700, 700i, 770, PrimeLink C9065, C9070",C550/DC770,Xerox Color 550 560 570 C75 J75 C60 C70 DCP 700 700i 770 PrimeLink Prime colour color праймлинк ксерокс колор калор docu DocuColor доку,Формирование изображения,Девелоперы,"497, грамм",Гарантия на данный товар не предоставляется,,,,,,,,,,,,,,,,,,,,,,,,,,,,,,,,,,,,,,,,
400000024115,"Картридж оригинал. Konica Minolta TN-616Y A1U9230/A1U9250, для цветных лазерных принтеров C6000/C7000, желтый (yellow), 31000стр A4",,,4,0,5900.0,5899.99,"Bizhub Press C6000, C7000, C7000PBizhub Pro C6000L",Картридж,,Konica Minolta,оригинальный,,31000,,,"A1U9252, A1U9232, A1U9233, A1U9253, A1U9230, A1U9260, A1U92D0, A1U92D2, A1U92D3","Konica Minolta Bizhub Press C6000, C7000, C7000P, Bizhub Pro C6000L",C6000/C7000,Konica Minolta Bizhub Press C6000 C6000L C7000 C7000P 6000 C 6000L 7000 7000P Коника Минольта Минолта Бизхуб Бицхаб Пресс replenisher туба флакон порошок краска,,,"957, грамм",10 месяцев,,,,,,,,TN-616Y,A1U9250,A1U9230,A1U9250,желтый (yellow),для цветных лазерных принтеров,630,,Япония,,,,,,,,,,,,,,,,,,,,,,,,
400000032832,"Картридж оригинал. Konica Minolta TN-620C A3VX451/A3VX481, для цветных лазерных принтеров C1060L/C4065, голубой (cyan), 70000стр A4",,,29,0,8690.0,8689.99,,Картридж,,Konica Minolta,оригинальный,,70000,,,"A3VX431, A3VX456, A3VX454, A3VX458","Konica Minolta Bizhub Pro C1060L; AccurioPrint C2060L, C3070L, C4065, C4065P",C1060L/C4065,Konica Minolta Bizhub Pro C1060L AccurioPrint 3070L C2060L C4065 C 1060L  C 2060L C 4065 Коника Минолта Минольта Бизхаб Бицхаб пресс про Акурио Аккурио replenisher тонер туба флакон порошок краска,,,"1505, грамм",10 месяцев,,,,,,,,TN-620C,A3VX481,A3VX451,A3VX481,голубой (cyan),для цветных лазерных принтеров,1100,,Япония,,,,,,,,,,,,,,,,,,,,,,,,
400000033651,"Ролик переноса изображения второй в сборе (2nd BTR Bias Transfer Roller Assembly) оригинал. для Xerox (Fuji Xerox) Color 800/1000, 064K94650",,,2,0,58900.0,58900.0,,Ролик переноса изображения второй в сборе,2nd BTR Bias Transfer Roller Assembly,Xerox (Fuji Xerox),оригинальный,не предусмотрено,500000,не предусмотрено,064K94650,"064K93140, 064K93141, 064K93142, 064K93143, 064K93144, 064K93145, 064K93146, 064K93147, 064K93148, 064K94651, 064K94652, 064K94653, 064К94659, 544P25125, 622S00721","Xerox Color 800, 800i, Color 1000, 1000i Press",Color 800/1000,"Вал вторичного переноса Вал для вторичного переноса Вал переноса изображения Второй ролик переноса Ролик вторичного переноса Ролик второго переноса изображения Ролик второго BTR модуля Ролик для передачи изображения Ролик для переноса тонера Ролик для печати Ролик переноса изображения Ролик трансферного узла Ролик финального переноса Ролик BTR Трансферный ролик Узел второго переноса assy в сборе узел переноса узел ролика 2-го переноса блок второго переноса BTR ролик BTR Assembly Image Transfer Roller Second Transfer Roller Secondary Transfer Roller C800 C1000 С800 С1000 Ксерокс Диджитал Пресс Xerox Color 800, 800i, Color 1000, 1000i Press пресс прес колор калор калэр",Перенос изображения,Ролики переноса,"4150, грамм",Гарантия на данный товар не предоставляется,,,,,,,,,,,,,,,,,,,,,,,,,,,,,,,,,,,,,,,,
400000030969,"Картридж оригинал. Xerox 006R01637/CT202228, для цветных лазерных принтеров Versant 2100/4100, желтый (yellow), 55000стр A4",,,78,0,11880.0,11880.0,"Xerox Versant Press 2100, 3100, 3100i, 4100",Картридж,,Xerox,оригинальный,,55000,,,CT202224,"Xerox Versant Press 2100, 3100, 3100i, 4100",Versant 2100/4100,Xerox Versant Press 2100 3100 3100i 4100 v2100 v3100 v3100i v4100 версант пресс ксерокс тонер туба replenisher краска,,,"2645, грамм",10 месяцев,,,,,,,,не предусмотрено,006R01633,006R01637,CT202228,желтый (yellow),для цветных лазерных принтеров,нет данных,1740,США,,,,,,,,,,,,,,,,,,,,,,,,
400000031442,"Картридж оригинал. Xerox 006R01660/CT201703, для цветных лазерных принтеров C60/70, голубой (cyan), 34000стр A4",,,7,0,6790.0,6790.0,"Xerox Color C60/70;Внимание, для работы картриджа на Xerox Color C60/C70 требуется заменачипа!",Картридж,,Xerox,оригинальный,,34000,,,006R01656,"Xerox Color C60, C70",C60/70,Xerox Color Colour C550 C560 C570 C60 C70 C 550 C 560 C 570 C 60 C 70 PrimeLink Prime Link C9065 C9070 C 9065 C 9070 Праймлинк колор калэр калор colour пресс ксерокс тонер туба replenisher краска,,,"1315, грамм",10 месяцев,,,,,,,,не предусмотрено,006R01528,006R01660,CT201703,голубой (cyan),для цветных лазерных принтеров,638,737,США,,,,,,,,,,,,,,,,,,,,,,,,
400000031972,"Чип тонер-картриджа совместим. 006R01529 для Xerox C550/C570, черный (black)",,,617,0,200.0,200.0,"Xerox Color C550, C560, C570",Чип тонер-картриджа,не предусмотрено,Xerox,совместимый,006R01529,30000,черный (black),не предусмотрено,не предусмотрено,"Xerox Color C550, C560, C570",C550/C570,Xerox Color Colour C550 C560 C570,Прочее,Чипы,"1, грамм",Гарантия на данный товар не предоставляется,JDY,,,,,,,,,,,,,,,,,,,,,,,,,,,,,,,,,,,,,,,
400000021871,"Электромагнитная муфта (Clutch) оригинал. для Konica Minolta C224/C658, A02EM20100",,,6,0,1390.0,1390.0,"Konica Minolta Bizhub 224e, 284e, 300i, 308, 308e, 360i, 364e, 368, 368e, 450i, 454e, 458, 458e, 550i, 554e, 558, 558e, 650i, 658e, 750i; C203, C220, C224, C224e, C250i, C253, C258, C280, C284, C284e, C300i, C308, C353, C353P, C360, C360i, C364, C364e, C368, C450i, C454, C454e, C458, C550i, C554, C554e, C558, C650i, C658, C750i; Magicolor MC8650",Электромагнитная муфта,Clutch,Konica Minolta,оригинальный,не предусмотрено,нет данных,не предусмотрено,A02EM20100,не предусмотрено,"Konica Minolta Bizhub 224e, 284e, 300i, 308, 308e, 360i, 364e, 368, 368e, 450i, 454e, 458, 458e, 550i, 554e, 558, 558e, 650i, 658e, 750i; C203, C220, C224, C224e, C250i, C253, C258, C280, C284, C284e, C300i, C308, C353, C353P, C360, C360i, C364, C364e, C368, C450i, C454, C454e, C458, C550i, C554, C554e, C558, C650i, C658, C750i; Magicolor MC8650",C224/C658,Ключевые слова	Деталь привода подачи бумаги Клатч для подачи бумаги Клатч подачи бумаги Компонент системы транспортировки бумаги Муфта блока подачи бумаги Муфта бумажного тракта Муфта бумажной подачи Муфта включения подачи Муфта движущая Муфта для бумажного механизма Муфта для движения бумаги Муфта для подачи в принтер Муфта для подачи листов Муфта для подающего узла Муфта для протяжки листов Муфта драйвера подачи бумаги Муфта захвата Муфта захвата бумаги Муфта конвейера бумаги Муфта лотка подачи бумаги Муфта механизма подачи Муфта передачи Муфта подачи Муфта подачи бумаги Муфта подачи для лотка Муфта подачи из лотка Муфта подачи листов Муфта подачи листов Муфта подающего механизма Муфта подающего ролика Муфта привода Муфта привода Муфта привода бумаги Муфта привода захвата Муфта привода лотка Муфта привода лотка Муфта привода подачи Муфта привода подачи бумаги Муфта привода подающего вала Муфта привода ролика Муфта привода роликов подачи Муфта привода тракта Муфта привода транспортировки Муфта привода Konica Minolta Муфта привода PF (Paper Feed) Муфта протяжки Муфта протяжная Муфта роликов подачи Муфта сцепления Муфта транспортировки Муфта транспортировки Муфта транспортировки бумаги Муфта узла захвата бумаги Муфта узла подачи Муфта управления подачей Муфта фрикционная подачи бумаги Муфта электромагнитная Муфта электромагнитная Узел электромагнитной муфты подачи Электро-муфта Электромагнитное сцепление Электромагнитный клатч Электромагнитный механизм подачи Электромагнитный привод Электромеханическая муфта подачи бумаги Электромуфта подачи бумаги Clutch Assembly Drive Clutch Driving Clutch Driving Clutch Electromagnetic Clutch Electromagnetic Drive Clutch Feed Clutch Feed Drive Clutch Input Clutch Intermediate conveyance clutch /1 Intermediate conveyance clutch /2 Intermediate conveyance clutch /3 Intermediate conveyance clutch/1 (CL5) Intermediate conveyance clutch/2 (CL6) Intermediate conveyance clutch/3 (CL7) LCT feed clutch Paper Feed Clutch Paper feed clutch/1 (CL1) Paper feed clutch/2 (CL2) Paper feed clutch/3 (CL3) Paper Feed Drive Clutch Paper Feed Driving Clutch Paper Feeding Clutch Paper Handling Clutch Paper Pickup Clutch Paper Transport Clutch Pre-registration clutch /1 Pre-registration clutch /2 Pre-registration clutch /3 Registration clutch Transport Clutch Коника Минолта Минольта бицхаб бизхаб Magic Color Magic Colour Мэджик Колор Мэджик калэр 224 e 284e 300i 308 30 e 360i 364e 368 368e 450i 454e 458 458e 550i 554e 558 558e 650i 658 e 750i C 203 C 220 C 224 C 224e C 250i C 253 C 258 C 280 C 284 C 284e C 300i C 308 C 353 C 353 P C 360 C 360i C 364 C 364e C 368 C 450i C 454 C 454e C 458 C 550 i C 554 C 554e C 558 C 650i C 658 C 750i MC 8650 224е 284е 308е 364е 368е 454е 458е 554е 558е 658е С203 С220 С224 С224е С253 С258 С280 С284 С284е С308 С353 С353Р С360 С364 С364е С368 С454 С454е С458 С554 С554е С558 С658 МС8650,Прочее,Муфты,"32, грамм",Гарантия на данный товар не предоставляется,,,,,,,,,,,,,,,,,,,,,,,,,,,,,,,,,,,,,,,,
400000031440,"Картридж оригинал. Xerox 006R01740/CT201704, для цветных лазерных принтеров C9065/C9070, пурпурный (magenta), 30000стр A4",,,9,0,6790.0,6790.0,"Xerox Primelink C9065/C9070Внимание, для работы картриджа на Xerox Color C9065/C9070 требуется заменачипа!",Картридж,,Xerox,оригинальный,,30000,,,"006R01736, CT201588","Xerox PrimeLink C9065, C9070",C9065/C9070,Xerox Color Colour C550 C560 C570 C60 C70 C 550 C 560 C 570 C 60 C 70 PrimeLink Prime Link C9065 C9070 C 9065 C 9070 Праймлинк колор калэр калор colour пресс ксерокс тонер туба replenisher краска,,,"1315, грамм",10 месяцев,,,,,,,,не предусмотрено,006R01527,006R01740,CT201704,пурпурный (magenta),для цветных лазерных принтеров,638,737,США,,,,,,,,,,,,,,,,,,,,,,,,
400000031427,"Фильтр тонера (Toner Filter) оригинал. для Konica Minolta C454/C750i, A7AHR726FR",,,8,0,2990.0,2989.99,"Konica Minolta Bizhub 227, 287, 367, 450i, 454, 454E, 458, 458E, 554E, 558, 558E, 650i, 658E, 750i, C450i, C454, C454E, C458, C550i, C554, C554E, C558, C650i, C658, C750i",Фильтр тонера,Toner Filter,Konica Minolta,оригинальный,не предусмотрено,нет данных,не предусмотрено,A7AHR726FR,"A7AHR72600, A161R72811, A161R72800","Konica Minolta Bizhub 227, 287, 367, 450i, 454, 454E, 458, 458E, 554E, 558, 558E, 650i, 658E, 750i, C450i, C454, C454E, C458, C550i, C554, C554E, C558, C650i, C658, C750i",C454/C750i,Тонерный фильтр Фильтр блока тонера Фильтр для тонера Фильтр отработанного тонера Фильтр отходов тонера Фильтр пыли тонера Фильтр тонерного бункера Фильтр тонерного картриджа Фильтр тонерного отсека Фильтр тонерной пыли Фильтр тонерной системы Фильтрующий элемент тонера Фильтры Dustproof filter Toner Collection Filter Toner Dust Filter Konica Minolta Bizhub 227 287 367 454E 458 554E 558 750i C450i C454 C454E C458 C550i C554 C554E C558 C650i C658 C750i 454E 554E 750i C 450i C 454 C 454E C 458 C 550i C 554 C 554E C 558 C 650i C 658 C 750i 454Е 554Е 750i С450i С454 С454Е С458 С550i С554 С554Е С558 С650i С658 С750i,Прочее,Фильтры,"136, грамм",Гарантия на данный товар не предоставляется,,,,,,,,,,,,,,,,,,,,,,,,,,,,,,,,,,,,,,,,
400000022275,"Чип тонер-картриджа  совместим. для лазерных принтеров Oki B2200\2400 (43640302), черный (black), 2000стр A4, Китай",,,2,0,64.42,78.43,"Чип для лазерных принтеровOki B2200, 2400, и картриджей 43650302.Чип для лазерного картриджа — микросхема памяти, на которой записаны характеристики картриджа. Количество израсходованного тонера, подсчитанное чипом, лишь приблизительно и на момент когда, согласно подсчету, тонер израсходован и печать блокируется, картридж содержит еще около 30% тонера. Таким образом, замена чипа позволяет значительно сэкономить на расходных материалах лазерного принтера.",,,,,,,,,,,,,,,,,,,,43650302,"Oki B2200, 2400",,noname,,,,,,,,,,,,,универсальный,,,,,,,,,,,,,,,,,,,,
400000032153,"Картридж оригинал. Konica Minolta TN-328C AAV8430/AAV8450, для цветных лазерных принтеров C250i/C360i, голубой (cyan), 28000стр A4",,,1,0,6690.0,6690.01,"Konica Minolta Bizhub C250i, C300i, C360i",Картридж,,Konica Minolta,оригинальный,,28000,,,AAV8490,"Konica Minolta Bizhub C250i, C300i, C360i",C250i/C360i,"Konica Minolta Bizhub C250i, C300i, C360i, С250, C300, C360",,,"770, грамм",10 месяцев,,,,,,,,TN-328C,AAV8470,AAV8430,AAV8450,голубой (cyan),для цветных лазерных принтеров,486,,Япония,,,,,,,,,,,,,,,,,,,,,,,,
400000033720,"Подшипник скольжения (Transfer Power Bushing) оригинал. для Konica Minolta C1070/C7000, 65AA26380",,,11,0,690.0,690.0,"AccurioPress C12000, C2060, C2070, C2070P, C3070, C3080, C3080P, C4070, C4080, C6085, C6100, C7090, C7100, C83hc;AccurioPrint C2060L, C3070L, C4065, C4065P;bizhub PRESS C1060, C1070, C1070P, C1085, C1100, C6000, C7000, C7000P, C70hc, C71cf, C71hc, C8000;bizhub PRO C1060L, C5501, C6000L, C6501, C65hc;AccurioLabel 190, 230",Подшипник скольжения,Transfer Power Bushing,Konica Minolta,оригинальный,не предусмотрено,3000000,не предусмотрено,65AA26380,нет данных,"AccurioPress C12000, C2060, C2070, C2070P, C3070, C3080, C3080P, C4070, C4080, C6085, C6100, C7090, C7100, C83hc; AccurioPrint C2060L, C3070L, C4065, C4065P; bizhub PRESS C1060, C1070, C1070P, C1085, C1100, C6000, C7000, C7000P, C70hc, C71cf, C71hc, C8000; bizhub PRO C1060L, C5501, C6000L, C6501, C65hc, AccurioLabel 190, 230",C1070/C7000,Запчасть Transfer Power Bushing Втулка скольжения Подшипник трансферного ролика Втулка трансферного вала Подшипник переноса Бушинг трансфера Transfer Roller Bearing Втулка подшипника Подшипник вала переноса Трансферная втулка Подшипник второго переноса Скользящая втулка Вкладыш подшипника Трансферный подшипник Роликоподшипник Втулка для вала Подшипник скольжения вала ВТ Бушинг для принтера Подшипник узла переноса Скользящий элемент Опорный подшипник Направляющая втулка Пластиковая втулка ШП Konica Кoника Minolta Минолта Минольта Bizhub бицхаб бизхаб Press Прес AccurioPress Акку Аку Акурио Акуриопресс Аккуриопресс Акуриопрес Аккуриопрес Акурио пресс Аккурио пресс Акурио прес Аккурио прес AccurioPrint Акку Аку Акурио Акуриопринт Аккуриопринт Акурио принт Аккурио принт PRO Про AccurioLabel лейбел лэйбел Акуриолэйбл Аккуриолэйбл Акуриолэйбел Аккуриолэйбэл Акурио лэйбл Аккурио лэйбел Аккурио лэйбэл C12000 C 12000 C2060 C 2060 C2070 C 2070 C2070P C 2070P C3070 C 3070 C3080 C 3080 C3080P C 3080P C4070 C 4070 C4080 C 4080 C6085 C 6085 C6100 C 6100 C7090 C 7090 C7100 C 7100 C83hc C 83hc C2060L C 2060L C3070L C 3070L C4065 C 4065 C4065P C 4065P C1060 C 1060 C1070 C 1070 C1070P C 1070P C1085 C 1085 C1100 C 1100 C6000 C 6000 C7000 C 7000 C7000P C 7000P C70hc C 70hc C71cf C 71cf C71hc C 71hc C8000 C 8000 C1060L C 1060L C5501 C 5501 C6000L C 6000L C6501 C 6501 C65hc C 65hc 190 230 С12000 С2060 С2070 С2070Р С3070 С3080 С3080Р С4070 С4080 С6085 С6100 С7090 С7100 С83hc С2060L С3070L С4065 С4065Р С1060 С1070 С1070Р С1085 С1100 С6000 С7000 С7000Р С70hc С71cf С71hc С8000 С1060L С5501 С6000L С6501 С65hc,Перенос изображения,"Подшипники, шестерни, втулки","2, грамм",Гарантия на данный товар не предоставляется,,,,,,,,,,,,,,,,,,,,,,,,,,,,,,,,,,,,,,,,
400000032942,"Чип тонер-картриджа  совместим. для лазерных принтеров W1106A/106A (5k), черный (black), 5000стр A4, HP",,,23,0,90.0,90.0,,Чип тонер-картриджа,,HP,совместимый,W1106A/106A (5k),5000,черный (black),,,,,HP LJ 107/135/137,,,"1, грамм",Гарантия на данный товар не предоставляется,JDY,W1106A/106A (5k),Чипы,,,,,,,,,,,,,,,,,,,,,,,,,,,,,,,,,,,,,
400000025325,"Картридж совместимый для ч/б лазерных принтеров Kyocera, TK-1200, черный (black), с чипом, 3000стр A4, Булат S-Line",,,1,2,724.89,787.92,"Черный тонер-картридж для принтеров Kyocera P2335, M2335, M2735, M2835, заменяющий оригинальный картридж TK 1200.Тонеры компании Булат для картриджей лазерных принтеров производятся из современного сырья. Это полимеры, применение которых позволяет использовать тонеры в тонер-картриджах для новых скоростных принтеров и копиров. Это магнетиты и зарядорегуляторы, позволяющие получать стабильные результаты качества печати. Все это, плюс технологические приемы, направленные на улучшение структуры и формы частиц тонера, позволяют получить продукт стабильного качества. Все стадии производства тонеров проходят жесткий технологический контроль, готовый продукт всесторонне тестируется. Более 20 параметров подлежат проверке. Компания Булат проводит исследование тонеров во взаимодействии с другими расходными материалами: фотобарабанами, валами первичного заряда и т. д. для наиболее эффективного использования формулировок в дальнейшем.",,,,,,,,,,,,,,,,,,,,,,,Булат,,,,,,,,,,,,http://www.bulatgroup.ru/,,TK 1200,Black (черный),TK 1200,"Kyocera P2335, M2335, M2735, M2835",3000,,,,,,,,,,,,,,,
400000031925,"Картридж оригинал. Xerox (Fujifilm) 006R01380/CT202102, для цветных лазерных принтеров DC700/C75, голубой (cyan), 22000стр A4",,,95,0,7190.0,7189.99,"Xerox Digital Color Press 700, 700i, 770; Color С75, J75",Картридж,,Xerox (Fujifilm),оригинальный,,22000,,,"006R01376, 006R01384, CT201244, CT201206, CT201273","Xerox Digital Color Press 700, 700i, 770; Color С75, J75",DC700/C75,Xerox DocuColor 700 700i 770 DC700 DC700i DC770 DC 700 DC 700i DC 770 С75 J75 С 75 J 75 доку колор калор калэр диджитал дижитал дигитал пресс прес ксерокс картридж тонер порошок туба краска replenisher,,,"1, грамм",10 месяцев,,,,,,,,не предусмотрено,CT202102,006R01380,CT202102,голубой (cyan),для цветных лазерных принтеров,638,737,Япония,,,,,,,,,,,,,,,,,,,,,,,,
400000031548,"Картридж оригинал. Konica Minolta TN-615K A1DY130/A1DY150, для цветных лазерных принтеров C8000, черный (black), 91000стр A4",,,24,0,7690.0,7690.0,Konica Minolta Bizhub Press C8000,Картридж,,Konica Minolta,оригинальный,,91000,,,не предусмотрено,Konica Minolta Bizhub Press C8000,C8000,Konica Minolta Bizhub PRESS C8000,,,"1997, грамм",10 месяцев,,,,,,,,TN-615K,A1DY150,A1DY130,A1DY150,черный (black),для цветных лазерных принтеров,1505,,Япония,,,,,,,,,,,,,,,,,,,,,,,,
400000022273,"Вал заряда  совместим. для лазерных принтеров Samsung ML-1500, 1510, 1710, 1740, 1750, Китай",,,7,0,124.22,134.75,"Вал заряда для лазерных принтеровSamsung ML-1500, 1510, 1710, 1740, 1750и картриджейML-1710D3.Вал первичного заряда представляет собой металлическую ось, заключенную в резиновую оболочку. PCR имеют разное строение резинового слоя. Основная задача этой детали зарядка фотобарабана однородным отрицательным зарядом. В некоторых картриджах PCR выполняет функцию своеобразного дворника - очищает фотобарабан от остатков тонера и бумажной пыли. PCR также стирает остаточный заряд, который остался на фотобарабане от предыдущей зарядки. Вал первичного заряда подвержен сильному загрязнению бумажной пылью, поэтому требует регулярной и тщательной чистки.",,,,,,,,,,,,,,,,,,,,ML-1710D3,"Samsung ML-1500, 1510, 1710, 1740, 1750",,noname,,,,,,,,,,,,,,,,,,,,,,,,,,,,,,,,,
400000027258,"Картридж совместимый для ч/б лазерных принтеров Canon и HP, RTC CF218A, черный (black), без чипа, 1400стр A4, Булат S-Line",,,2,0,376.91,409.68,"Черный тонер-картридж для принтеров HP LaserJet Pro M104, M132 заменяющий оригинальные картриджи CF218A.",Картридж совместимый,,Булат S-Line,,,1400,,,,,"HP LaserJet Pro M104, M132",,,,"457, грамм",Гарантия на данный товар не предоставляется,,,,,,,,RTC CF218A,,,,черный (black),для ч/б лазерных принтеров Canon и HP,,,,без чипа,CF218A,www.bulatgroup.ru,,,,,,,,,,,,,,,,,,,,,
400000031438,"Картридж оригинал. Xerox 006R01659/CT201586, для цветных лазерных принтеров C60/70, черный (black), 30000стр A4",,,4,0,6790.0,6790.0,"Xerox Color C60/70;Внимание, для работы картриджа на Xerox Color C60/C70 требуется заменачипа!",Картридж,,Xerox,оригинальный,,30000,,,CT201702,"Xerox Color C60, C70",C60/70,Xerox Color Colour C550 C560 C570 C60 C70 C 550 C 560 C 570 C 60 C 70 PrimeLink Prime Link C9065 C9070 C 9065 C 9070 Праймлинк колор калэр калор colour пресс ксерокс тонер туба replenisher краска,,,"1410, грамм",10 месяцев,,,,,,,,не предусмотрено,006R01525,006R01659,CT201586,черный (black),для цветных лазерных принтеров,638,780,США,,,,,,,,,,,,,,,,,,,,,,,,
400000030017,"Вал заряда  совместим. для лазерных принтеров HP LaserJet P1005, P1006, P1505 (soft), Булат",,,10,20,71.73,77.97,"Вал первичного заряда представляет собой металлическую ось, заключенную в резиновую оболочку. PCR имеют разное строение резинового слоя. Основная задача этой детали зарядка фотобарабана однородным отрицательным зарядом. В некоторых картриджах PCR выполняет функцию своеобразного дворника - очищает фотобарабан от остатков тонера и бумажной пыли. PCR также стирает остаточный заряд, который остался на фотобарабане от предыдущей зарядки. Вал первичного заряда подвержен сильному загрязнению бумажной пылью, поэтому требует регулярной и тщательной чистки.Вал заряда для принтеров HP LaserJet P1005, P1006, P1505, M1120, M1522",Вал заряда,,Булат,совместимый,"HP LaserJet P1005, P1006, P1505 (soft)",нет данных,не предусмотрено,,,,,"HP LaserJet P1005, P1006, P1505, M1120, M1522",,,"25, грамм",Гарантия на данный товар не предоставляется,Булат,"HP CB435A, CB436A, CE278A, CF283A, CE285A, CF283X, CE285L, Canon 712, 713",Валы заряда и коротроны,,,,,,,,,,,,,,,,,,,,,,,,,,,,,,,,,,,,,
400000031837,"Блок фотобарабана (Drum Unit) оригинал. для Xerox (Fujifilm) C560/C70, цветной (голубой, пурпурный, желтый/cyan, magenta, yellow), CT350868 (013R00664)",,,36,0,15380.0,15380.0,"Внимание! Для работы фотобарабана требуется замена чипа!Чип для Xerox Color C550, C560, C570, C60, C70; PrimeLink C9065, C9070Чип для Color C75, J75;Чип для Digital Color Press DC700, DC700i, DC770;",Блок фотобарабана,Drum Unit,Xerox (Fujifilm),оригинальный,не предусмотрено,85000,"цветной (голубой, пурпурный, желтый/cyan, magenta, yellow)",CT350868 (013R00664),CT350888,"Xerox Color C550, C560, C570; C60, C70; C75, J75; PrimeLink C9065, C9070;  Digital Color Press DC700, DC700i, DC770;",C560/C70,Xerox Color Colour C550 C560 C570 CC60 C70 C75 J75 C 550 C 560 C 570 C 60 C 70 C 75 J 75  PrimeLink Prime Link C9065 C9070 Digital Color Press DC700 DC700i Фотобарабан Drum барабан барабаны фотовал фоторецептор фоторецепторы ксерографии драмы Unit блок модуль узел Xerox Ксероркс Color колор калэр калор PrimeLink Праймлинк Прайм линк Digital Диджитал Дигитал Press Пресс Прес,Формирование изображения,Блок фотобарабана,"1161, грамм",Гарантия на данный товар не предоставляется,,,,,,,,,,,,,,,,,,,,,,,,,,,,,,,,,,,,,,,,
400000031511,"Девелопер (Developer) оригинал. DV-616K для Konica Minolta C1085/C6100, черный (black), A5E7600",,,4,0,23690.0,20349.89,"Konica Minolta Bizhub Press C1085, C1100; AccurioPress C6085, C6100",Девелопер,Developer,Konica Minolta,оригинальный,DV-616K,850000,черный (black),A5E7600,не предусмотрено,"Konica Minolta Bizhub Press C1085, C1100; AccurioPress C6085, C6100",C1085/C6100,Konica Minolta Bizhub Press C1085 C1100 C 1085 C 1100 AccurioPress Accurio Acurio C6085 C6100 C 6085 C 6100 Коника Минолта Минольта бизхаб бицхаб пресс про акку пресс аккурио акурио акуриопресс девелопер проявитель проявителя проявка,Формирование изображения,Девелоперы,"737, грамм",Гарантия на данный товар не предоставляется,,,,,,,,,,,,,,,,,,,,,,,,,,,,,,,,,,,,,,,,
400000031873,"Картридж оригинал. Xerox (Fujifilm) 006R01646/CT202292, для цветных лазерных принтеров Versant 80/280, черный (black), 17000стр A4",,,127,0,5990.0,5990.01,"Xerox Versant 80, 180, 280 Press",Картридж,,Xerox (Fujifilm),оригинальный,,17000,,,"006R01638, 006R01642, 006R01845, CT202280, CT202284, CT202288, CT202292, CT202296, CT202300, CT203442","Xerox Versant 80, 180, 280 Press",Versant 80/280,Xerox Versant 80 180 280 Press Ксерокс Версант вёрсант пресс туба тонер порошок краска репленишер replenisher,,,"1370, грамм",10 месяцев,,,,,,,,не предусмотрено,CT202292,006R01646,CT202292,черный (black),для цветных лазерных принтеров,638,695,Китай,,,,,,,,,,,,,,,,,,,,,,,,
400000022278,"Фотобарабан  совместим. для лазерных принтеров Xerox WC 5019/5021, Tonex",,,1,0,764.52,906.35,"Фотобарабан для лазерных принтеров Xerox WorkCentre 5019, 5021 и картриджей Xerox 006R01573.Фотобарабан состоит из металлического цилиндра, на который нанесен фотослой. Фотобарабаны различаются размерами и формой шестерен, обеспечивающих его вращение. На фотобарабане лазер принтера засвечивает области, на которые магнитному валу необходимо нанести тонер. Срок службы фотобарабана зависит от используемых тонера и бумаги.",,,,,,,,,,,,,,,,,,,,Xerox 006R01573,"Xerox WorkCentre 5019, 5021",,Tonex,,,,,,,,,,,,,,,,,,,,,,,,,,,,,,,,,
400000016407,"Вал магнитный (в сборе)  совместим. для лазерных принтеров HP LJ1010, Китай",,,93,0,54.3,59.02,"Магнитный вал для лазерных принтеров HP LJ 1010, 1012, 1015 и картриджей Q2612A. Магнитный вал предназначен для формирования слоя тонера, который переносится на фотобарабан. Магнитный вал частично находится в бункере с тонером, где на его оболочке с помощью вращения и дозирующего лезвия образуется слой тонера. Вал играет значительную роль при печати, срок его службы зависит, прежде всего, от качества тонера.",,,,,,,,,,,,,,,,,,,,Q2612A,"HP LJ 1010, 1012, 1015",,Noname,,,,,,,,,,,,,,,,,,,,,,,,,,,,,,,,,
400000033784,"Картридж оригинал. Konica Minolta TN321C A33K450/A33K490, для цветных лазерных принтеров C224/C364, голубой (cyan), 25000стр A4",,,1,0,4790.0,4790.0,,Картридж,,Konica Minolta,оригинальный,,25000,,,"A33K430, A33K470","Konica Minolta Bizhub C224, C224e, C284, C284e, C364, C364e",C224/C364,Konica Minolta bizhub C224 C224e C284 C284e C364 C364e C 224 C 224e C 284 C 284e C 364 C 364e Коника Минолта Минольта Бизхаб Бицхаб replenisher тонер туба флакон порошок краска картриж тонер-картридж,,,"795, грамм",10 месяцев,,,,,,,,TN321C,A33K490,A33K450,A33K490,голубой (cyan),для цветных лазерных принтеров,514,,Япония,,,,,,,,,,,,,,,,,,,,,,,,
200000000724,"Картридж(уценка) оригинал. Canon EP25, для ч/б лазерных принтеров LBP1210, черный (black), 2500стр A4",,,3,0,590.0,660.61,Черный картридж для монохромного лазерного принтера Canon Laser Shot LBP-1210.,,,,,,,,,,,,,,,,,,,,,,,Canon http://www.canon.ru,,,,,,,,,,,,,,,Черный,,,,"1,1 кг",,,,,лазерный,,,Canon Laser Shot LBP-1210,,,,,2500 стр.,
400000026663,"Картридж совместимый для ч/б лазерных принтеров Xerox, PTX-3116, черный (black), с чипом, 3500стр A4, Uniton",,,1,0,799.19,868.69,Черный тонер-картридж для принтеров Xerox Phaser 3116 заменяющий оригинальные картриджи 109R00748.,Картридж совместимый,,Uniton,,,3500,,,,,Xerox Phaser 3116,,,,"982, грамм",Гарантия на данный товар не предоставляется,,,,,,,,PTX-3116,,,,черный (black),для ч/б лазерных принтеров Xerox,,,,с чипом,109R00748,нет данных,,,,,,,,,,,,,,,,,,,,,
400000031839,"Узел очистки ленты переноса (IBT Belt Cleaning Assembly) оригинал. для Xerox C560/C75, 042K94561/042K94150",,,8,0,8690.0,8690.01,"Xerox Color C550, C560, C570; C60, C70; Digital Color Press DC700, DC700i, DC770; C75; J75",Узел очистки ленты переноса,IBT Belt Cleaning Assembly,Xerox,оригинальный,не предусмотрено,300000,не предусмотрено,042K94561/042K94150,"042K94150, 042K94151, 042K94152, 042K93480, 042K93481, 042K93482, 042K93483, 042K93484, 042K94560, 042K94561, 641S00850, 642S01798, 641S00663","Xerox Color C550, C560, C570; C60, C70; PrimeLink C9065/C9070; Digital Color Press DC700, DC700i, DC770; C75; J75",C560/C75,"Блок очистки переносного ремня Блок очистки промежуточного ремня Блок очистки транспортного ремня Блок очистки трансферной ленты Блок очистки IBT в сборе Блок чистки ремня Комплект очистки промежуточной ленты Модуль обслуживания ленты переноса Очиститель ленты Очистка транспортной ленты Система очистки Transfer Belt Узел очистки транспортёрной ленты Узел очистки трансферного ремня Узел очистки IBT-ленты Узел чистки ремня переноса Устройство очистки ремня переноса Чистящий блок ITB (Intermediate Transfer Belt) Чистящий механизм ремня переноса Чистящий модуль ленты переноса Чистящий узел промежуточного переноса IBT чистящее лезвие IBT Cleaning ITB Cleaning Uni Xerox Color Colour C550 C560 C570 C60 C70 C75 J75 PrimeLink C9065 C9070 Digital Color Press DC700, DC700i, DC770 Праймлинк колор калэр калор colour пресс ксерокс C 60 C 70 C 75 С60 С70 С75 J 75 C 9065 C 9070 С9065 С9070 DC700 DC700i DC770",Перенос изображения,Узел очистки ленты переноса,"1098, грамм",Гарантия на данный товар не предоставляется,,,,,,,,,,,,,,,,,,,,,,,,,,,,,,,,,,,,,,,,
400000022453,"Дозирующее лезвие (doctor blade)  совместим. для лазерных принтеров LJ P1005/1505, Булат",,,32,0,24.89,27.05,"Дозирующее лезвие магнитного вала для лазерных принтеров HP LaserJet 1005, 1006, 1505. Дозирующее лезвие предназначено для регулировки количества тонера наносимого на магнитный вал. Срок службы дозирующего лезвия напрямую зависит от качества используемого тонера.",,,,,,,,,,,,,,,,,,,,,"HP LaserJet 1005, 1006, 1505",,Булат,,,,,,,,,,,,http://bulatgroup.ru,,,,,,,,,,,,,,,,,,,,,
400000016173,"Электромагнитная муфта (Clutch) оригинал. для Konica Minolta C224/C554, A02EM20200",,,11,1,1290.0,1290.0,"Konica Minolta Bizhub 224e, 227, 284e, 287, 364e, 367, 454e, 458e, 554e, 558e;Bizhub C203, C220, C224e, C253, C258, C280, C284e, C308, C353, C353P, C360, C364e, C368, C454, C454e, C554, C554e;Magicolor MC8650dn",Электромагнитная муфта,Clutch,Konica Minolta,оригинальный,не предусмотрено,нет данных,не предусмотрено,A02EM20200,не предусмотрено,"Konica Minolta Bizhub 224e, 227, 284e, 287, 364e, 367, 454e, 458e, 554e, 558e; C203, C220, C224e, C253, C258, C280, C284e, C308, C353, C353P, C360, C364e, C368, C454, C454e, C554, C554e; Magicolor MC8650dn",C224/C554,Деталь привода подачи бумаги Клатч для подачи бумаги Клатч подачи бумаги Компонент системы транспортировки бумаги Муфта блока подачи бумаги Муфта бумажного тракта Муфта бумажной подачи Муфта включения подачи Муфта движущая Муфта для бумажного механизма Муфта для движения бумаги Муфта для подачи в принтер Муфта для подачи листов Муфта для подающего узла Муфта для протяжки листов Муфта драйвера подачи бумаги Муфта захвата Муфта захвата бумаги Муфта конвейера бумаги Муфта лотка подачи бумаги Муфта механизма подачи Муфта передачи Муфта подачи Муфта подачи бумаги Муфта подачи для лотка Муфта подачи из лотка Муфта подачи листов Муфта подачи листов Муфта подающего механизма Муфта подающего ролика Муфта привода Муфта привода Муфта привода бумаги Муфта привода захвата Муфта привода лотка Муфта привода лотка Муфта привода подачи Муфта привода подачи бумаги Муфта привода подающего вала Муфта привода ролика Муфта привода роликов подачи Муфта привода тракта Муфта привода транспортировки Муфта привода Konica Minolta Муфта привода PF (Paper Feed) Муфта протяжки Муфта протяжная Муфта роликов подачи Муфта сцепления Муфта транспортировки Муфта транспортировки Муфта транспортировки бумаги Муфта узла захвата бумаги Муфта узла подачи Муфта управления подачей Муфта фрикционная подачи бумаги Муфта электромагнитная Муфта электромагнитная Узел электромагнитной муфты подачи Электро-муфта Электромагнитное сцепление Электромагнитный клатч Электромагнитный механизм подачи Электромагнитный привод Электромеханическая муфта подачи бумаги Электромуфта подачи бумаги Clutch Assembly Drive Clutch Driving Clutch Driving Clutch Electromagnetic Clutch Electromagnetic Drive Clutch Feed Clutch Feed Drive Clutch Input Clutch Intermediate conveyance clutch /1 Intermediate conveyance clutch /2 Intermediate conveyance clutch /3 Intermediate conveyance clutch/1 (CL5) Intermediate conveyance clutch/2 (CL6) Intermediate conveyance clutch/3 (CL7) LCT feed clutch Paper Feed Clutch Paper feed clutch/1 (CL1) Paper feed clutch/2 (CL2) Paper feed clutch/3 (CL3) Paper Feed Drive Clutch Paper Feed Driving Clutch Paper Feeding Clutch Paper Handling Clutch Paper Pickup Clutch Paper Transport Clutch Pre-registration clutch /1 Pre-registration clutch /2 Pre-registration clutch /3 Registration clutch Transport Clutch 224e 227 284e 287 364e 367 454e 458e 554e 558e C 203 C 220 C 224e C 253 C 258 C 280 C 284e C 308 C 353 C 353P C 360 C 364e C 368 C 454 C 454e C 554 C 554e MC 8650dn 224е 284е 364е 454е 458е 554е 558е С203 С220 С224е С253 С258 С280 С284е С308 С353 С353Р С360 С364е С368 С454 С454е С554 С554е МС8650DN Коника Минолта Минольта бицхаб бизхаб Magic Color Magic Colour Мэджик Колор Мэджик калэр,Прочее,Муфты,"35, грамм",Гарантия на данный товар не предоставляется,,,,,,,,,,,,,,,,,,,,,,,,,,,,,,,,,,,,,,,,
400000031978,"Чип тонер-картриджа совместим. 006R01661 для Xerox C60/C70, пурпурный (magenta)",,,318,0,200.0,200.0,"Xerox Color C60, C70",Чип тонер-картриджа,не предусмотрено,Xerox,совместимый,006R01661,34000,пурпурный (magenta),не предусмотрено,не предусмотрено,"Xerox Color C60, C70",C60/C70,Xerox Color Colour C60 C70,Прочее,Чипы,"1, грамм",Гарантия на данный товар не предоставляется,JDY,,,,,,,,,,,,,,,,,,,,,,,,,,,,,,,,,,,,,,,
400000031520,"Печка (Fusing Unit) оригинал. для Konica Minolta C224/C368, A161R719AA",,,4,0,33990.0,33989.99,"Konica Minolta Bizhub C224, C224e, C258, C284, C284e, C308, C364, C364e, C368, 308, 368",Печка,Fusing Unit,Konica Minolta,оригинальный,не предусмотрено,600000,не предусмотрено,A161R719AA,"A161R719AA, A161R71900, A161R71911, A161R71922, A161R71933, A161R71944, A161R71955, A161R71966, A161R71977, A161R71988, A161R71999","Konica Minolta Bizhub C224, C224e, C258, C284, C284e, C308, C364, C364e, C368; 308, 368",C224/C368,"Konica Minolta bizhub C224, C224e, C258, C284, C284e, C308, C364, C364e, C368, 308, 368",Закрепление изображения,Печка,"6000, грамм",Гарантия на данный товар не предоставляется,,,,,,,,,,,,,,,,,,,,,,,,,,,,,,,,,,,,,,,,
400000032977,"Картридж оригинал. Xerox 006R01530/CT201705, для цветных лазерных принтеров C550/570, желтый (yellow), 34000стр A4",,,98,0,6790.0,6790.0,"Xerox Primelink C550/C560/C570Внимание, для работы картриджа в МФУ требуется заменачипа!",Картридж,,Xerox,оригинальный,,34000,,,"006R01526, 006R01737, CT201589","Xerox Color 550, 560, 570",C550/570,Xerox Color Colour C550 C560 C570 C60 C70 C 550 C 560 C 570 C 60 C 70 PrimeLink Prime Link C9065 C9070  C 9065 C 9070 Праймлинк колор калэр калор colour пресс ксерокс тонер туба replenisher краска,,,"1315, грамм",10 месяцев,,,,,,,,не предусмотрено,006R01526,006R01530,CT201705,желтый (yellow),для цветных лазерных принтеров,638,737,США,,,,,,,,,,,,,,,,,,,,,,,,
400000031366,"Коротрон заряда (Charge Corona Unit) оригинал. для Konica Minolta C6085/C6100, A92WR70300",,,21,0,6900.0,6900.0,"Konica Minolta AccurioPress C6085, 6100",Коротрон заряда,Charge Corona Unit,Konica Minolta,оригинальный,не предусмотрено,350000,не предусмотрено,A92WR70300,A92WR70311,"Konica Minolta AccurioPress C6085, 6100",C6085/C6100,Блок заряда Блок коронного разряда Блок короны заряда Блок коротрона Зарядная корона Зарядная нить Зарядное устройство Зарядный коротрон Коратрон Корона заряда Коронарная проволока Коронарная решетка Коронарный блок Коронарный провод Коронарный узел Коронарный электрод Коронатор Коронатор заряда Коронный провод Коронный разряд Коротон Коротрон Коротрон главного заряда Коротрон заряда Коротрон зарядки Кортрон Нить коротрона Проволока заряда Сетка коротрона Узел заряда Узел коронного заряда Узел коротрона Экранированный коротрон (скоротрон) Charge Corona Unit Charge Corotron Charge Corotron Cartridge Charging Corona Charging Pole Unit Corona Wire Kоnica Коника Conika Konika Minolta Минолта Минольта Акку Аку Акурио Акуриопресс Аккуриопресс Акуриопрес Аккуриопрес Акурио пресс Аккурио пресс Акурио прес Аккурио прес C6085 6100 C 6085 6100,Формирование изображения,"Коротроны, валы заряда","1100, грамм",Гарантия на данный товар не предоставляется,,,,,,,,,,,,,,,,,,,,,,,,,,,,,,,,,,,,,,,,
400000033184,"Палец отделения печки (Fusing Separating Claw Assy) оригинал. для Konica Minolta C1060/C4080, A50UR72U11",,,8,0,1190.0,1190.0,"AccurioPress C2060, C2070, C2070P, C3070, C3070P, C3080, C3080P, C4070, C4080, C83hc;AccurioPrint C2060L, C3070L, C4065, C4065P;bizhub PRESS C1060, C1070, C1070P, C71hc;bizhub PRO C1060L",Палец отделения печки,Fusing Separating Claw Assy,Konica Minolta,оригинальный,не предусмотрено,1200000,не предусмотрено,A50UR72U11,"AA50UR72U11, A50UR72U00, A50U R72U 00, A50U-R72U-00","AccurioPress C2060, C2070, C2070P, C3070, C3070P, C3080, C3080P, C4070, C4080, C83hc; AccurioPrint C2060L, C3070L, C4065, C4065P; bizhub PRESS C1060, C1070, C1070P, C71hc; bizhub PRO C1060L",C1060/C4080,Палец отделения Коготь отделения Коготь термоблока Коготь фьюзера Когти отделения термоблока Комплект когтей отделения Лапка отделения Лапка фьюзера Механизм отделения бумаги от термовала Отделитель термозакрепления Отделительные когти фьюзера Отделительные пальцы Fuser Unit Отделительный палец Отделяющая лапка Отделяющий коготь Палец отделения бумаги Палец отделения печки Палец отделения термоблока Палец отделения фьюзера Палец термозакрепления Палец узла термозакрепления Палец фиксации Пальцы отделения термозакрепляющего узла Пластина отделения Пластина отделения бумаги фьюзера Пластины антиадгезионного отделения Сепаратор Сепаратор в сборе Сепаратор нагревательного ролика Сепаратор термоблока Сепаратор узла фиксации Сепаратор фьюзера Сепарационная лапка Сепарационная пластина Термоотделительные пальцы Узел отделения Fuser Stripper Claws Fusing Claw Separator Claw для фьюзера Koника Минолта Минольта Акку Аку Акурио Акуриопресс Аккуриопресс Акуриопрес Аккуриопрес Акурио пресс Аккурио прес Акуриопринт Аккуриопринт Акурио принт бицхаб бизхаб Пресс Прес Про AccurioPress C 2060 C 2070 C 2070P C 3070 C 3070P C 3080 C 3080P C 4070 C 4080 C 83hc C 2060L C 3070L C 4065 C 4065P C 1060 C 1070 C 1070P C 71hc C 1060L С2060 С2070 С2070Р С3070 С3070Р С3080 С3080Р С4070 С4080 С83hc С2060L С3070L С4065 С4065Р С1060 С1070 С1070Р С71hc С1060L,Закрепление изображения,Пальцы и пластины отделения,"54, грамм",Гарантия на данный товар не предоставляется,,,,,,,,,,,,,,,,,,,,,,,,,,,,,,,,,,,,,,,,
400000032978,"Блок фотобарабана (Drum Unit) оригинал. DU6501N  для Konica Minolta C5500/C6500, черный (black), A0400Y5",,,4,0,19690.0,19690.0,,Блок фотобарабана,Drum Unit,Konica Minolta,оригинальный,DU6501N,150000,черный (black),A0400Y5,A0400Y4,"Konica Minolta Bizhub Pro C5500, C5501, C6500, C6501",C5500/C6500,"Konica Minolta Bizhub PRO C5500, C5501, C6500, C6501",Формирование изображения,Блок фотобарабана,"1440, грамм",Гарантия на данный товар не предоставляется,,,,,,,,,,,,,,,,,,,,,,,,,,,,,,,,,,,,,,,,
400000030650,"Чистящее лезвие (Wiper blade)  совместим. для лазерных принтеров P3050/4100, Китай",,,1,0,250.0,263.68,"Чистящее лезвие (Wiper blade) для принтеров Kyocera FS-2100D, Kyocera FS-2100DN, Kyocera ECOSYS M3540dn, Kyocera ECOSYS M3040dn, Kyocera FS-4100DN, Kyocera FS-4200DN, Kyocera FS-4300DN, Kyocera ECOSYS M3550idn, Kyocera ECOSYS M3560idn, Kyocera ECOSYS P3045dn, Kyocera ECOSYS P3050dn, Kyocera ECOSYS P3055dn, Kyocera ECOSYS P3060dn, Kyocera ECOSYS M3040idn, Kyocera ECOSYS M3540idn, Kyocera ECOSYS M3145dn, Kyocera ECOSYS M3645dn, Kyocera ECOSYS M3145idn, Kyocera ECOSYS M3645idn, Ricoh MP 501SPF, Ricoh MP 601SPF, Ricoh SP 5300DN, Ricoh SP 5310DN, Ricoh IM 550F, Ricoh IM 600F, Ricoh IM 600SRF, Ricoh P 800, Ricoh P 801",Чистящее лезвие (Wiper blade),,Китай,совместимый,P3050/4100,нет данных,не предусмотрено,,,,,"Kyocera FS-2100D, Kyocera FS-2100DN, Kyocera ECOSYS M3540dn, Kyocera ECOSYS M3040dn, Kyocera FS-4100DN, Kyocera FS-4200DN, Kyocera FS-4300DN, Kyocera ECOSYS M3550idn, Kyocera ECOSYS M3560idn, Kyocera ECOSYS P3045dn, Kyocera ECOSYS P3050dn, Kyocera ECOSYS P3055dn, Kyocera ECOSYS P3060dn, Kyocera ECOSYS M3040idn, Kyocera ECOSYS M3540idn, Kyocera ECOSYS M3145dn, Kyocera ECOSYS M3645dn, Kyocera ECOSYS M3145idn, Kyocera ECOSYS M3645idn, Ricoh MP 501SPF, Ricoh MP 601SPF, Ricoh SP 5300DN, Ricoh SP 5310DN, Ricoh IM 550F, Ricoh IM 600F, Ricoh IM 600SRF, Ricoh P 800, Ricoh P 801",,,"78, грамм",Гарантия на данный товар не предоставляется,RST,DK-3100,Лезвия очистки,,,,,,,,,,,,,,,,,,,,,,,,,,,,,,,,,,,,,
400000022461,"Чип тонер-картриджа  совместим. для лазерных принтеров Xerox Phaser 7800 (108R01572) Y, желтый (yellow), 17200стр A4, Tonex",,,1,0,105.95,115.16,"Чип для лазерных принтеров Xerox 7800 и картриджей 106R01572. Чип для лазерного картриджа — микросхема памяти, на которой записаны характеристики картриджа. Количество израсходованного тонера, подсчитанное чипом, лишь приблизительно и на момент когда, согласно подсчету, тонер израсходован и печать блокируется, картридж содержит еще около 30% тонера. Таким образом, замена чипа позволяет значительно сэкономить на расходных материалах лазерного принтера.",,,,,,,,,,,,,,,,,,,,106R01572,Xerox 7800,,Tonex,,,,,,,,,,,,,универсальный,,,,,,,,,,,,,,,,,,,,
400000022363,"Фотобарабан  совместим. для лазерных принтеров Xerox Phaser 3100, SGT",,,6,0,278.11,301.69,"Фотобарабан для лазерного принтера Xerox Phaser 3100 и картриджей 106R01378.Фотобарабан состоит из металлического цилиндра, на который нанесен фотослой. Фотобарабаны различаются размерами и формой шестерен, обеспечивающих его вращение. На фотобарабане лазер принтера засвечивает области, на которые магнитному валу необходимо нанести тонер. Срок службы фотобарабана зависит от используемых тонера и бумаги.",,,,,,,,,,,,,,,,,,,,106R01378,Xerox Phaser 3100,,Asia,,,,,,,,,,,,,,,,,,,,,,,,,,,,,,,,,
400000016323,"Чип тонер-картриджа  совместим. для лазерных принтеров Xerox 6000/6010 (106R01628) M RUS, пурпурный (magenta), 1000стр A4, Tonex",,,12,0,22.76,23.96,"Чип для лазерного принтера Xerox Phaser 6000, 6010. Чип для лазерного картриджа — микросхема памяти, на которой записаны характеристики картриджа. Количество израсходованного тонера, подсчитанное чипом, лишь приблизительно и на момент когда, согласно подсчету, тонер израсходован и печать блокируется, картридж содержит еще около 30% тонера. Таким образом, замена чипа позволяет значительно сэкономить на расходных материалах лазерного принтера.",,,,,,,,,,,,,,,,,,,,"106R01628, 106R01632",,,Tonex,,,,,,,,,,,,,,,,,,,,,"Xerox Phaser 6000, 6010",,,,,,,,,,,,
400000027143,"Фотобарабан  совместим. для лазерных принтеров HP LJ3015, SGT",,,2,0,259.61,282.19,Фотобарабан для принтеров HP LaserJet P3015,Фотобарабан,,SGT,совместимый,HP LJ3015,нет данных,не предусмотрено,,,,,HP LaserJet P3015,,,"168, грамм",Гарантия на данный товар не предоставляется,Булат,"CE255A, CE255X",Фотобарабаны,,,,,,,,,,,,,,,,,,,,,,,,,,,,,,,,,,,,,
400000030975,"Коротрон заряда (Charge Corona Unit) оригинал. для Konica Minolta C6000/C70hc, A1DUR71300",,,10,0,2990.0,2989.99,"Konica Minolta Bizhub Press C6000, C7000, C7000P, C70Hc; Bizhub Pro C6000L",Коротрон заряда,Charge Corona Unit,Konica Minolta,оригинальный,не предусмотрено,160000,не предусмотрено,A1DUR71300,"A1DUR71311, A0U0R71200","Konica Minolta Bizhub Press C6000, C7000, C7000P, C70Hc; Bizhub Pro C6000L",C6000/C70hc,Блок заряда Блок коронного разряда Блок короны заряда Блок коротрона Зарядная корона Зарядная нить Зарядное устройство Зарядный коротрон Коратрон Корона заряда Коронарная проволока Коронарная решетка Коронарный блок Коронарный провод Коронарный узел Коронарный электрод Коронатор Коронатор заряда Коронный провод Коронный разряд Коротон Коротрон Коротрон главного заряда Коротрон заряда Коротрон зарядки Кортрон Нить коротрона Проволока заряда Сетка коротрона Узел заряда Узел коронного заряда Узел коротрона Экранированный коротрон (скоротрон) Charge Corona Unit Charge Corotron Charge Corotron Cartridge Charging Corona Charging Pole Unit  Kоnica Коника Conika Konika Minolta Минолта Минольта Бизхаб Бицхаб Про Пресс C 6000  C 7000  C 7000P C 70Hc C 6000L С6000 С7000 С7000P С70Hc С6000L,Формирование изображения,"Коротроны, валы заряда","240, грамм",Гарантия на данный товар не предоставляется,,,,,,,,,,,,,,,,,,,,,,,,,,,,,,,,,,,,,,,,
400000033186,"Ролик переноса изображения второй верхний (2nd Image Transfer Roller/Upper) оригинал. для Konica Minolta C6000/C70hc, 65AA26111",,,1,0,9900.0,9900.0,"Konica Minolta Bizhub Press C6000, C7000, C7000P, C70hc;Bizhub Pro C5500, C5501, C6000L, C6500, C6501, C65hc, C500, 8050, 8150",Ролик переноса изображения второй верхний,2nd Image Transfer Roller/Upper,Konica Minolta,оригинальный,не предусмотрено,300000,не предусмотрено,65AA26111,"65AA26110, 4969101701","Konica Minolta Bizhub Press C6000, C7000, C7000P, C70hc, Bizhub Pro C5500, C5501, C6000L, C6500, C6501, C65hc, C500, 8050, 8150",C6000/C70hc,"2nd Image Transfer Roller 2nd ITR ролик 2nd Transfer Roller Вал второго переноса Вал для вторичного переноса Вал переноса Вал переноса изображения Вторичный ролик переноса Вторичный трансферный ролик Второй ролик Второй ролик переноса Второй трансферный ролик Ролик вторичного переноса Ролик вторичного переноса изображения Ролик второго переноса изображения Ролик второго переноса тонера Ролик второго этапа переноса Ролик второго ITR модуля Ролик для передачи изображения Ролик для переноса тонера Ролик для печати Ролик заключительного переноса Ролик переноса Ролик переноса изображения Ролик трансферного узла Ролик финального переноса Трансферный ролик Узел второго переноса Image Transfer Roll Roll Second Transfer Roller Secondary Transfer Roller Transfer Roll верхний верхнего Konica Minolta bizhub Press C6000 C7000, C7000P c70hc Pro С 5500 C 5501 C 6500  C 6501 C 6000L c 65hc C 6000 C 7000, C 7000P c 70hc С 5500 C 5501 C 6500  C 6501 C 6000L c 65hc Коника Conika Konika Минолта бицхаб бизхаб C 6000 C 7000 C 7000P C 70hc C 5500 C 5501 C 6000L C 6500 C 6501 C 65hc C 500 С6000 С7000 С7000Р С70hc С5500 С5501 С6000L С6500 С6501 С65hc С500",Перенос изображения,Ролики переноса,"887, грамм",Гарантия на данный товар не предоставляется,,,,,,,,,,,,,,,,,,,,,,,,,,,,,,,,,,,,,,,,
400000016595,"Чип тонер-картриджа  совместим. для лазерных принтеров Xerox Phaser 3150 (109R00747), черный (black), 5000стр A4, Tonex",,,5,0,27.76,32.91,"Чип для лазерных принтеров Xerox Phaser 3150 и картриджей 109R00747. Чип для лазерного картриджа — микросхема памяти, на которой записаны характеристики картриджа. Количество израсходованного тонера, подсчитанное чипом, лишь приблизительно и на момент когда, согласно подсчету, тонер израсходован и печать блокируется, картридж содержит еще около 30% тонера. Таким образом, замена чипа позволяет значительно сэкономить на расходных материалах лазерного принтера.",,,,,,,,,,,,,,,,,,,,109R00747,Xerox Phaser 3150,,Tonex,,,,,,,,,,,,,,,,,,,,,,,,,,,,,,,,,
400000032703,"Чип для лазерных принтеров Xerox Versant 2100 и картриджей 006R01637, желтый (yellow)",,,246,0,110.0,110.0,,,,,,,,,,,,,,,,"1, грамм",Гарантия на данный товар не предоставляется,,,,,,,,,,,,,,,,,,,,,,,,,,,,,,,,,,,,,,,,
400000032479,"Картридж оригинал. Konica Minolta TNP-48M A5X0350/A5X0330, для цветных лазерных принтеров Konica Minolta C3350/C3850, пурпурный (magenta), 10000стр A4",,,3,0,2990.0,2989.99,,Картридж,,Konica Minolta,оригинальный,,10000,,,не предусмотрено,"Konica Minolta Bizhub C3350, C3850",C3350/C3850,"Konica Minolta Bizhub C3350, C3850",,,"1, грамм",10 месяцев,,,,,,,,TNP-48M,A5X0390,A5X0350,A5X0330,пурпурный (magenta),для цветных лазерных принтеров Konica Minolta,нет данных,нет данных,Малайзия,,,,,,,,,,,,,,,,,,,,,,,,
400000032754,"Картридж совместимый для цветных лазерных принтеров Canon, RTC 718M, пурпурный (magenta), с чипом, 2900стр A4, Булат 7Q",,,2,0,1002.76,1089.96,,Картридж совместимый,,Булат 7Q,,,2900,,,,,"Canon LBP7200cdn, LBP7210cdn, LBP7660cdn, LBP7680cx, MF724cdw, MF728cdw, MF8330cdn, MF8340cdn, MF8350cdn, MF8360cdn, MF8380cdw, MF8540cdn, MF8550cdn, MF8580cdw",,,,"628, грамм",Гарантия на данный товар не предоставляется,,,,,,,,RTC 718M,,,,пурпурный (magenta),для цветных лазерных принтеров Canon,,,,с чипом,Canon 718 Magenta,https://bulat-group.ru,,,,,,,,,,,,,,,,,,,,,
400000030635,"Фотобарабан  совместим. для лазерных принтеров HP LJ Pro M104, Китай",,,16,0,136.68,148.49,"Фотобарабан для принтеров HP LJ Pro M102, M104, M130, M132",Фотобарабан,,Китай,совместимый,HP LJ Pro M104,нет данных,не предусмотрено,,,,,"HP LJ Pro M102, M104, M130, M132",,,"50, грамм",Гарантия на данный товар не предоставляется,RST,CF219a,Фотобарабаны,,,,,,,,,,,,,,,,,,,,,,,,,,,,,,,,,,,,,
400000032257,"Блок девелопера (Developer Unit) оригинал. DV-311K для Konica Minolta C220/C360, черный (black), A0XV03D",,,3,0,14490.0,14490.0,"Konica Minolta Bizhub C220, C280, C360",Блок девелопера,Developer Unit,Konica Minolta,оригинальный,DV-311K,570000,черный (black),A0XV03D,A0XVW3D,"Konica Minolta Bizhub C220, C280, C360",C220/C360,Konica Minolta Bizhub C220 220 C280 280 C360 360 Минолта Минольта бизхаб бицхаб носитель носителя проявка проявки проявления проявитель узел юнит,Формирование изображения,Блок девелопера,"1820, грамм",Гарантия на данный товар не предоставляется,,,,,,,,,,,,,,,,,,,,,,,,,,,,,,,,,,,,,,,,
400000032563,"Лента переноса (IBT Belt) оригинал. для Xerox Versant 80/4100, 064K94190",,,4,0,18990.0,18990.0,,Лента переноса,IBT Belt,Xerox,оригинальный,не предусмотрено,1000000,не предусмотрено,064K94190,не предусмотрено,"Xerox Versant Press 80, 180, 280; 2100, 3100, 4100",Versant 80/4100,Лента вторичного переноса Лента для МФУ Лента для переноса изображения Лента для печати Лента для формирования изображения Лента передачи изображения Лента переноса Лента промежуточного переноса Переносящая лента Пленка для переноса Пленка переноса Пояс переноса Промежуточная лента переноса Ремень для принтера Ремень переноса Ремень переноса изображения Ремень трансфера сборка ленты переноса Транспортный ремень Трансферная лента Трансферный ремень Genuine original ibt belt IBT лента IBT ремень IBT Beld IBT Belt Intermediate Belt Transfer Transfer Belt Transfer Belt Intermediate Versant 80 170i 180 180i 280 2100 3100 3100i 4100 V80 V170i V180 V180i V280 V2100 V3100 V3100i V4100 Ксерокс Версант Версанта Вёрсант,Перенос изображения,Ленты переноса,"480, грамм",Гарантия на данный товар не предоставляется,,,,,,,,,,,,,,,,,,,,,,,,,,,,,,,,,,,,,,,,
400000025156,"Дозирующее лезвие (doctor blade)  совместим. для лазерных принтеров Samsung ML-1610, Булат",,,51,0,39.38,44.75,"Дозирующее лезвие магнитного вала для лазерных принтеров Samsung ML 1610, 2010, 2240, 2510, SCX-4321, 4521, Xerox 3117, 3122, 3124, 3125 и картриджей ML-1610D2, 2010D3, D108S, D119S, 106R01159. Дозирующее лезвие предназначено для регулировки количества тонера наносимого на магнитный вал. Срок службы дозирующего лезвия напрямую зависит от качества используемого тонера.",,,,,,,,,,,,,,,,,,,,"ML-1610D2, 2010D3, D108S, D119S, 106R01159",,,Булат,,,,,,,,,,,,http://bulatgroup.ru,,,,,,,,,,,,,"Samsung ML 1610, 2010, 2240, 2510, SCX-4321, 4521, Xerox 3117, 3122, 3124, 3125",,,,,,,,
400000013848,"Картридж совместимый для ч/б лазерных принтеров Canon и HP, RTC CE285A/725, черный (black), с чипом, 1600стр A4, Булат 7Q",,,27,0,394.99,429.34,"Черный тонер-картридж для принтеров HP LaserJet P1101, P1102, P1103, P1104, P1106, P1108, P1109, M1132, M1137, M1212, M1214, M1217, M1218, Canon i SENSYS LBP6000, LBP6020, MF3010(C725) заменяющий оригинальные картриджи CE285A, 725. Тонеры компании Булат для картриджей лазерных принтеров производятся из современного сырья. Это полимеры, применение которых позволяет использовать тонеры в тонер-картриджах для новых скоростных принтеров и копиров. Это магнетиты и зарядорегуляторы, позволяющие получать стабильные результаты качества печати. Все это, плюс технологические приемы, направленные на улучшение структуры и формы частиц тонера, позволяют получить продукт стабильного качества. Все стадии производства тонеров проходят жесткий технологический контроль, готовый продукт всесторонне тестируется. Более 20 параметров подлежат проверке. Компания Булат проводит исследование тонеров во взаимодействии с другими расходными материалами: фотобарабанами, валами первичного заряда и т. д. для наиболее эффективного использования формулировок в дальнейшем.",,,,,,,,,,,,,,,,,,,,,,,Булат,,,,,,,,,,,,http://www.bulatgroup.ru,,RTC CE285A,black (черный),"CE285A, 725","HP LaserJet P1101, P1102, P1103, P1104, P1106, P1108, P1109, M1132, M1137, M1212, M1214, M1217, M1218, Canon i SENSYS LBP6000, LBP6020, MF3010(C725)",1600,,,,,,,,,,,,,,,
400000009850,"Вал магнитный (в сборе)  совместим. для лазерных принтеров HP LJ P1005/1505, Китай",,,107,0,65.57,71.27,"Магнитный вал для лазерных принтеров HP LJ P1005, P1006, 1505, M1120, M1522 и картриджей CB435A, CB436A. Магнитный вал предназначен для формирования слоя тонера, который переносится на фотобарабан. Магнитный вал частично находится в бункере с тонером, где на его оболочке с помощью вращения и дозирующего лезвия образуется слой тонера. Вал играет значительную роль при печати, срок его службы зависит, прежде всего, от качества тонера.",,,,,,,,,,,,,,,,,,,,"CB435A, CB436A","HP LJ P1005, P1006, 1505, M1120, M1522",оболочка,Boost http://www.boosttechnologies.ru,,,,,,,,,,,,,,,,,,,,,,,,,,,,,,,,,
400000033580,"Крышка тонер-картриджа (Toner Cartridge Cover) совместим. для Xerox DC700/C75, пурпурная (magenta)",,,13,0,90.0,90.0,"Крышка — это запасная часть тонер-картриджа, совместимая с принтерами Xerox Digital Color Press 700, 700i, 770; C75; J75. Она предназначена для защиты содержимого картриджа и обеспечивает правильную фиксацию картриджа в устройстве. Крышка используется при ремонте или восстановлении картриджа, например, при его повторной заправке тонером.Кроме того, если у вас есть картридж от Xerox DC250, Color 550, C60 или PrimeLink C9065, вы можете переставить крышку и установитьчип. После такой модификации картридж станет совместимым с моделями Xerox DCP 700/770, C75/J75. Это возможно благодаря идентичному составу тонера и девелопера, а также схожей конструкции картриджей — различия между ними заключаются лишь в крышке и чипе.",Крышка тонер-картриджа,Toner Cartridge Cover,Xerox,совместимый,не предусмотрено,нет данных,пурпурная (magenta),не предусмотрено,не предусмотрено,"Digital Color Press 700, 700i, 770; C75, J75",DC700/C75,Xerox DocuColor 700 700i 770 DC700 DC700i DC770 DC 700 DC 700i DC 770 С75 J75 С 75 J 75 доку колор калор калэр диджитал дижитал дигитал пресс прес ксерокс картридж крышка сменная End Cap фиксация фиксации крепление закрывашка ручка,Прочее,Крышки,"32, грамм",Гарантия на данный товар не предоставляется,NK,,,,,,,,,,,,,,,,,,,,,,,,,,,,,,,,,,,,,,,
400000030972,"Блок фотобарабана (Drum Unit) оригинал. DU-106 для Konica Minolta C1060/C71cf, A5WJ0Y0",,,1,0,39990.0,39990.0,"Konica Minolta Bizhub PRESS C71cf;Konica Minolta Bizhub PRO C1060L;Konica Minolta AccurioPrint C2060L, C3070L;Konica Minolta AccurioLabel 190, 230",Блок фотобарабана,Drum Unit,Konica Minolta,оригинальный,DU-106,410000,не предусмотрено,A5WJ0Y0,A5WJOYO,"Konica Minolta Bizhub PRESS C71cf; Bizhub PRO C1060L; AccurioPrint C2060L, C3070L; AccurioLabel 190, 230",C1060/C71cf,Konica Minolta Bizhub PRESS C71cf C 71cf Bizhub PRO C1060L C 1060L AccurioPrint Accurio Print C2060L C3070L C 2060L C 3070L  AccurioLabel Accurio Label 190 230 Коника Минолта Минольта Бизхаб Бицхаб колор калэр пресс прес про аккурио акурио акку лэйбел лэйбл акуриопринт аккуриопринт  аккуриолэйбел аккуриолэйбл калор фотобарабаны фотовал фотовалы фоторецептор фоторецепторы драмы модуль ксерографии DU106 DU 106,Формирование изображения,Блок фотобарабана,"1617, грамм",Гарантия на данный товар не предоставляется,,,,,,,,,,,,,,,,,,,,,,,,,,,,,,,,,,,,,,,,
400000032581,"Бункер для отработанного тонера (Waste Toner Box) оригинал. для Xerox C550/DC250/Versant 80, 008R12990",,,39,0,2390.0,2389.99,"Xerox Color C550, C560, C570; C60, C70; C75, J75; Digital Color Press DC700, DC700i, DC770; DocuColor DC240, DC250, DC242, DC252, DC260; PrimeLink C9065, C9070, B9100, B9110,B9125, B9136; WorkCentre WC7655, WC7665, WC7675, WC7755, WC7765, WC7775; Versant 80, 170i, 180, 180i, 280; 2100, 3100, 3100i, 4100",Бункер для отработанного тонера,Waste Toner Box,Xerox,оригинальный,не предусмотрено,50000,не предусмотрено,008R12990,"647N00218, 641S01065, CWAA0663, CWAA0554","Xerox Color C550, C560, C570; C60, C70; C75, J75; Digital Color Press DC700, DC700i, DC770; DocuColor DC240, DC250, DC242, DC252, DC260; PrimeLink C9065, C9070, B9100, B9110,B9125, B9136; WorkCentre WC7655, WC7665, WC7675, WC7755, WC7765, WC7775; Versant 80, 170i, 180, 180i, 280; 2100, 3100, 3100i, 4100",C550/DC250/Versant 80,"Xerox Color C550, C560, C570; C60, C70; C75, J75; Digital Color Press DC700, DC700i, DC770; DocuColor DC240, DC250, DC242, DC252, DC260; PrimeLink C9065, C9070, B9100, B9110,B9125, B9136; WorkCentre WC7655, WC7665, WC7675, WC7755, WC7765, WC7775; Versant 80, 170i, 180, 180i, 280; 2100, 3100, 3100i, 4100 отработка отработки контейнер бокс емкость праймлинк прайм линк колор калэр калор пресс доку воркцентр вёркцентр версант",Прочее,Бункер для отработанного тонера,"530, грамм",Гарантия на данный товар не предоставляется,,,,,,,,,,,,,,,,,,,,,,,,,,,,,,,,,,,,,,,,
400000031399,"Картридж оригинал. Konica Minolta TN-616K A1U9130/A1U9150, для цветных лазерных принтеров C6000/C7000, черный (black), 41500стр A4",,,149,0,5390.0,5390.0,"Bizhub Press C6000, C7000, C7000PBizhub Pro C6000L",Картридж,,Konica Minolta,оригинальный,,41500,,,"A1U9152, A1U9132, A1U9133, A1U9153, A1U9160, A1U91D0, A1U91D2, A1U91D3","Konica Minolta Bizhub Press C6000, C7000, C7000P, Bizhub Pro C6000L",C6000/C7000,Konica Minolta Bizhub Press C6000 C6000L C7000 C7000P 6000 C 6000L 7000 7000P Коника Минольта Минолта Бизхуб Бицхаб Пресс replenisher туба флакон порошок краска,,,"1194, грамм",10 месяцев,,,,,,,,TN-616K,A1U9130,A1U9130,A1U9150,черный (black),для цветных лазерных принтеров,820,,Япония,,,,,,,,,,,,,,,,,,,,,,,,
400000026130,"Картридж RTC CE285A black (черный) для лазерных принтеров HP LaserJet P1101, P1102, P1103, P1104, P1106, P1108, P1109, M1132, M1137, M1212, M1214, M1217, M1218, заменяет ориг. картриджи CE285A, 1600стр, произв. UNITON Premium",,,1,0,535.5,582.07,,Картридж совместимый,,Uniton,,,1600,,,,,"HP LaserJet P1101, P1102, P1103, P1104, P1106, P1108, P1109, M1132, M1137, M1212, M1214, M1217, M1218, Canon i SENSYS LBP6000, LBP6020, MF3010(C725)",,,,"350, грамм",Гарантия на данный товар не предоставляется,,,,,,,,RTC CE285A,,,,черный (black),,,,,с чипом,"CE285A, 725",https://www.ramis.ru,,,,,,,,,,,,,,,,,,,,,
400000033545,"Очиститель печки в сборе (Fuser Cleaner Assembly) оригинал. для Xerox Versant 80/4100, 042K94660",,,2,0,2390.0,2389.99,"Xerox Versant 80, 170i, 180, 180i, 280; 2100, 3100, 3100i, 4100",Очиститель печки в сборе,Fuser Cleaner Assembly,Xerox,оригинальный,не предусмотрено,нет данных,не предусмотрено,042K94660,нет данных,"Xerox Versant 80, 170i, 180, 180i, 280; 2100, 3100, 3100i, 4100",Versant 80/4100,Очиститель Блок очистки термоблока Блок очистки фьюзера Валик очистки нагревательного узла Комплект очистки печки Механизм очистки Модуль очистки термоузла Очиститель термозакрепления Очистительная сборка фьюзера Очистительный блок фьюзера Очистительный модуль печки Очистительный узел Очистка Очищающий блок Ракель печки Сборщик очистки фьюзера Узел очистки печки Узел чистки Чистящее лезвие Cleaning Assembly for Fuser Fuser Cleaning Module Fuser Cleaning Unit печки в сборе В сборе Комплект Набор Assembly Fuser Cleaner Assembly оригинал Xerox Ксерокс Versant Версант Вёрсант Версанта Xerox Versant 80 170i 180 280 2100 3100 3100i 4100 v80 v170i v180 v180i v280 v2100 v3100 v3100i v4100,Закрепление изображения,Пластины очистки,"75, грамм",Гарантия на данный товар не предоставляется,,,,,,,,,,,,,,,,,,,,,,,,,,,,,,,,,,,,,,,,
400000024056,"Чип тонер-картриджа совместим. Xerox Phaser 3020/WC 3025 (106R02773), черный (black)",,,2,0,90.0,90.0,Чип для принтеров Xerox Phaser 3020/WC 3025,Чип тонер-картриджа,,не предусмотрено,совместимый,Xerox Phaser 3020/WC 3025 (106R02773),1500,черный (black),,,,,Xerox Phaser 3020/WC 3025,,,"2, грамм",Гарантия на данный товар не предоставляется,Булат,,,,,,,,,,,,,,,,,,,,,,,,,,,,,,,,,,,,,,,
400000031836,"Блок фотобарабана (Drum Unit) оригинал. для Xerox (Fujifilm) C560/C70, черный (black), CT350867 (013R00663)",,,19,0,14280.0,14280.01,"Внимание! Для работы фотобарабана требуется замена чипа!Чип для Xerox Color C550, C560, C570, C60, C70; PrimeLink C9065, C9070Чип для Color C75, J75;Чип для Digital Color Press DC700, DC700i, DC770;",Блок фотобарабана,Drum Unit,Xerox (Fujifilm),оригинальный,не предусмотрено,190000,черный (black),CT350867 (013R00663),CT350887,"Xerox Color C550, C560, C570; C60, C70; PrimeLink C9065, C9070",C560/C70,Xerox Color Colour C550 C560 C570 CC60 C70 C75 J75 C 550 C 560 C 570 C 60 C 70 C 75 J 75 PrimeLink Prime Link C9065 C9070 Digital Color Press DC700 DC700i Фотобарабан Drum барабан барабаны фотовал фоторецептор фоторецепторы ксерографии драмы Unit блок модуль узел Xerox Ксероркс Color колор калэр калор PrimeLink Праймлинк Прайм линк Digital Диджитал Дигитал Press Пресс Прес,Формирование изображения,Блок фотобарабана,"1288, грамм",Гарантия на данный товар не предоставляется,,,,,,,,,,,,,,,,,,,,,,,,,,,,,,,,,,,,,,,,
400000031472,"Картридж оригинал. Konica Minolta TN-622EK A5E7130/A5E7150, для цветных лазерных принтеров C1100/C6085, черный (black), 88000стр A4",,,49,0,7690.0,7690.0,"Konica Minolta bizhub press C1085, C1100, AccurioPress C6085, C6100",Картридж,,Konica Minolta,оригинальный,,88000,,,"A5E7151, A5E715H, A5E715J","Konica Minolta bizhub press C1085, C1100, AccurioPress C6085, C6100",C1100/C6085,Konica Minolta bizhub press C1085 C1100 C 1085 C 1100 AccurioPress C6085 C6100 C 6085 C 6100 Коника Минолта Минольта Бизхаб Бицхаб пресс Акурио Аккурио replenisher тонер туба флакон порошок краска,,,"2145, грамм",10 месяцев,,,,,,,,TN-622EK,A5E7130,A5E7130,A5E7150,черный (black),для цветных лазерных принтеров,1645,,Япония,,,,,,,,,,,,,,,,,,,,,,,,
400000032873,"Крышка тонер-картриджа (Toner Cartridge Cover) совместим. для Xerox C560/C70, голубая (cyan)",,,30,0,109.0,108.99,"Крышка — это запасная часть тонер-картриджа, совместимая с принтерами Xerox Color 550/560/570, C60/C70, PrimeLink C9065/C9070. Она предназначена для защиты содержимого картриджа и обеспечивает правильную фиксацию картриджа в устройстве. Крышка используется при ремонте или восстановлении картриджа, например, при его повторной заправке тонером.Кроме того, если у вас есть картридж от Xerox DC250 или Xerox DCP700, вы можете переставить крышку и установитьчип от Xerox Color 550/560/570, отXerox Color C60/C70или отPrimeLink C9065/C9070. После такой модификации картридж станет совместимым с соответствующей моделью принтера. Это возможно благодаря идентичному составу тонера и девелопера, а также схожей конструкции картриджей — различия между ними заключаются лишь в крышке и чипе.",Крышка тонер-картриджа,Toner Cartridge Cover,Xerox,совместимый,не предусмотрено,нет данных,голубая (cyan),не предусмотрено,не предусмотрено,"Xerox Color C550, C560, C570; C60, C70; PrimeLink C9065, C9070",C560/C70,Xerox Color Colour 550 560 570 C550 C560 C570 C60 C70 C 60 C 70 PrimeLink Prime Link C9065 C9070 C 9065 C 9070 крышка сменная End Cap фиксация фиксации крепление закрывашка ручка,Прочее,Крышки,"47, грамм",Гарантия на данный товар не предоставляется,NK,,,,,,,,,,,,,,,,,,,,,,,,,,,,,,,,,,,,,,,
400000030950,"Блок ленты переноса (Transfer Belt Unit) оригинал. для Konica Minolta C227/C287, A797R73400/ACM1PP6600",,,11,0,15990.0,15990.0,"Konica Minolta Bizhub C226, C227, C227i, C256, C257i, C266, C287, C287i",Блок ленты переноса,Transfer Belt Unit,Konica Minolta,оригинальный,не предусмотрено,250000,не предусмотрено,A797R73400/ACM1PP6600,"A797R70011, A797R70022, A797R70033, A797R70044, A797R70055, A797R700FR, ACM1V501FR","Konica Minolta Bizhub C226, C227, C227i, C256, C257i, C266, C287, C287i",C227/C287,Агрегат трансферной ленты Блок для переноса тонера Блок изображения Блок переноса изображения Блок переноса тонера Блок ремня переноса Блок трансфера Блок трансферной ленты Блок IBT Блок TBU Комплект ленты переноса Комплект переноса Модуль для принтера Модуль ленты переноса Модуль переноса Модуль промежуточной ленты переноса Модуль IBT Belt Сборка ленты переноса Сборка ремня переноса изображения Трансферный блок Трансферный модуль Трансферный ремень в сборе Узел для переноса изображения Узел ленты переноса Узел переноса Узел транспортировки тонера Узел трансферной ленты IBT Unit Image Transfer Belt Unit Intermediate Transfer Belt Unit Transfer Belt Unit аналог Коника Conika Konika бицхаб бизхаб C 226 C 227 C 227i C 256 C 257i C 266 C 287 C 287i С226 С227 С227i С256 С257i С266 С287 С287i,Перенос изображения,Ленты переноса,"4100, грамм",Гарантия на данный товар не предоставляется,,,,,,,,,,,,,,,,,,,,,,,,,,,,,,,,,,,,,,,,
400000009229,"Чистящее лезвие (Wiper blade)  совместим. для лазерных принтеров HP LJ 1010, Булат",,,8,0,42.55,46.25,"Ракель для лазерных принтеров HP LJ 1010, LJ 1012, LJ 1015, LJ 1018, LJ 1020, LJ 1022, LJ 3015, LJ 3020, LJ 3030, LJ 3050, LJ 3052, LJ 3055, M1005, M1319f, FAX-L100, FAX-L120, FAX-L140, FAX-L160, Canon MF4010, MF4018, MF4120, MF4140, MF4150, MF4270, MF4660, MF4660PL, MF4690, MF4690PL, LBP2900, LBP3000, IR 1018, IR 1020, IR 1022, IR 1024",,,,,,,,,,,,,,,,,,,,,,,HP,,,,,,,,,,,,,,,,,,,,,,,,Ракель,,,,,"НР LJ 1010, 1012, 1015, 1018, 1020, 1022, 3015, 3020, 3030, 3050, 3052, 3055, M1319f",,,,
400000020052,"Картридж совместимый для ч/б лазерных принтеров HP, RTC CE390A, черный (black), с чипом, 10000стр A4, Булат 7Q",,,5,0,1863.92,2021.52,"Черный тонер-картридж для принтеров HP LJ M4555mfp, M600, M601, M602, M603 заменяющий оригинальные картриджи RTC CE390A. Тонеры компании Булат для картриджей лазерных принтеров производятся из современного сырья. Это полимеры, применение которых позволяет использовать тонеры в тонер-картриджах для новых скоростных принтеров и копиров. Это магнетиты и зарядорегуляторы, позволяющие получать стабильные результаты качества печати. Все это, плюс технологические приемы, направленные на улучшение структуры и формы частиц тонера, позволяют получить продукт стабильного качества. Все стадии производства тонеров проходят жесткий технологический контроль, готовый продукт всесторонне тестируется. Более 20 параметров подлежат проверке. Компания Булат проводит исследование тонеров во взаимодействии с другими расходными материалами: фотобарабанами, валами первичного заряда и т. д. для наиболее эффективного использования формулировок в дальнейшем.",,,,,,,,,,,,,,,,,,,,,,,Булат,,,,,,,,,,,,http://www.bulatgroup.ru,,RTC CE390A,black (черный),CE390A,"M4555mfp, M600, M601, M602, M603",10000,,,,,,,,,,,,,,,
400000012999,"Фотобарабан  совместим. для лазерных принтеров HP P1005/1505, SGT",,,66,50,87.08,94.65,"Фотобарабан для HP LJ P1000, P1002, P1003, P1004, P1005, P1006, P1007, P1008, P1009, M1120, M1522, P1505, M1132, M1210, Pro-M1212, M1214, M1217, P1100, P1102.",,,,,,,,,,,,,,,,,,,,,"HP LJ P1000, P1002, P1003, P1004, P1005, P1006, P1007, P1008, P1009, M1120, M1522, P1505, M1132, M1210, Pro-M1212, M1214, M1217, P1100, P1102",,Asia OC,,,,,,,,,,,,,,,,,,,,"CB435A, CB436A, CE285A",,,,,,,,,,,,,
400000031987,"Чип тонер-картриджа совместим. 006R01649 для Xerox Versant 80/280, желтый (yellow)",,,393,0,110.0,110.0,Xerox Versant 80/180/280,Чип тонер-картриджа,не предусмотрено,Xerox,совместимый,006R01649,22000,желтый (yellow),не предусмотрено,не предусмотрено,"Xerox Versant 80, 180, 280 Press",Versant 80/280,"Xerox Versant 80, 180, 280 Press",Прочее,Чипы,"1, грамм",Гарантия на данный товар не предоставляется,JDY,,,,,,,,,,,,,,,,,,,,,,,,,,,,,,,,,,,,,,,
400000021766,"Чип тонер-картриджа  совместим. для лазерных принтеров Kyocera FS-C5150DN (TK-580Y), желтый (yellow), 2800стр A4, Tonex",,,1,0,47.28,55.93,"Чип для лазерных принтеровKyocera Mita FS-С5150, и картриджей TK-580Y.Чип для лазерного картриджа — микросхема памяти, на которой записаны характеристики картриджа. Количество израсходованного тонера, подсчитанное чипом, лишь приблизительно и на момент когда, согласно подсчету, тонер израсходован и печать блокируется, картридж содержит еще около 30% тонера. Таким образом, замена чипа позволяет значительно сэкономить на расходных материалах лазерного принтера.",,,,,,,,,,,,,,,,,,,,TK-580Y,Kyocera Mita FS-С5150,,Tonex,,,,,,,,,,,,,Европа,,,,,,,,,,,,,,,,,,,,
400000006702,"Картридж(уценка) оригинал. Samsung CLT-M409S, для цветных лазерных принтеров CLP310/CLX3175, пурпурный (magenta), 1000стр A4",,,1,0,1389.99,1556.33,"Пурпурный картридж для цветных лазерных принтеров Samsung CLP-310/315, CLX-3170/3175.",,,,,,,,,,,,,,,,,,,,,,,Samsung,,,,,,,,,,,,http://www.samsung.com,,М409,magenta (пурпурный),,"Samsung CLP310, CLP315, CLX3170, CLX3175",,,,,1000,,,,,,,,1155,,,
400000015967,"Чип тонер-картриджа  совместим. для лазерных принтеров Xerox WorkCentre PE220 (013R00621), черный (black), 3000стр A4, Tonex",,,7,0,41.01,44.58,"Чип для лазерных принтеров Xerox WorkCentre PE220 и картриджей 013R00621. Чип для лазерного картриджа — микросхема памяти, на которой записаны характеристики картриджа. Количество израсходованного тонера, подсчитанное чипом, лишь приблизительно и на момент когда, согласно подсчету, тонер израсходован и печать блокируется, картридж содержит еще около 30% тонера. Таким образом, замена чипа позволяет значительно сэкономить на расходных материалах лазерного принтера.",,,,,,,,,,,,,,,,,,,,013R00621,Xerox WorkCentre PE220,,Tonex,,,,,,,,,,,,,,,,,,,,,,,,,,,,,,,,,
400000030271,"Картридж совместимый для ч/б лазерных принтеров HP, NV-CE278A, черный (black), с чипом, 2100стр A4, NVPrint",,,38,0,447.38,632.01,,Картридж совместимый,,NVPrint,,,2100,,,,,"HP LaserJet Pro M1536, P1566, P1606",,,,"630, грамм",Гарантия на данный товар не предоставляется,,,,,,,,NV-CE278A,,,,черный (black),для ч/б лазерных принтеров HP,,,,с чипом,HP CE278A,https://nvprint.ru/,,,,,,,,,,,,,,,,,,,,,
400000030639,"Фотобарабан  совместим. для лазерных принтеров Samsung ML 2165, Китай",,,45,0,100.66,109.41,,Фотобарабан,,Китай,совместимый,Samsung ML 2165,нет данных,не предусмотрено,,,,,"Samsung ML 2160, ML 2162, ML 2165, ML 2167, ML 2168, SCX 3400, SCX 3405, SCX 3407, SF 760",,,"50, грамм",Гарантия на данный товар не предоставляется,RST,Samsung MLT D101S,Фотобарабаны,,,,,,,,,,,,,,,,,,,,,,,,,,,,,,,,,,,,,
400000015019,"Чип тонер-картриджа  совместим. для лазерных принтеров Xerox Phaser 6000/6010 (106R01628) M EUR, пурпурный (magenta), 2500стр A4, Китай",,,10,0,21.23,22.4,"Чип для лазерного принтера Xerox Phaser 6000, 6010. Чип для лазерного картриджа — микросхема памяти, на которой записаны характеристики картриджа. Количество израсходованного тонера, подсчитанное чипом, лишь приблизительно и на момент когда, согласно подсчету, тонер израсходован и печать блокируется, картридж содержит еще около 30% тонера. Таким образом, замена чипа позволяет значительно сэкономить на расходных материалах лазерного принтера.",,,,,,,,,,,,,,,,,,,,"106R01628, 106R01632",,,Static Control,,,,,,,,,,,,,,,,,,,,,"Xerox Phaser 6000, 6010",,,,,,,,,,,,
400000031115,"Лента переноса (Transfer Belt) оригинал. для Konica Minolta C2060/C6000, A1DU504203",,,11,0,21330.0,21330.0,"AccurioPress C2060, C2070, C2070P, C3070, C3070P, C3080, C3080P, C83hc;AccurioPrint C2060L;bizhub PRESS C1060, C1070, C1070P, C6000, C7000, C7000P, C70hc, C71cf, C71hc;bizhub PRO C1060L, C5500, C5501, C6000L, C6500, C6501, C65hcAccurioLabel 190, 230;Konica Minolta LD-6501",Лента переноса,Transfer Belt,Konica Minolta,оригинальный,не предусмотрено,200000,не предусмотрено,A1DU504203,"A50U500101, A1DU504200, A03U504200","AccurioPress C2060, C2070, C2070P, C3070, C3070P, C3080, C3080P, C83hc; AccurioPrint C2060L; bizhub PRESS C1060, C1070, C1070P, C6000, C7000, C7000P, C70hc, C71cf, C71hc; bizhub PRO C1060L, C5500, C5501, C6000L, C6500, C6501, C65hc; AccurioLabel 190, 230; Konica Minolta LD-6501",C2060/C6000,Лента вторичного переноса Лента для МФУ Лента для переноса изображения Лента для печати Лента для формирования изображения Лента передачи изображения Лента переноса Лента промежуточного переноса Переносящая лента Пленка для переноса Пленка переноса Пояс переноса Промежуточная лента переноса Ремень для принтера Ремень переноса Ремень переноса изображения Ремень трансфера сборка ленты переноса Транспортный ремень Трансферная лента Трансферный ремень Genuine original ibt belt IBT лента IBT ремень IBT Beld IBT Belt Intermediate Belt Transfer Transfer Belt Transfer Belt Intermediate C 2060 C 2070 C 2070P C 3070 C 3070P C 3080 C 3080P C 83hc C 2060L C 1060 C 1070 C 1070P C 6000 C 7000 C 7000P C 70hc C 71cf C 71hc C 1060L C 5500 C 5501 C 6000L C 6500 C 6501 C 65hc 190 230 LD-6501 С2060 С2070 С2070Р С3070 С3070Р С3080 С3080Р С83нс С2060Л С1060 С1070 С1070Р С6000 С7000 С7000Р С70нс С71сф С71нс С1060Л С5500 С5501 С6000Л С6500 С6501 С65нс ЛД-6501 Акку Аку Акурио Акуриопресс Аккуриопресс Акуриопрес Аккуриопрес Акурио пресс Аккурио пресс Акурио прес Аккурио прес Акуриопринт Аккуриопринт Акурио принт Аккурио принт бицхаб бизхаб Пресс Прес Про лейбел лэйбел Акуриолэйбл Аккуриолэйбл Акуриолэйбел Аккуриолэйбел Акуриолэйбэл Аккуриолэйбэл Акурио лэйбл Аккурио лэйбл Акурио лэйбел Аккурио лэйбел Акурио лэйбэл Аккурио лэйбэл,Перенос изображения,Ленты переноса,"200, грамм",Гарантия на данный товар не предоставляется,,,,,,,,,,,,,,,,,,,,,,,,,,,,,,,,,,,,,,,,
400000031364,"Блок ленты переноса (Transfer Belt Unit) оригинал. для Konica Minolta C452/C654, A2X0R70100",,,2,0,59290.0,59289.99,"Konica Minolta Bizhub C452, C552, C652, C654, C654E, C754, C754EBizhub 654, 654e, 754, 754e",Блок ленты переноса,Transfer Belt Unit,Konica Minolta,оригинальный,не предусмотрено,1200000,не предусмотрено,A2X0R70100,"A0P0R70000, A0P0R70011, A0P0R70022, A0P0R70033, A0P0R753,  A0P0R75300, A0P0R75311, A0P0R75322, A2X0R70111, A55VR70000","Konica Minolta Bizhub C452, C552, C652, C654, C654E, C754, C754E; Bizhub 654, 654e, 754, 754e",C452/C654,Агрегат трансферной ленты Блок для переноса тонера Блок изображения Блок переноса изображения Блок переноса тонера Блок ремня переноса Блок трансфера Блок трансферной ленты Блок IBT Блок TBU Комплект ленты переноса Комплект переноса Модуль для принтера Модуль ленты переноса Модуль переноса Модуль промежуточной ленты переноса Модуль IBT Belt Сборка ленты переноса Сборка ремня переноса изображения Трансферный блок Трансферный модуль Трансферный ремень в сборе Узел для переноса изображения Узел ленты переноса Узел переноса Узел транспортировки тонера Узел трансферной ленты IBT Unit Image Transfer Belt Unit Intermediate Transfer Belt Unit Transfer Belt Unit аналог Коника Conika Konika бицхаб бизхаб C 452 C 552 C 652 C 654 C 654e C 754 C 754e 654 654e 754 754e С452 С552 С652 С654 С654е С754 С754е 654е 754е,Перенос изображения,Ленты переноса,"10000, грамм",Гарантия на данный товар не предоставляется,,,,,,,,,,,,,,,,,,,,,,,,,,,,,,,,,,,,,,,,
400000031973,"Чип тонер-картриджа совместим. 006R01530 для Xerox C550/C570, желтый (yellow)",,,319,0,200.0,200.0,"Xerox Color C550, C560, C570",Чип тонер-картриджа,не предусмотрено,Xerox,совместимый,006R01530,34000,желтый (yellow),не предусмотрено,не предусмотрено,"Xerox Color C550, C560, C570",C550/C570,Xerox Color Colour C550 C560 C570,Прочее,Чипы,"1, грамм",Гарантия на данный товар не предоставляется,JDY,,,,,,,,,,,,,,,,,,,,,,,,,,,,,,,,,,,,,,,
400000020379,"Чистящее лезвие (Wiper blade)  совместим. для лазерных принтеров Samsung ML-2165, Булат",,,1,0,52.6,55.48,"Ракель для лазерных принтеров Samsung ML2160, ML2165, SCX3400, SCX3405 и картриджей MLT-D101S. Ракель — металлическая пластина для очистки поверхности фотобарабана от остаточного тонера. Из-за того, что ракель прилегает к фотобарабану — от его качества зависит срок службы фотобарабана, т. к. поврежденный ракель увеличивает напряжение на фотобарабан.",,,,,,,,,,,,,,,,,,,,MLT-D101S,"Samsung ML2160, ML2165, SCX3400, SCX3405",,Noname,,,,,,,,,,,,,,,,,,,,,,,,,,,,,,,,,
400000029495,"Картридж оригинал. Konica Minolta TN512Y A33K252/A33K292, для цветных лазерных принтеров C454/C554, желтый (yellow), 26000стр A4",,,2,0,4790.0,4790.0,"Оригинальный черный тонер-картридж TN512Y для использования с принтерами Konica Minolta Bizhub C454, C454e, C554, C554e. Ресурс картриджа составляет около 26 000 страниц.",Картридж,,Konica Minolta,оригинальный,,26000,,,"A33K292G, A33K272","Konica-Minolta C454, 554",C454/C554,Konica Minolta bizhub C454 C454e C554 C554e C 454 C 454e C 554 C 554e Коника Минолта Минольта Бизхаб Бицхаб replenisher тонер туба флакон порошок краска картриж тонер-картридж,,,"700, грамм",10 месяцев,,,,,,,,TN512Y,A33K292G,A33K252,A33K292,желтый (yellow),для цветных лазерных принтеров,"497,8",,Япония,,,,,,,,,,,,,,,,,,,,,,,,
400000018149,"Фотобарабан  совместим. для лазерных принтеров HP CLJ 9500, Tonex",,,2,0,455.95,521.52,"Фотобарабан для лазерных принтеров HP CLJ 9500 и картриджей HP C8550A. Фотобарабан состоит из металлического цилиндра, на который нанесен фотослой. Фотобарабаны различаются размерами и формой шестерен, обеспечивающих его вращение. На фотобарабане лазер принтера засвечивает области, на которые магнитному валу необходимо нанести тонер. Срок службы фотобарабана зависит от используемых тонера и бумаги.",,,,,,,,,,,,,,,,,,,,HP C8550A,,,Tonex,,,,,,,,,,,,,,,,,,,,,HP CLJ 9500,,,,,,,,,,,,
400000022373,"Чип фотобарабана  совместим. для лазерных принтеров Xerox Phaser 7750 (108R00582/81) drum, черный (black), 32000стр A4, Tonex",,,1,0,232.81,275.89,"Чип для принтеров Xerox Phaser 7750 и картриджей 108R00582/81.Чип для картриджа — микросхема памяти, на которой записаны характеристики картриджа. Количество израсходованного тонера, подсчитанное чипом, лишь приблизительно и на момент когда, согласно подсчету, тонер израсходован и печать блокируется, картридж содержит еще около 30% тонера. Таким образом, замена чипа позволяет значительно сэкономить на расходных материалах лазерного принтера.",,,,,,,,,,,,,,,,,,,,108R00582/81,Xerox Phaser 7750,,Tonex,,,,,,,,,,,,,универсальный,,,,,,,,,,,,,,,,,,,,
400000032556,"Ролик переноса изображения первый (1st BTR Bias Transfer Roller) оригинал. для Xerox Versant 80/4100, 059K80881",,,3,0,5900.0,5899.99,"Xerox Versant Press 80, 170i, 180, 180i, 280; 2100, 3100, 3100i, 4100",Ролик переноса изображения первый,1st BTR Bias Transfer Roller,Xerox,оригинальный,не предусмотрено,нет данных,не предусмотрено,059K80881,059K80882,"Xerox Versant Press 80, 170i, 180, 180i, 280; 2100, 3100, 3100i, 4100",Versant 80/4100,Ролик первого переноса Ролик переноса изображения Ролик первичного переноса Вал переноса Ролик BTR Узел первого переноса 1st BTR Assembly First Transfer Roller Primary Transfer Roller Transfer Roller Assy BTR Assembly Ролик для переноса тонера Вал для первичного переноса Ролик для передачи изображения Узел переноса тонера Ролик первичного переноса изображения Primary Transfer Roll Transfer Roller Unit Image Transfer Roller Вал переноса изображения Ролик трансферного узла Ролик для печати Трансферный ролик Первичный ролик переноса Roll Image Transfer Roller Unit Вал первого переноса Трансферный вал (первый) BTR ролик (первый) BTR вал (первый) Ролик заряда 1st BTR ролик Валик первого переноса Ролик Bias Transfer Ролик начального переноса Ролик первого этапа переноса 80 180 280 2100 3100 4100 v80 v180 v280 v2100 v3100 v4100 Версант Версанта Вёрсант Xerox Versant Press 80 170i 180 180i 280 2100 3100 3100i 4100,Перенос изображения,Ролики переноса,"760, грамм",Гарантия на данный товар не предоставляется,,,,,,,,,,,,,,,,,,,,,,,,,,,,,,,,,,,,,,,,
400000033635,"Фильтр охлаждения (Electric Comp. Cooling Filter) оригинал. для Konica Minolta C1060/C4070, A50U109900",,,1,0,590.0,590.0,"AccurioPress C2060, C2070, C2070P, C3070, C3080, C3080P, C4070, C4080, C83hc;AccurioPrint C2060L, C3070L, C4065, C4065P;bizhub PRESS C1060, C1070, C1070P, C71cf, C71hc;bizhub PRO C1060L;AccurioLabel 190",Фильтр охлаждения,Electric Comp. Cooling Filter,Konica Minolta,оригинальный,не предусмотрено,600000,не предусмотрено,A50U109900,A50U 1099 00,"AccurioPress C2060, C2070, C2070P, C3070, C3080, C3080P, C4070, C4080, C83hc; AccurioPrint C2060L, C3070L, C4065, C4065P; bizhub PRESS C1060, C1070, C1070P, C71cf, C71hc; bizhub PRO C1060L; AccurioLabel 190",C1060/C4070,Фильтр охлаждения Охлаждающий фильтр Фильтр для охлаждения Фильтр электрических компонентов Очистительный фильтр Фильтр для принтера Фильтр для печатной машины Элемент фильтрации Фильтрующий элемент Фильтр для полиграфического оборудования Фильтр для МФУ Фильтр для полиграфического оборудования Оригинальный фильтр Konica Minolta Защита электрических компонентов Запчасть Деталь Фильтр охлождения Фильтр для охлождения Фильтр охлаждения electric купить фильтр охлаждения Konica Minolta Konica Коника Minolta Минолта Минольта bizhub бицхаб бизхаб Press Пресс Прес C2060 C 2060 C2070 C 2070 C2070P C 2070P C3070 C 3070 C3080 C 3080 C3080P C 3080P C4070 C 4070 C4080 C 4080 C83hc C2060L C 2060L C3070L C 3070L C4065 C 4065 C4065P C 4065P C1060 C 1060 C1070 C 1070 C1070P C 1070P C71cf C71hc PRO C1060L C 1060L С2060 С2070 С2070Р С3070 С3080 С3080Р С4070 С4080 С83hc С2060L С3070L С4065 С4065Р С1060 С1070 С1070Р С71cf С71hc С1060L,Прочее,Фильтры,"6, грамм",Гарантия на данный товар не предоставляется,,,,,,,,,,,,,,,,,,,,,,,,,,,,,,,,,,,,,,,,
400000032121,"Блок девелопера (Developer Housing) оригинал. для Xerox (Fujifilm) C550/J75, черный (black), 604K86360",,,16,0,12390.0,14190.0,"Xerox Color C550, C560, C570; C60, C70;Digital Color Press 700, 700i, 770; C75; J75;PrimeLink C9065, C9070;DocuColor 240, 250, 242, 252, 260;WorkCentre 7655, 7665, 7675, 7755, 7765, 7775",Блок девелопера,Developer Housing,Xerox (Fujifilm),оригинальный,не предусмотрено,1500000,черный (black),604K86360,"604K50040, 604K50041, 604K50042, 604K50043, 604К86360, 604K86361, 604K86362, 604K86363, 604K85120, 641S00734","Xerox Color C550, C560, C570; C60, C70; Digital Color Press 700, 700i, 770, C75, J75; PrimeLink C9065, C9070; DocuColor 240, 250, 242, 252, 260; WorkCentre 7655, 7665, 7675, 7755, 7765, 7775",C550/J75,"Xerox DocuColor Docu Color Colour DC240 DC242 DC250 DC252 DC260 DC 240 DC 242 DC 250 DC 252 DC 260 Color Colour C550 C560 C570 C60 C70 C75 J75 C 550 C 560 C 570 C 60 C 70 C 75 J 75 Digital Color Press 700 700i 770 PrimeLink Prime Link C9065 C9070 C 9065 C 9070 WorkCentre 7655, 7665, 7675, 7755, 7765, 7775 WC7655 WC7665 WC7675 WC7755 WC7765 WC7775 праймлинк ксерокс колор калор пресс линк воркцентр вёркцентр ворк вёрк docu DocuColor доку PrimeLink Prime colour color праймлинк ксерокс колор калор docu DocuColor доку воркцентр вёркцентр ворк вёрк housing assembly assy developer проявки проявка носитель",Формирование изображения,Блок девелопера,"1458, грамм",Гарантия на данный товар не предоставляется,,,,,,,,,,,,,,,,,,,,,,,,,,,,,,,,,,,,,,,,
400000009931,"Фотобарабан  совместим. для лазерных принтеров HP LJ 1010, SGT",,,25,50,89.81,97.62,"Фотобарабан для принтеров HP LJ 1010, 1012, 1015, 1018, 1020, 1022, 3015, 3020, 3030, 3050, 3052, 3055, М1005, M1319f",,,,,,,,,,,,,,,,,,,,Q2612A,,,Asia OC,,,,,,,,,,,,,,,,,,,,,"НР LJ 1010, 1012, 1015, 1018, 1020, 1022, 3015, 3020, 3030, 3050, 3052, 3055, М1005, M1319f",,,,,,,,,,,,
400000024346,"Чип тонер-картриджа  совместим. для лазерных принтеров Kyocera FS-C8600/8650 (TK-8600Y), желтый (yellow), 20000стр A4, Tonex",,,1,0,52.95,62.67,"Чип для лазерных принтеров Kyocera FS-C8600, 8650 и картриджей TK-8600Y, желтый (yellow), Чип для лазерного картриджа — микросхема памяти, на которой записаны характеристики картриджа. Количество израсходованного тонера, подсчитанное чипом, лишь приблизительно и на момент когда, согласно подсчету, тонер израсходован и печать блокируется, картридж содержит еще около 30% тонера. Таким образом, замена чипа позволяет значительно сэкономить на расходных материалах лазерного принтера.Чип для принтеров Kyocera FS-C8600, 8650",,,,,,,,,,,,,,,,,,,,TK-8600Y,"Kyocera FS-C8600, 8650",,Tonex,,,,,,,,,,,,,,,желтый (yellow),,,,,,,,,,,,,,,,,,
400000032151,"Печной ремень (Fusing Belt) оригинал. для Xerox (Fujifilm) C560/C75, 064K93438",,,1,0,14900.0,14900.0,"Xerox Color C60, C70, 550, 560, 570;Xerox Color J75, C75 Press;Xerox 700, 700i, 770 Digital Color Press;Xerox PrimeLink C9065, C9070;Xerox DocuColor 240, 242, 250, 252, 260;",Печной ремень,Fusing Belt,Xerox (Fujifilm),оригинальный,не предусмотрено,нет данных,не предусмотрено,064K93438,"064K93832, 064K93833, 064K93834, 064K93835","Xerox Color C550, C560, C570; C60, C70; Digital Color Press DC700, DC700i, DC770; PrimeLink C9065, C9070",C560/C75,Лента для запекания тонера Лента для печки Лента термозакрепления Нагревательная лента Нагревательный ремень Плёнка печки Ремень для запекания Ремень для термоблока Ремень для фиксации изображения Ремень для фьюзера Ремень печки Ремень термоблока Ремень фьюзера Термолента Термопленка Терморемень Фьюзерная лента Фьюзерный ремень Fixing Belt Fuser Belt Original Fuser Film Fuser Heat Belt Fusing Belt Fusing Film Heat Belt Thermal Belt Xerox Color Colour C 550 560 570 C550 C560 C570; C 60 70 C60 C70; Digital Color Press DC 700 700i 770 DC700 700i 770 i; PrimeLink Prime Link C 9065 9070 C9065 C9070 C550 C560 C570 С550 С560 С570 C 60 C 70 C 75 С60 С70 С75 J 75 C 9065 C 9070 С9065 С9070 DC700 DC700i DC770 Колор Калэр Праймлинк Пресс,Закрепление изображения,Печные валы и ремни,"308, грамм",Гарантия на данный товар не предоставляется,,,,,,,,,,,,,,,,,,,,,,,,,,,,,,,,,,,,,,,,
400000030344,"Чип тонер-картриджа  совместим. для лазерных принтеров HP LJ M104/M132 CF218A, черный (black), 1400стр A4, Булат",,,7,0,310.81,327.84,"Чип для лазерных принтеров HP LJ M104/M132 CF218A, черный (black)",Чип тонер-картриджа,,Булат,совместимый,HP LJ M104/M132 CF218A,1400,черный (black),,,,,"HP LJ M104, HP LJ M132",,,"2, грамм",Гарантия на данный товар не предоставляется,Булат,CF218A,Чипы,,,,,,,,,,,,,,,,,,,,,,,,,,,,,,,,,,,,,
400000026587,"Картридж HP C8543X с чипом, black (черный), для лазерных принтеров HP LJ9000, 9040, M9040, 9050, M9050, 30000стр,",,,2,0,5504.0,5770.4,,,,,,,,,,,,,,,,"1522, грамм",Гарантия на данный товар не предоставляется,,,,,,,,,,,,,,,,,,,,,,,,,,,,,,,,,,,,,,,,
400000016908,"Чип тонер-картриджа  совместим. для лазерных принтеров HP CF213A/CB543A/CC533A/CE323A/CE413A/CF383A/CE403A/CF353A/CE343A/CE263A/CE273A/CE743A/CE313A/CE253A/Canon 716/722/723/729/732 (BUHPLJM251150), пурпурный (magenta), Китай",,,19,0,22.48,24.44,"Чип универсальный для HP CP1025, CP1215, CM1312 mfp, CM1415, CP1515n, CP1518n, CP1525, CP2025, CM2320mfp, CP3525, CM3530, CP4025, CP4525, CP5225, CP5525, MFP M176, MFP M177, M251, MFP M276, M452, M476, M477, M551, MFP M575, MFP M775, Canon LBP5050, MF8030C, 8040C, 8050C, 8080C, LBP7750C, LBP7010C, LBP7780C и картриджей HP CF213A, CB543A, CC533A, CE323A, CE413A, CF383A, CE403A, CF353A, CE343A, CE263A, CE743A, CE313A, CE253A, Canon 716, 722, 723, 729, 732 . Чип для лазерного картриджа — микросхема памяти, на которой записаны характеристики картриджа. Количество израсходованного тонера, подсчитанное чипом, лишь приблизительно и на момент когда, согласно подсчету, тонер израсходован и печать блокируется, картридж содержит еще около 30% тонера. Таким образом, замена чипа позволяет значительно сэкономить на расходных материалах лазерного принтера.Чип для принтеров HP Color LJ CP1210, CP1215, CP1217, CP1510, CP1515, CP1518, CM1312, CM2320, CP2020, CP2025, CM3530, CP3525, CM4540, CP4025, CP4525, CP5525, M750, CP1012, CP1020, CP1025, M175, M275, CM1415, CP1525, M775, M551, M575, M570, M351, M357, M375, M451, M475, CP5225, M251, M276, M176, M177, M476, Canon LBP5050, MF8030, MF8040, MF8050, MF8080, LBP9100, LBP7750, LBP7010C, LBP7018C, LBP7780, LBP7100, LBP7110, MF623, MF628, MF8230, MF8280, LBP7200",,,,,,,,,,,,,,,,,,,,HP CC533A,"HP CLJ CP1515, 2025, Pro 200, 300, 400, 500, 700, 5525, Canon LBP-7110",,,,,,,,,,,,,,,,,,,,,,,,,,,,,,,,,,,
400000020383,"Чип тонер-картриджа  совместим. для лазерных принтеров Xerox Phaser 4510 (113R00712), черный (black), 18000стр A4, Tonex",,,1,0,217.41,227.46,Чип для лазерных принтеров Xerox Phaser 4510 и картриджей 113R00712,,,,,,,,,,,,,,,,,,,,113R00712,Xerox Phaser 4510,,Tonex,,,,,,,,,,,,,универсальный,,,,,,,,,,,,,,,,,,,,
400000032842,"Картридж оригинал. Xerox 006R01649/CT202295, для цветных лазерных принтеров Versant 80/280, желтый (yellow), 22000стр A4",,,191,0,6880.0,6880.0,"Opигинaльный тoнeр-картридж Xerox, желтый (yellow)Подходит для принтеров Xerox Versant 80, 170i, 180, 180i, 280 PressКартриджи предназначены для распространения в США и Канаде, для корректной работы требуется заменучипа.",Картридж,,Xerox,оригинальный,,22000,,,"006R01641, 006R01645, 006R01848, CT202283, CT202287, CT202291, CT202295, CT202299, CT202303, CT203445","Xerox Versant 80, 170i, 180, 180i, 280 Press",Versant 80/280,Xerox Versant 80 170 170i 180 180i 280 v80 c170i v180 v180i v280 Press Ксерокс Версант вёрсант пресс туба тонер порошок краска репленишер replenisher,,,"1220, грамм",10 месяцев,,,,,,,,не предусмотрено,006R01645,006R01649,CT202295,желтый (yellow),для цветных лазерных принтеров,638,695,США,,,,,,,,,,,,,,,,,,,,,,,,
400000031850,"Девелопер (Developer) оригинал. для Xerox WC7525/C8035, черный (black), 675K85030",,,4,0,1960.0,1960.0,"Уценка: отсутствует коробкаXerox WorkCentre 7525, 7530, 7535, 7545, 7556, 7830, 7835, 7845, 7855, 7970, 7830i, 7835i, 7845i, 7855i, WC7970i, AltaLink C8030, 8035, 8045, 8055, 8070",Девелопер,Developer,Xerox,оригинальный,не предусмотрено,120000,черный (black),675K85030,675K085030,"Xerox WorkCentre 7525, 7530, 7535, 7545, 7556, 7830, 7835, 7845, 7855, 7970, 7830i, 7835i, 7845i, 7855i, WC7970i, AltaLink C8030, 8035, 8045, 8055, 8070, Xerox Phaser 7800",WC7525/C8035,Xerox WorkCentre WorkCenter Work Centre Center WC7525 WC7530 WC7535 WC7545 WC7556 WC7830 WC7835 WC7845 WC7855 WC7970 Xerox Phaser 7800 проявитель носитель,Формирование изображения,Девелоперы,"245, грамм",Гарантия на данный товар не предоставляется,,,,,,,,,,,,,,,,,,,,,,,,,,,,,,,,,,,,,,,,
400000031431,"Чистящее лезвие ленты переноса (Transfer Belt Cleaning Blade) оригинал. для Konica Minolta C5500/C70hc, A03U553000",,,38,0,2490.0,2490.01,"Konica Minolta Bizhub Press C6000, C7000, C7000P, C70HC;Bizhub Pro C5500, C5501, C6000L, C6500, C6501, C65HC",Чистящее лезвие ленты переноса,Transfer Belt Cleaning Blade,Konica Minolta,оригинальный,не предусмотрено,200000,не предусмотрено,A03U553000,не предусмотрено,"Konica Minolta Bizhub Press C6000, C7000, C7000P, C70HC; Bizhub Pro C5500, C5501, C6000L, C6500, C6501, C65HC",C5500/C70hc,Блейд IBT Деталь для очистки Лезвие для очистки ремня Лезвие для принтера Лезвие для трансферной ленты Лезвие для чистки ремня переноса Лезвие очистки Лезвие очистки переносного ремня Лезвие очистки промежуточного ремня Лезвие очистки транспортного ремня Лезвие очистки IBT-ленты Лезвие переноса Лезвие чистки Нож очистки промежуточного транспортного ремня Очиститель ленты Ракель Ракель ленты переноса Ракель IBT-ленты Скребок Чистящая пластина Чистящее лезвие IBT Чистящий нож Чистящий нож для ленты переноса Чистящий ракель IBT-ленты Чистящий элемент IBT чистящее лезвие IBT Belt Cleaner 2nd image transfer blade Коника Conika Konika Минолта Минольта бицхаб бизхаб Пресс Прес Про C 6000 C 7000 C 7000P C 70HC C 5500 C 5501 C 6000L C 6500 C 6501 C 65HC С6000 С7000 С7000Р С70НС С5500 С5501 С6000Л С6500 С6501 С65НС,Перенос изображения,Лезвия подбора,"159, грамм",Гарантия на данный товар не предоставляется,,,,,,,,,,,,,,,,,,,,,,,,,,,,,,,,,,,,,,,,
400000033185,"Ролик переноса изображения первый (1st Transfer Roller) оригинал. для Konica Minolta C6000/C70hc, черный (black), A1DU500500",,,2,0,5690.0,5690.0,"Konica Minolta bizhub PRESS C6000, C7000, C7000P, C70hc, C8000;bizhub PRO C5500, C5501, C6000L, C6500, C6501, C65hc",Ролик переноса изображения первый,1st Transfer Roller,Konica Minolta,оригинальный,не предусмотрено,300000,черный (black),A1DU500500,"A03U500400, AO3U5OO4OO, A1DU5OO5OO","Konica Minolta Bizhub Press C6000, C7000, C7000P, C70HC, C8000, Pro C5500, C5501, C6000L, C6500, C6500E, C6500EP, C6500P, C6501, C6501E, C6501EP, C6501P, C65HC, Develop Ineo + 5501, 6501",C6000/C70hc,1st BTR ролик 1st BTR Assembly 1st ITR Вал для первичного переноса Вал первого переноса Вал переноса изображения Вал переноса Ролик BTR Валик первого переноса Первичный ролик переноса Ролик для передачи изображения Ролик для переноса тонера Ролик для печати Ролик заряда Ролик начального переноса Ролик первичного переноса Ролик первичного переноса изображения Ролик первого переноса Ролик первого этапа переноса Ролик переноса изображения Ролик трансферного узла Ролик Bias Transfer Трансферный вал (первый) Трансферный ролик Узел первого переноса Узел переноса тонера BTR вал (первый) BTR ролик (первый) BTR Assembly First Transfer Roller Image Transfer Roller Image Transfer Roller Unit ITR Primary Transfer Roll Primary Transfer Roller Roll Transfer Roller Assy Transfer Roller Unit C 6000 C 7000 C 7000P C 70hc C 8000 C 5500 C 5501 C 6000L C 6500 C 6501 C 65hc С6000 С7000 С7000Р С70hс С8000 С5500 С5501 С6000l С6500 С6501 С65hс Konica Minolta Bizhub Press C6000 C7000 C7000P C70HC C8000 Pro C5500 C5501 C6000L C6500 C6501 C65HC C 6000 C 7000 C 7000P C 70HC C 8000 Pro C 5500 C 5501 C 6000L C 6500 C 6500E  C 6500EP C 6500P C 6501 C 6501E C 6501EP C 6501P C 65HC коника минолта минольта бицхаб бизхаб пресс про девелоп инео переноса трансфера Transfer Roller /K черный black key,Перенос изображения,Ролики переноса,"452, грамм",Гарантия на данный товар не предоставляется,,,,,,,,,,,,,,,,,,,,,,,,,,,,,,,,,,,,,,,,
400000033722,"Плата заземления в сборе (2nd Transfer Earth Plate Assy) оригинал. для Konica Minolta C1060/C4065, A50UR70G01",,,4,0,690.0,690.0,"AccurioPress C2060, C2070, C2070P, C3070, C3070P, C3080, C3080P, C4070, C4080, C7090, C7100, C83hc;AccurioPrint C2060L, C3070L, C4065, C4065P;bizhub PRESS C1060, C1070, C1070P, C71cf, C71hc;bizhub PRO C1060L;AccurioLabel 190, 230",Плата заземления в сборе,2nd Transfer Earth Plate Assy,Konica Minolta,оригинальный,не предусмотрено,1872000,не предусмотрено,A50UR70G01,"A5OUR7OGO1, A50U R70G 01","AccurioPress C2060, C2070, C2070P, C3070, C3070P, C3080, C3080P, C4070, C4080, C7090, C7100, C83hc; AccurioPrint C2060L, C3070L, C4065, C4065P; bizhub PRESS C1060, C1070, C1070P, C71cf, C71hc; bizhub PRO C1060L; AccurioLabel 190, 230",C1060/C4065,второй вторая №2 Контактная плата Плата земли Пластина заземления Узел заземления Плата второго переноса Заземляющая плата Плата трансферного заземления Заземляющий узел Модуль заземления Плата контакта заземления Заземление Заземляющая панель Заземляющий элемент Компонент заземления Контакт заземления Пластина земли Плата второго трансфера Плата для трансфера Узел второго переноса Плата заземления второго переноса Контур заземления Transfer Unit Заземляющая пластина в сборе Плата 2nd Transfer Earth Earth Plate для узла переноса Заземляющий электрод Transfer Unit Модуль заземления второго переноса Плата статического разряда Акку Аку Акурио Акуриопресс Аккуриопресс Акуриопрес Аккуриопрес Акурио пресс Аккурио пресс Акурио прес Аккурио прес Акуриопринт Аккуриопринт Акурио принт Аккурио принт бицхаб бизхаб Пресс Прес Про лейбел лэйбел Акуриолэйбл Аккуриолэйбл Акуриолэйбел Аккуриолэйбел Акуриолэйбэл Аккуриолэйбэл Акурио лэйбл Аккурио лэйбл Акурио лэйбел Аккурио лэйбел Акурио лэйбэл Акурио лэйбэл C2060 C 2060 C2070 C 2070 C2070P C 2070P C3070 C 3070 C3070P C 3070P C3080 C 3080 C3080P C 3080P C4070 C 4070 C4080 C 4080 C7090 C 7090 C7100 C 7100 C83hc C 83hc C2060L C 2060L C3070L C 3070L C4065 C 4065 C4065P C 4065P C1060 C 1060 C1070 C 1070 C1070P C 1070P C71cf C 71cf C71hc C 71hc C1060L C 1060L 190 230 С2060 С2070 С2070Р С3070 С3070Р С3080 С3080Р С4070 С4080 С7090 С7100 С83hc С2060L С3070L С4065 С4065Р С1060 С1070 С1070Р С71cf С71hc С1060L,Подача и вывод материала,Платы заземления,"12, грамм",Гарантия на данный товар не предоставляется,,,,,,,,,,,,,,,,,,,,,,,,,,,,,,,,,,,,,,,,
400000032753,"Картридж совместимый для цветных лазерных принтеров Canon, RTC 718C, голубой (cyan), с чипом, 2900стр A4, Булат 7Q",,,2,0,1002.76,1089.96,,Картридж совместимый,,Булат 7Q,,,2900,,,,,"Canon LBP7200cdn, LBP7210cdn, LBP7660cdn, LBP7680cx, MF724cdw, MF728cdw, MF8330cdn, MF8340cdn, MF8350cdn, MF8360cdn, MF8380cdw, MF8540cdn, MF8550cdn, MF8580cdw",,,,"628, грамм",Гарантия на данный товар не предоставляется,,,,,,,,RTC 718C,,,,голубой (cyan),для цветных лазерных принтеров Canon,,,,с чипом,Canon 718 Cyan,https://bulat-group.ru,,,,,,,,,,,,,,,,,,,,,
400000025992,"Картридж совместимый для ч/б лазерных принтеров Samsung, RTC MLT-D115L, черный (black), с чипом, 3000стр A4, Булат 7Q",,,1,0,1416.52,1536.75,"Черный тонер-картридж для принтеров Samsung SL-M2620, SL-M2670, SL-M2820, SL-M2830, SL-M2870, SL-M2880 заменяющий оригинальные картриджи MLT-D115L. Тонеры компании Булат для картриджей лазерных принтеров производятся из современного сырья. Это полимеры, применение которых позволяет использовать тонеры в тонер-картриджах для новых скоростных принтеров и копиров. Это магнетиты и зарядорегуляторы, позволяющие получать стабильные результаты качества печати. Все это, плюс технологические приемы, направленные на улучшение структуры и формы частиц тонера, позволяют получить продукт стабильного качества. Все стадии производства тонеров проходят жесткий технологический контроль, готовый продукт всесторонне тестируется. Более 20 параметров подлежат проверке. Компания Булат проводит исследование тонеров во взаимодействии с другими расходными материалами: фотобарабанами, валами первичного заряда и т. д. для наиболее эффективного использования формулировок в дальнейшем.",,,,,,,,,,,,,,,,,,,,,,,Булат,,,,,,,,,,,,http://www.bulatgroup.ru,,"RTC MLT-D115L с чипом (для принтеров, выпущенных до 01.07.2017)",black (черный),MLT-D115L,,3000,,,,,,,,,"Samsung SL-M2620, SL-M2670, SL-M2820, SL-M2830, SL-M2870, SL-M2880",,,,,,
400000030946,"Блок ленты переноса (Transfer Belt Unit) оригинал. для Konica Minolta C224/C554, A161R73311",,,9,0,16900.0,16900.0,"Konica Minolta bizhub C224, C224e, C258, C284, C284e, C308, C364, C364e, C368, C454, C454e, C554, C554ebizhub 224e, 284e, 364e, 454e",Блок ленты переноса,Transfer Belt Unit,Konica Minolta,оригинальный,не предусмотрено,300000,не предусмотрено,A161R73311,"A161R71300, A161R71311, A161R71322, A161R71333, A161R73300","Konica Minolta bizhub C224, C224e, C258, C284, C284e, C308, C364, C364e, C368, C454, C454e, C554, C554e",C224/C554,Агрегат трансферной ленты Блок для переноса тонера Блок изображения Блок переноса изображения Блок переноса тонера Блок ремня переноса Блок трансфера Блок трансферной ленты Блок IBT Блок TBU Комплект ленты переноса Комплект переноса Модуль для принтера Модуль ленты переноса Модуль переноса Модуль промежуточной ленты переноса Модуль IBT Belt Сборка ленты переноса Сборка ремня переноса изображения Трансферный блок Трансферный модуль Трансферный ремень в сборе Узел для переноса изображения Узел ленты переноса Узел переноса Узел транспортировки тонера Узел трансферной ленты IBT Unit Image Transfer Belt Unit Intermediate Transfer Belt Unit Transfer Belt Unit аналог Коника Conika Konika бицхаб бизхаб C 224 C 224e C 258 C 284 C 284e C 308 C 364 C 364e C 368 C 454 C 454e C 554 C 554e С224 С224е С258 С284 С284е С308 С364 С364е С368 С454 С454е С554 С554е,Перенос изображения,Ленты переноса,"4200, грамм",Гарантия на данный товар не предоставляется,,,,,,,,,,,,,,,,,,,,,,,,,,,,,,,,,,,,,,,,
400000031842,"Девелопер (Developer) оригинал. для Xerox C550/DC770, голубой (cyan), 675K76220/005R00731",,,21,0,3990.0,3990.0,"Xerox Color C550, C560, C570; C60, C70; C75, J75; Digital Color Press DC700, DC700i, DC770",Девелопер,Developer,Xerox,оригинальный,не предусмотрено,1500000,голубой (cyan),675K76220/005R00731,"005R00731, 505S00031","Xerox Color C550, C560, C570; C60, C70; C75, J75; Digital Color Press DC700, DC700i, DC770",C550/DC770,"Xerox Color Colour C550 C560 C570 C60 C70 C75 J75 Digital Color Press DC700, DC700i, DC770 проявитель носитель",Формирование изображения,Девелоперы,"497, грамм",Гарантия на данный товар не предоставляется,,,,,,,,,,,,,,,,,,,,,,,,,,,,,,,,,,,,,,,,
400000031100,"Картридж оригинал. Xerox 006R01481/CT201529, для цветных лазерных принтеров Color 800/1000, голубой (cyan), 55000стр A4",,,14,0,12780.0,12779.99,"Xerox Color 800, 800i, Color 1000, 1000i Press",Картридж,,Xerox,оригинальный,,55000,,,"006R01471, CT201904, CT201375","Xerox Color 800, 800i, Color 1000, 1000i Press",Color 800/1000,Xerox Color 800 800i Color 1000 1000i C800 C800i C1000 C1000i Press пресс колор калор калэр ксерокс DCP  тонер туба replenisher краска,,,"2700, грамм",10 месяцев,,,,,,,,не предусмотрено,006R01476,006R01481,CT201529,голубой (cyan),для цветных лазерных принтеров,1840,нет данных,США,,,,,,,,,,,,,,,,,,,,,,,,
400000029493,"Картридж оригинал. Konica Minolta TN512C A33K452/A33K492, для цветных лазерных принтеров C454/C554, голубой (cyan), 27500стр A4",,,3,0,4790.0,4790.0,"Оригинальный черный тонер-картридж TN512С для использования с принтерами Konica Minolta Bizhub C454, C454e, C554, C554e. Ресурс картриджа составляет около 26 000 страниц.",Картридж,,Konica Minolta,оригинальный,,27500,,,"A33K492G, A33K372","Konica-Minolta Bizhub C454, C454e, C554, C554e",C454/C554,Konica Minolta bizhub C454 C454e C554 C554e C 454 C 454e C 554 C 554e Коника Минолта Минольта Бизхаб Бицхаб replenisher тонер туба флакон порошок краска картриж тонер-картридж,,,"700, грамм",10 месяцев,,,,,,,,TN512C,A33K492G,A33K452,A33K492,голубой (cyan),для цветных лазерных принтеров,514,,Япония,,,,,,,,,,,,,,,,,,,,,,,,
400000031441,"Картридж оригинал. Xerox 006R01741/CT201705, для цветных лазерных принтеров C9065/C9070, желтый (yellow), 30000стр A4",,,9,0,6790.0,6790.0,"Xerox Primelink C9065/C9070Внимание, для работы картриджа на Xerox Color C9065/C9070 требуется заменачипа!",Картридж,,Xerox,оригинальный,,30000,,,"CT201589, 006R01737","Xerox PrimeLink C9065, C9070",C9065/C9070,Xerox Color Colour C550 C560 C570 C60 C70 C 550 C 560 C 570 C 60 C 70 PrimeLink Prime Link C9065 C9070 C 9065 C 9070 Праймлинк колор калэр калор colour пресс ксерокс тонер туба replenisher краска,,,"1315, грамм",10 месяцев,,,,,,,,не предусмотрено,006R01526,006R01741,CT201705,желтый (yellow),для цветных лазерных принтеров,638,737,США,,,,,,,,,,,,,,,,,,,,,,,,
400000030165,"Чип тонер-картриджа  совместим. для лазерных принтеров HP CB435A/CB436A/CE278A/CE285A/CE505A/CF280A/CE255A/CC364A/CF283A/CE390A/Canon 712/713/720/725/726/728 Universal, черный (black), Булат",,,9,0,47.59,50.19,"HP LJ P1005, P1006, P1007, P1008, P1009, M1120, M1522, P1505, M401, M425, M125, M126, M127, M128, M201, M225, P1102, P1109, M1132, M1136, M1212, M1214, M1217, M1536, P1560, P1566, P1600, P1606, P4014, P4015, P4515, M525, P3010, P3015, M521, M4555, M601, M602, M603, P2035, P2055, Canon LBP3250, LBP3010, LBP3100, MF6640, MF6680, F158200, LBP6000, LBP6020, LBP6030, MF3010, LBP6200, LBP6230, FAX-L150, FAX-L170, FAX-L410, MF4410, MF4430, MF4450, MF4550, MF4570, MF4580, MF4730, MF4750, MF4780, MF4870, MF4890, PC D520, PC D550, LBP6700, LBP6750, LBP6780, LBP6300, LBP6310, LBP6650, LBP6670, LBP6680, MF5840, MF5880, MF5940, MF5980, MF6140, MF6180",Чип тонер-картриджа,,Булат,совместимый,HP CB435A/CB436A/CE278A/CE285A/CE505A/CF280A/CE255A/CC364A/CF283A/CE390A/Canon 712/713/720/725/726/728 Universal,нет данных,черный (black),,,,,"HP LJ P1005, P1006, P1007, P1008, P1009, M1120, M1522, P1505, M401, M425, M125, M126, M127, M128, M201, M225, P1102, P1109, M1132, M1136, M1212, M1214, M1217, M1536, P1560, P1566, P1600, P1606, P4014, P4015, P4515, M525, P3010, P3015, M521, M4555, M601, M602, M603, P2035, P2055, Canon LBP3250, LBP3010, LBP3100, MF6640, MF6680, F158200, LBP6000, LBP6020, LBP6030, MF3010, LBP6200, LBP6230, FAX-L150, FAX-L170, FAX-L410, MF4410, MF4430, MF4450, MF4550, MF4570, MF4580, MF4730, MF4750, MF4780, MF4870, MF4890, PC D520, PC D550, LBP6700, LBP6750, LBP6780, LBP6300, LBP6310, LBP6650, LBP6670, LBP6680, MF5840, MF5880, MF5940, MF5980, MF6140, MF6180",,,"5, грамм",Гарантия на данный товар не предоставляется,Булат,"HP CB435A, CB436A, CE278A, CE285A, 
 CE505A, CF280A, CE255A, CC364A, CF283A, CE390A, Canon 712, 713, 720, 725, 726, 728",Чипы,,,,,,,,,,,,,,,,,,,,,,,,,,,,,,,,,,,,,
400000031609,"Блок девелопера (Developer Unit) оригинал. DV-711K для Konica Minolta C654/С754, черный (black), A2X203D",,,2,0,19990.0,19990.01,"Konica Minolta Bizhub 654, 654E, 754, 754E, C654, C654E, C754, C754E",Блок девелопера,Developer Unit,Konica Minolta,оригинальный,DV-711K,1200000,черный (black),A2X203D,не предусмотрено,"Konica Minolta Bizhub 654, 654E, 754, 754E, C654, C654E, C754, C754E",C654/С754,Konica Minolta Bizhub 654 654e 754 754e C654 C654e C754 C754E C 654 C 654e C 754 C 754e Минолта Минольта бизхаб бицхаб носитель носителя проявка проявки проявления проявитель узел юнит,Формирование изображения,Блок девелопера,"2605, грамм",Гарантия на данный товар не предоставляется,,,,,,,,,,,,,,,,,,,,,,,,,,,,,,,,,,,,,,,,
400000031359,"Картридж оригинал. Konica Minolta TN-812A A8H5030/A8H505A, для цветных лазерных принтеров Bizhub 758, черный (black), 49000стр A4",,,2,0,7290.0,7289.99,Konica Minolta Bizhub 758,Картридж,,Konica Minolta,оригинальный,,49000,,,A8H5050,Konica Minolta Bizhub 758,Bizhub 758,Konica Minolta Bizhub 758,,,"915, грамм",10 месяцев,,,,,,,,TN-812A,A8H505A,A8H5030,A8H505A,черный (black),для цветных лазерных принтеров,824,,Япония,,,,,,,,,,,,,,,,,,,,,,,,
400000033095,"Фотобарабан  совместим. для лазерных принтеров HP LJ1200, NetProduct",,,9,0,104.48,113.57,"Фотобарабан (OPC) NetProduct для восстановления картриджей печатающих устройств:HP LJ 1200,1220, 3300, 3310, HP LaserJet 1000/ 1150/ 1300/ 3320/ 3330/ 3380, Canon MF-3110, MF-3228, MF-3240, LBP-3200",Фотобарабан,,NetProduct,совместимый,HP LJ1200,нет данных,не предусмотрено,,,,,"HP LJ 1000, 1200, 1220, 3300, 3320, 3330, 3380, MF-3110, MF-3228, MF-3240, LBP-3200",,,"53, грамм",Гарантия на данный товар не предоставляется,NetProduct,C7115A,Фотобарабаны,,,,,,,,,,,,,,,,,,,,,,,,,,,,,,,,,,,,,
400000019459,"Картридж совместимый для ч/б лазерных принтеров Samsung, RTC MLT-D208L, черный (black), с чипом, 10000стр A4, Булат 7Q",,,1,0,1872.2,2008.6,"Черный тонер-картридж для принтеров Samsung SCX-5635, 5835, 1635, заменяющий оригинальные картриджи D208L. Тонеры компании Булат для картриджей лазерных принтеров производятся из современного сырья. Это полимеры, применение которых позволяет использовать тонеры в тонер-картриджах для новых скоростных принтеров и копиров. Это магнетиты и зарядорегуляторы, позволяющие получать стабильные результаты качества печати. Все это, плюс технологические приемы, направленные на улучшение структуры и формы частиц тонера, позволяют получить продукт стабильного качества. Все стадии производства тонеров проходят жесткий технологический контроль, готовый продукт всесторонне тестируется. Более 20 параметров подлежат проверке. Компания Булат проводит исследование тонеров во взаимодействии с другими расходными материалами: фотобарабанами, валами первичного заряда и т. д. для наиболее эффективного использования формулировок в дальнейшем.",,,,,,,,,,,,,,,,,,,,,,,Булат,,,,,,,,,,,,http://www.bulatgroup.ru,,RTC D208L с чипом,black (черный),ML-D208L,"Samsung SCX5635, SCX5835, SCX1635",10000,,,,,,,,,,,,,,,
400000031549,"Картридж оригинал. Konica Minolta TN-615C A1DY430/A1DY450, для цветных лазерных принтеров C8000, голубой (cyan), 60000стр A4",,,12,0,7690.0,7690.0,Konica Minolta Bizhub PRESS C8000,Картридж,,Konica Minolta,оригинальный,,60000,,,не предусмотрено,Konica Minolta Bizhub Press C8000,C8000,Konica Minolta Bizhub PRESS C8000,,,"1997, грамм",10 месяцев,,,,,,,,TN-615C,A1DY450,A1DY430,A1DY450,голубой (cyan),для цветных лазерных принтеров,1469,,Япония,,,,,,,,,,,,,,,,,,,,,,,,
400000025604,"Картридж совместимый для цветных лазерных принтеров Canon, RTC 731H B, черный (black), с чипом, 2400стр A4, Булат 7Q",,,1,0,733.53,797.31,"Черный тонер-картридж для принтеров Canon LBP 7100, 7110, MF 623, 628, 8230, 8280, заменяющий оригинальные картридж HP CB540A, CE320A, CF210X, картридж Canon 731H BlackТонеры компании Булат для картриджей лазерных принтеров производятся из современного сырья. Это полимеры, применение которых позволяет использовать тонеры в тонер-картриджах для новых скоростных принтеров и копиров. Это магнетиты и зарядорегуляторы, позволяющие получать стабильные результаты качества печати. Все это, плюс технологические приемы, направленные на улучшение структуры и формы частиц тонера, позволяют получить продукт стабильного качества. Все стадии производства тонеров проходят жесткий технологический контроль, готовый продукт всесторонне тестируется. Более 20 параметров подлежат проверке. Компания Булат проводит исследование тонеров во взаимодействии с другими расходными материалами: фотобарабанами, валами первичного заряда и т. д. для наиболее эффективного использования формулировок в дальнейшем.",,,,,,,,,,,,,,,,,,,,,,,Булат,,,,,,,,,,,,http://www.bulatgroup.ru,,RTC 731H B,черный (black),Canon 731H Black,"Canon LBP 7100, 7110, MF 623, 628, 8230, 8280",2400,,,,,,,,,,,,,,,
400000022449,"Картридж совместимый для ч/б лазерных принтеров Canon и HP, RTC Q7551X, черный (black), с чипом, 13000стр A4, Булат 7Q",,,1,0,1524.96,1657.56,"Черный тонер-картридж для принтеров HP LaserJet 3005, 3027, 3035 заменяющий оригинальные картриджи HP Q7551X. Тонеры компании Булат для картриджей лазерных принтеров производятся из современного сырья. Это полимеры, применение которых позволяет использовать тонеры в тонер-картриджах для новых скоростных принтеров и копиров. Это магнетиты и зарядорегуляторы, позволяющие получать стабильные результаты качества печати. Все это, плюс технологические приемы, направленные на улучшение структуры и формы частиц тонера, позволяют получить продукт стабильного качества. Все стадии производства тонеров проходят жесткий технологический контроль, готовый продукт всесторонне тестируется. Более 20 параметров подлежат проверке. Компания Булат проводит исследование тонеров во взаимодействии с другими расходными материалами: фотобарабанами, валами первичного заряда и т. д. для наиболее эффективного использования формулировок в дальнейшем.",,,,,,,,,,,,,,,,,,,,,,,Булат,,,,,,,,,,,,http://www.bulatgroup.ru,,RTC Q7551X,black (черный),HP Q7551X,"HP LaserJet 3005, 3027, 3035",13000,,,,,,,,,,,,,,,
400000032150,"Печка (Fusing Unit) оригинал. для Xerox (Fujifilm) C550/C70, 008R13059/126K29617",,,4,0,36900.0,36899.99,"Xerox Color C550, C560, C570; C60, C70; Digital Color Press DC700, DC700i, DC770; PrimeLink C9065, C9070",Печка,Fusing Unit,Xerox (Fujifilm),оригинальный,не предусмотрено,200000,не предусмотрено,008R13059/126K29617,"641S00649, 126K25130, 126K29615, 126K29616, 655N50028, 544P24436, 008R13065, 641S01093, 622S00915","Xerox Color C550, C560, C570; C60, C70; Digital Color Press DC700, DC700i, DC770; PrimeLink C9065, C9070",C550/C70,Xerox Color Colour C 550 560 570 C550 C560 C570; C 60 70 C60 C70; Digital Color Press DC 700 700i 770 DC700 700i 770 i; PrimeLink Prime Link C 9065 9070 C9065 C9070,Закрепление изображения,Печка,"5800, грамм",Гарантия на данный товар не предоставляется,,,,,,,,,,,,,,,,,,,,,,,,,,,,,,,,,,,,,,,,
400000032292,"Картридж оригинал. Konica Minolta TN-619K A3VX155/A3VX180, для цветных лазерных принтеров C1060/C4080, черный (black), 66500стр A4",,,38,0,7900.0,7900.0,"Konica Minolta AccurioPress C2060, C2070, C2070P, C3070, C3070P, C3080, C3080P, C4070, C4080, Bizhub Press C1060, C1070, C1070P",Картридж,,Konica Minolta,оригинальный,,66500,,,"A3VX130, A3VX150, A3VX153, A3VX15D, A3VX15H, A3VX15K","Konica Minolta AccurioPress C2060, C2070, C2070P, C3070, C3070P, C3080, C3080P, C4070, C4080, Bizhub Press C1060, C1070, C1070P",C1060/C4080,Accurio Press C2060 C2070 C2070P C3070 C3070P C3080 C3080P C4070 C4080 C 2060 C 2070 C 2070P C 3070 C 3070P C 3080 C 3080P C 4070 C 4080 Bizhub Press C1060 C1070 C1070P C 1060 C 1070 C 1070P Коника Минолта Минольта Бизхаб Бицхаб пресс Акурио Аккурио replenisher тонер туба флакон порошок краска,,,"1640, грамм",10 месяцев,,,,,,,,TN-619K,A3VX130,A3VX155,A3VX180,черный (black),для цветных лазерных принтеров,1222,,США,,,,,,,,,,,,,,,,,,,,,,,,
400000026217,"Картридж совместимый для ч/б лазерных принтеров HP, RTC CF244A, черный (black), с чипом, 1000стр A4, Булат 7Q",,,1,0,523.37,568.89,"Черный тонер-картридж для принтеров HP LaserJet M15, M28 заменяющий оригинальные картриджи CF244A. Тонеры компании Булат для картриджей лазерных принтеров производятся из современного сырья. Это полимеры, применение которых позволяет использовать тонеры в тонер-картриджах для новых скоростных принтеров и копиров. Это магнетиты и зарядорегуляторы, позволяющие получать стабильные результаты качества печати. Все это, плюс технологические приемы, направленные на улучшение структуры и формы частиц тонера, позволяют получить продукт стабильного качества. Все стадии производства тонеров проходят жесткий технологический контроль, готовый продукт всесторонне тестируется. Более 20 параметров подлежат проверке. Компания Булат проводит исследование тонеров во взаимодействии с другими расходными материалами: фотобарабанами, валами первичного заряда и т. д. для наиболее эффективного использования формулировок в дальнейшем.",Картридж совместимый,,Булат 7Q,,,1000,,,,,"HP LaserJet M15, M28",,,,"615, грамм",Гарантия на данный товар не предоставляется,,,,,,,,RTC CF244A,,,,черный (black),для ч/б лазерных принтеров HP,,,,с чипом,CF244A,http://www.bulatgroup.ru,,,,,,,,,,,,,,,,,,,,,
400000023218,"Картридж совместимый для ч/б лазерных принтеров Xerox, RTC PE220, черный (black), с чипом, 3000стр A4, Булат 7Q",,,3,0,1072.81,1166.1,"Черный тонер-картридж для принтеров WC PE220, заменяющий оригинальные картриджи 013R00621. Тонеры компании Булат для картриджей лазерных принтеров производятся из современного сырья. Это полимеры, применение которых позволяет использовать тонеры в тонер-картриджах для новых скоростных принтеров и копиров. Это магнетиты и зарядорегуляторы, позволяющие получать стабильные результаты качества печати. Все это, плюс технологические приемы, направленные на улучшение структуры и формы частиц тонера, позволяют получить продукт стабильного качества. Все стадии производства тонеров проходят жесткий технологический контроль, готовый продукт всесторонне тестируется. Более 20 параметров подлежат проверке. Компания Булат проводит исследование тонеров во взаимодействии с другими расходными материалами: фотобарабанами, валами первичного заряда и т. д. для наиболее эффективного использования формулировок в дальнейшем.",,,,,,,,,,,,,,,,,,,,,,,Булат,,,,,,,,,,,,http://www.bulatgroup.ru,,RTC PE220 с чипом,black (черный),013R00621,Xerox WC PE 220,,3000,,,,,,,,,,,,,,
400000031102,"Картридж оригинал. Xerox 006R01483/CT201531, для цветных лазерных принтеров Color 800/1000, желтый (yellow), 55000стр A4",,,2,0,12780.0,12779.99,"Xerox Color 800, 800i, Color 1000, 1000i Press",Картридж,,Xerox,оригинальный,,55000,,,"006R01473, CT201906, CT201377","Xerox Color 800, 800i, Color 1000, 1000i Press",Color 800/1000,Xerox Color 800 800i Color 1000 1000i C800 C800i C1000 C1000i Press пресс колор калор калэр ксерокс DCP тонер туба replenisher краска,,,"2700, грамм",10 месяцев,,,,,,,,не предусмотрено,006R01478,006R01483,CT201531,желтый (yellow),для цветных лазерных принтеров,1840,нет данных,США,,,,,,,,,,,,,,,,,,,,,,,,
400000013499,"Картридж совместимый для ч/б лазерных принтеров Canon и HP, RTC Q2612A, FX10, С703, черный (black), с чипом, 2000стр A4, Булат 7Q",,,29,0,414.74,450.8,"Черный тонер-картридж для принтеров HP LaserJet 1010, 1012, 1015, 1018, 1020, 1022, 3015, 3020, 3030, 3050, 3052, 3055, M1005, 1319, Cannon Fax L100, L120, L140, L160, PC-D450, i-SENSYS MF4010, MF4018, MF4120, MF4150, MF4270, MF4660, MF4690, MF4320, MF4330, MF4340, MF4350, MF4370, MF4380, LBP2900, LBP3000, заменяющий оригинальные картриджи FX-10, Q2612. Тонеры компании Булат для картриджей лазерных принтеров производятся из современного сырья. Это полимеры, применение которых позволяет использовать тонеры в тонер-картриджах для новых скоростных принтеров и копиров. Это магнетиты и зарядорегуляторы, позволяющие получать стабильные результаты качества печати. Все это, плюс технологические приемы, направленные на улучшение структуры и формы частиц тонера, позволяют получить продукт стабильного качества. Все стадии производства тонеров проходят жесткий технологический контроль, готовый продукт всесторонне тестируется. Более 20 параметров подлежат проверке. Компания Булат проводит исследование тонеров во взаимодействии с другими расходными материалами: фотобарабанами, валами первичного заряда и т. д. для наиболее эффективного использования формулировок в дальнейшем.",,,,,,,,,,,,,,,,,,,,,,,Булат,,,,,,,,,,,,http://www.bulatgroup.ru,,"RTC Q2612A, FX-10, С703 с чипом",black (черный),"Q2612A, FX-10, С703","HP LaserJet 1010, 1012, 1015, 1018, 1020, 1022, 3015, 3020, 3030, 3050, 3052, 3055, M1005, 1319, Cannon Fax L100, L120, L140, L160, PC-D450, i-SENSYS MF4010, MF4018, MF4120, MF4150, MF4270, MF4660, MF4690, MF4320, MF4330, MF4340, MF4350, MF4370, MF4380, LBP2900, LBP3000",2000,,,,,,,,,,,,,,,
400000031975,"Чип тонер-картриджа совместим. 006R01532 для Xerox C550/C570, голубой (cyan)",,,424,0,200.0,200.0,"Xerox Color C550, C560, C570",Чип тонер-картриджа,не предусмотрено,Xerox,совместимый,006R01532,34000,голубой (cyan),не предусмотрено,не предусмотрено,"Xerox Color C550, C560, C570",C550/C570,Xerox Color Colour C550 C560 C570,Прочее,Чипы,"1, грамм",Гарантия на данный товар не предоставляется,JDY,,,,,,,,,,,,,,,,,,,,,,,,,,,,,,,,,,,,,,,
400000019827,"Чип тонер-картриджа  совместим. для лазерных принтеров Kyocera FS-С5100 (TK-540K), черный (black), 5000стр A4",,,2,0,230.66,270.07,"Чип для лазерных принтеровKyocera FS-C5100DN, и картриджейТК540K.Чип для лазерного картриджа — микросхема памяти, на которой записаны характеристики картриджа. Количество израсходованного тонера, подсчитанное чипом, лишь приблизительно и на момент когда, согласно подсчету, тонер израсходован и печать блокируется, картридж содержит еще около 30% тонера. Таким образом, замена чипа позволяет значительно сэкономить на расходных материалах лазерного принтера.",,,,,,,,,,,,,,,,,,,,ТК540K,Kyocera FS-C5100DN,,,,,,,,,,,,,,,Европа,,,,,,,,,,,,,,,,,,,,
400000032908,"Ролик захвата бумаги (Paper Feed/Separation Roller) оригинал. для Konica Minolta Pro 920/Press 1250, 55VAR75000",,,7,0,1390.0,1390.0,"AccurioPress 6120, 6136, 6136P, 6272P;AccurioPrint 2100;bizhub PRESS 1250, 1250P, 2250P;bizhub PRO 1050, 1050e, 1051, 1052, 1100, 1200, 920, 950, 951",Ролик захвата бумаги,Paper Feed/Separation Roller,Konica Minolta,оригинальный,не предусмотрено,нет данных,не предусмотрено,55VAR75000,"A4EUR71511, A4EUR71500","AccurioPress 6120, 6136, 6136P, 6272P; AccurioPrint 2100; bizhub 920; bizhub PRESS 1250, 1250P, 2250P; bizhub PRO 1050, 1050e, 1051, 1052, 1100, 1200, 920, 950, 951",Pro 920/Press 1250,Захватывающий ролик Резиновый ролик Ремкомплект роликов подач Ролик байпасс Ролик для захвата бумаги Ролик для кассеты Ролик для лотка Ролик для лотка подачи Ролик для МФУ Ролик для подачи Ролик для подачи бумаги Ролик для подачи документов Ролик для подачи листов Ролик для принтера Ролик для ручной подачи Ролик для транспортировки бумаги Ролик захвата Ролик захвата бумаги Ролик лотка Ролик отделения (Retard Roll) Ролик подачи Ролик подачи (Feed Roll) Ролик подачи бумаги Ролик подачи в сборе Ролик подачи листов Ролик подачи ручного лотка Ролик подхвата Ролик сепарации Ролик bypass Bypass roll Document Feed Roller Feed Roll Feed Roller Paper Feed Roller Paper Transport Roller Pick-up Roller Roller Repair Tray Feed Roller Konica Minolta AccurioPrint Accurio Print AccurioPress Accurio Press Bizhub Press Pro AccurioPress AccurioPrint bizhub PRESS PRO Акку Аку Акурио Акуриопринт Аккуриопринт Акурио принт Аккурио принт бицхаб бизхаб Пресс Прес Про 6120 6136 6136P 6272P 2100 920 1250 1250P 2250P 1050 1050e 1051 1052 1100 1200 920 950 951 6136P 6272P 1250P 2250P 1050e 6136Р 6272Р 1250Р 2250Р 1050е,Подача и вывод материала,Ролики подачи и захвата,"21, грамм",Гарантия на данный товар не предоставляется,,,,,,,,,,,,,,,,,,,,,,,,,,,,,,,,,,,,,,,,
