printer_id,parts
400000026262,"400000030648,400000033101,400000033383,400000030881,400000024153,400000024174,400000030649,400000030650,400000024601,400000030647"
400000027216,400000023565
400000028953,400000025926
400000031314,
400000029772,
400000026668,"400000027146,400000022273"
400000027267,400000023678
400000028094,"400000030642,400000023678"
400000026170,
400000029540,"400000021248,400000021250,400000021251,400000021249"
400000032367,"400000030894,400000032908,400000031824,400000033700,400000031867,400000033724,400000031932"
400000028955,"400000025926,400000030641"
400000027246,"400000024601,400000024174,400000024602"
400000028884,"400000021214,400000013502,400000002831,400000026157,400000015958"
400000024404,"400000024602,400000030658,400000024174,400000030659,400000024601,400000030660"
400000028802,"400000017602,400000030314,400000030017,400000009850"
400000028867,400000016877
400000026907,
400000027934,"400000016907,400000029033,400000011107,400000026157,400000022933,400000016908,400000015427"
400000032360,"400000032108,400000031836,400000032872,400000032121,400000032150,400000031839,400000032576,400000032874,400000031837,400000031948,400000032109,400000032581,400000031949,400000032557,400000031844,400000031840,400000031983,400000031982,400000033573,400000032104,400000031838,400000032873,400000032577,400000032875,400000032516,400000031951,400000031843,400000031981,400000031950,400000032151,400000031841,400000031971,400000031842,400000031980,400000032107,400000033704,400000032149"
400000033662,400000033573
400000033131,"400000031851,400000033246,400000033247,400000032574,400000031853,400000033245,400000031850,400000031852"
400000033529,
400000028805,"400000017602,400000030314,400000030017,400000009850"
400000030120,
400000028995,400000023565
400000028931,400000023607
400000030988,
400000031077,"400000030894,400000030895,400000031428,400000031615,400000033730,400000031817"
400000033433,400000030896
400000032424,"400000033575,400000031460,400000033196,400000033573"
400000028864,"400000030638,400000021245"
400000033434,
400000026794,
400000029777,400000021766
400000033489,
400000033808,"400000032448,400000032447,400000032450,400000033704,400000032449"
400000027268,400000023678
400000028645,"400000029033,400000026157,400000022933,400000016908,400000016907"
400000028669,"400000002802,400000022933"
400000026480,"400000016407,400000009229,400000030633,400000002831,400000015958"
400000030720,"400000030907,400000030664,400000030728,400000030894,400000031345,400000031364,400000030887,400000031615,400000033730,400000031609,400000030886,400000033724"
400000030997,"400000032108,400000031836,400000032121,400000033581,400000031839,400000032576,400000031837,400000032629,400000033580,400000032581,400000031844,400000031840,400000033575,400000033573,400000033578,400000032104,400000031838,400000032577,400000032516,400000031843,400000032622,400000032151,400000031841,400000031842,400000033579,400000032107,400000032149"
400000026735,400000030637
400000028849,400000022273
400000028821,"400000030635,400000025158,400000027144"
400000033499,
400000029737,
400000029478,400000022278
400000028885,"400000021214,400000002831,400000013502,400000015958"
400000029516,"400000024343,400000024346,400000024345,400000024344"
400000026896,400000021215
400000026557,"400000015038,400000022452"
400000032657,"400000031428,400000030894,400000033730"
400000026904,400000024172
400000033527,
400000033263,400000033194
400000026946,
400000028964,400000025926
400000026377,
400000029802,
400000027903,"400000016907,400000029033,400000026157,400000022933,400000016908,400000015427"
400000028175,400000033101
400000033531,
400000028463,"400000002831,400000015958"
400000028763,"400000026157,400000022933,400000029033"
400000028888,"400000017602,400000012999,400000009850"
400000026538,"400000021214,400000015038,400000030634,400000011851,400000002831,400000025157,400000015958,200000003556,400000011758"
400000026423,
400000032413,"400000032108,400000032121,400000031838,400000032577,400000032516,400000032104,400000032107,400000032581,400000032149"
400000032468,"400000032148,400000032684,400000032147,400000032683"
400000026329,
400000033749,400000032005
400000026551,"400000021214,400000013502,400000030636,400000002831,400000015958,400000030165"
400000032667,"400000030897,400000032570,400000030894"
400000028800,"400000017602,400000030314,400000030017,400000009850"
400000028024,"400000015019,400000015020,400000016322,400000016325,400000016324,400000016323,400000015018"
400000033811,"400000032448,400000032447,400000032450,400000033704,400000032449"
400000026877,"400000021245,400000030019"
400000030977,"400000033102,400000030952"
400000015102,"400000021214,400000013502,400000002831,400000015958,400000030165"
400000033485,
400000032423,"400000033723,400000033638,400000033701,400000033633,400000031615,400000031931,400000033699,400000033721,400000031819,400000033240,400000033635,400000033724,400000031859,400000033639,400000033722,400000031929,400000031516,400000031115,400000031871,400000031346,400000033700,400000033730,400000031470,400000033713,400000032870,400000031518,400000033631,400000031430,400000033728,400000031469,400000033180,400000031422,400000032259,400000033636,400000031420,400000033181,400000033703,400000033731,400000031820,400000033183,400000031517,400000033729,400000031471,400000030973,400000033182,400000032836,400000033725,400000033727,400000033702,400000031515,400000033184,400000031229,400000033720,400000033632,400000033732"
400000026834,"400000030638,400000032700,400000021245,400000027147"
400000031009,"400000030907,400000030664,400000030728,400000030894,400000031345,400000031364,400000030887,400000031615,400000033730,400000031609,400000030886,400000033724"
400000033502,
400000032361,"400000032108,400000031836,400000032872,400000032121,400000032150,400000031839,400000032576,400000031945,400000031577,400000032874,400000031837,400000032109,400000032581,400000031978,400000032557,400000031844,400000031840,400000031580,400000031944,400000031979,400000033573,400000032104,400000031976,400000031947,400000031838,400000032873,400000032577,400000031946,400000032875,400000032516,400000031843,400000031579,400000031977,400000032151,400000031841,400000031971,400000031842,400000031578,400000032107,400000033704,400000032149"
400000033301,400000033196
400000029002,400000023565
400000029488,"400000032568,400000030895,400000031615,400000030906,400000030886,400000030661,400000031918,400000032569,400000031222,400000032571,400000030896,400000030662,400000031611,400000021871,400000030664,400000030728,400000030898,400000030888,400000031427,400000024540,400000031919,400000030945,400000030907,400000030946,400000032570,400000030894,400000030887,400000031920,400000016173"
400000033479,
400000026583,
400000031017,"400000032568,400000031615,400000030906,400000030886,400000033724,400000031918,400000032569,400000031222,400000032571,400000030896,400000031611,400000021871,400000030664,400000030728,400000030898,400000030888,400000031427,400000031919,400000030945,400000030907,400000030946,400000032570,400000030894,400000030897,400000030887,400000031920,400000016173"
400000029767,
400000033447,"400000033730,400000031931,400000031871,400000033724"
400000026774,400000022273
400000026395,
400000033813,"400000032686,400000032687"
400000026953,"400000030639,400000018141,400000013495,400000033110,400000016877"
400000028978,400000023565
400000029500,"400000021723,400000009229"
400000026286,
400000027181,
400000026468,"400000016407,400000021558,400000009229,400000030633,400000009931,400000033096,400000002831,400000021698,400000015958"
400000033669,400000030950
400000026226,"400000030646,400000030645,400000030643,400000024601,400000030644"
400000028733,"400000015427,400000022933,400000030612"
400000033517,400000030896
400000026271,"400000030648,400000033383,400000024153,400000024174,400000030649,400000030650,400000024601,400000030647"
400000028712,"400000002802,400000022933"
400000033525,
400000028069,"400000030642,400000023678"
400000027266,400000023678
400000028766,"400000029033,400000026157,400000022933,400000016908,400000016907"
400000027096,"400000017602,400000014883,400000012999,400000030021,400000030165,400000009850"
400000028787,"400000017602,400000030017,400000030165,400000009850"
400000026471,"400000016407,400000021558,400000009229,400000030633,400000009931,400000033096,400000002831,400000021698,400000015958"
400000026229,"400000030646,400000030645,400000022503,400000030643,400000024601,400000030644"
400000033661,400000033573
400000028896,400000023607
400000027122,"400000021214,400000013502,400000002831,400000015958,400000030165"
400000026382,
400000026863,"400000013639,400000021245,400000021434"
400000026375,400000024601
400000028912,400000023607
400000029006,"400000022452,400000015503"
400000026345,"400000026704,400000030655,400000030656"
400000028743,"400000016907,400000029033,400000026157,400000022933,400000016908,400000015427"
400000026898,"400000015222,400000010567,400000021215"
400000029805,
400000030158,"400000029975,400000033101"
400000033655,400000033573
400000033765,400000033714
400000033538,
400000031016,"400000030907,400000032570,400000030664,400000030728,400000030897,400000030887,400000030886"
400000029528,"400000033246,400000022458,400000022460,400000022459,400000022461,400000033704,400000033245"
400000028982,400000023565
400000029790,
400000026957,400000022448
400000028375,"400000016407,400000009229,400000030633,400000002831,400000015958"
400000028848,"400000027146,200000001644,400000022273"
400000033526,
400000032634,"400000030898,400000030894,400000030897,400000031427,400000033724"
400000033414,
400000033476,400000030896
400000031007,"400000032554,400000031615,400000032260,400000030886,400000031222,400000030947,400000032571,400000030896,400000021871,400000030664,400000030728,400000030898,400000031427,400000030907,400000032570,400000030894,400000030897,400000030887,400000031613"
400000028870,400000016877
400000026984,"400000021214,400000010374,400000011851,400000002831,400000025157,400000015958,400000011757"
400000026220,400000018342
400000033445,"400000033730,400000031931,400000031871,400000033724"
400000033450,
400000028862,"400000021245,400000027147"
400000033203,
400000027686,"400000030894,400000030895,400000011450,400000031615,400000030896,400000021871,400000016173"
400000033518,
400000026706,400000016210
400000032430,"400000031222,400000031615,400000030950,400000030898"
400000026402,"400000021214,400000010374,400000011851,400000002831,400000025157,400000015958,400000011757"
400000026964,400000007891
400000026227,"400000024601,400000030644,400000030643,400000022503"
400000026932,400000022448
400000033406,
400000026416,400000015958
400000033819,"400000031931,400000033186"
400000026915,
400000033392,400000031820
400000032416,"400000032908,400000031866,400000031615,400000032173,400000031868,400000033724"
400000026161,
400000026862,"400000013639,400000021245,400000021434"
400000026719,"400000025156,400000021215,400000030640"
400000028460,400000002831
400000026872,"400000030638,400000021245"
400000033486,
400000026365,
400000026231,"400000030882,400000024601,400000024174,400000024602"
400000032464,"400000032148,400000032684,400000032147,400000032683"
400000026795,
400000027215,400000023565
400000026949,
400000033268,400000033194
400000027801,"400000015427,400000022933,400000030612"
400000030989,
400000028546,"400000016407,400000002831,400000015958"
400000030979,"400000031434,400000033742,400000031366,400000032258,400000031512,400000031514,400000033730,400000030949,400000033720,400000031429,400000030970,400000031513,400000031365,400000031511,400000033724"
400000026337,400000024601
400000028944,400000027142
400000033330,"400000030898,400000030894,400000030897,400000031427,400000030896"
400000033540,400000030896
400000027245,"400000024601,400000024174,400000024602"
400000032451,"400000030670,400000033701,400000031803,400000031934,400000031931,400000033188,400000031819,400000033185,400000033724,400000031431,400000031115,400000031871,400000033700,400000033730,400000033187,400000032838,400000031521,400000030671,400000033346,400000032978,400000031823,400000031820,400000030672,400000030673,400000033189,400000033729,400000033725,400000033192,400000033186,400000033191"
400000028954,400000025926
400000026512,
400000033277,"400000033194,400000033195"
400000032396,"400000033723,400000033638,400000033701,400000033633,400000031615,400000031931,400000033699,400000033721,400000031819,400000033240,400000033635,400000033724,400000031859,400000033639,400000033722,400000031929,400000031516,400000031115,400000031871,400000031435,400000031346,400000033700,400000033730,400000031470,400000033713,400000032870,400000031518,400000033631,400000031430,400000033728,400000031469,400000033180,400000031422,400000032259,400000033636,400000031420,400000033181,400000033703,400000033731,400000031820,400000033183,400000031517,400000033729,400000031471,400000030973,400000033182,400000032836,400000033725,400000033727,400000033702,400000031515,400000033184,400000031229,400000033720,400000033632,400000033732"
400000032386,"400000031520,400000032568,400000031612,400000031615,400000032105,400000033724,400000032569,400000031222,400000030947,400000032571,400000031673,400000030896,400000021871,400000031087,400000030898,400000032106,400000032500,400000030946,400000032570,400000030894,400000030897,400000016173"
400000027123,"400000030344,400000025158"
400000026681,"400000011148,400000025156,400000021215,400000030640"
400000029729,
400000026942,
400000027874,"400000016907,400000016908,400000022933,400000029033"
400000027272,400000023678
400000032365,"400000032570,400000030894,400000030898,400000032569,400000032554,400000030947,400000031613,400000031427,400000032571,400000031615,400000030896,400000031675,400000031674,400000032260,400000021871,400000031087,400000031676,400000033724"
400000027307,"400000029975,400000033101"
400000033441,"400000030897,400000030898,400000030894,400000033724"
400000013451,"400000030651,400000030648,400000033383,400000030881,400000024153,400000024174,400000030649,400000030882,400000030650,400000024601,400000030647,400000030652"
400000026961,400000007891
400000033789,400000033697
400000033756,400000032005
400000026902,400000021215
400000026201,"400000024601,400000030644,400000030643"
400000027762,"400000020609,400000022933,400000024216"
400000028924,400000023607
400000028966,400000025926
400000026448,"400000017602,400000026018,400000033100,400000030345"
400000033652,400000033573
400000033435,"400000031820,400000030896"
400000033460,400000030896
400000028828,"400000030635,400000030344,400000025158,400000027144"
400000028777,"400000029033,400000011107,400000026157,400000016908,400000016907"
400000027804,"400000016907,400000029033,400000011107,400000026157,400000022933,400000015427"
400000026453,"400000017602,400000026018,400000033100"
400000029000,400000023565
400000026500,"400000016407,400000009229,400000030633,400000002831,400000015958"
400000033659,400000033573
400000029722,
400000032636,"400000031851,400000033246,400000033247,400000032562,400000032574,400000031853,400000033245,400000032567,400000031850,400000031852"
400000026905,"400000024172,400000022448"
400000033536,
400000027208,400000023565
400000026203,"400000024601,400000030644"
400000028104,"400000030642,400000023678"
400000026374,
400000032378,"400000031520,400000032568,400000031615,400000030906,400000031918,400000032569,400000031222,400000032571,400000030896,400000031611,400000021871,400000030888,400000032500,400000031919,400000030945,400000030946,400000032570,400000030894,400000031920"
400000029506,400000021560
400000032431,"400000031203,400000031434,400000031510,400000033725,400000032258,400000031204,400000031871,400000031205,400000033730,400000030949,400000033720,400000031931,400000031429,400000031206,400000033185,400000033724"
400000028827,"400000030635,400000030344,400000025158,400000027144"
400000029726,
400000031019,"400000030907,400000032570,400000030664,400000030728,400000030894,400000030897,400000030887,400000031615,400000030886,400000033724"
400000026921,
400000033397,
400000026603,"400000017602,400000030017,400000022453,400000030632,400000014883,400000012999,400000030165,400000030021,400000030314,400000030020,400000030312,400000009850"
400000026255,400000024174
400000028950,400000025926
400000026420,"400000010374,400000033095,400000002831,400000015958,400000011757"
400000026936,"400000022448,400000021560"
400000026750,"400000027145,400000033603,400000010377,400000032007,400000030637"
400000033519,
400000033426,
400000027273,400000023678
400000026744,"400000025156,400000021215,400000030640"
400000031030,"400000033723,400000033638,400000033701,400000033633,400000031931,400000033699,400000033721,400000031819,400000033240,400000033635,400000033724,400000031859,400000033639,400000033722,400000031929,400000031516,400000031115,400000031871,400000031435,400000031346,400000033700,400000033730,400000031470,400000033713,400000032870,400000031518,400000033631,400000031430,400000033728,400000031469,400000033180,400000031422,400000032259,400000033636,400000033346,400000031420,400000033181,400000033703,400000033731,400000031820,400000033183,400000031517,400000033729,400000031471,400000030973,400000033182,400000032836,400000033725,400000033727,400000031515,400000033184,400000031229,400000033720,400000033632"
400000026399,"400000021214,400000010374,400000011851,400000002831,400000025157,400000015958,400000011757"
400000032385,"400000032570,400000030894,400000030898,400000030897,400000031222,400000030947,400000031613,400000031427,400000032571,400000032568,400000031615,400000031684,400000030896,400000021871,400000033724"
400000029007,"400000022452,400000015503"
400000030102,
400000028833,"400000030635,400000025158"
400000026153,
400000026549,"400000021214,400000021558,400000013502,400000030313,400000030636,400000002831,400000015958,400000030165,400000030314"
400000026732,"400000025156,400000021215"
400000026422,
400000032357,"400000033701,400000033633,400000033699,400000033721,400000031819,400000033635,400000031859,400000033724,400000033639,400000033722,400000031929,400000031516,400000031115,400000033700,400000033730,400000031470,400000032870,400000033631,400000033728,400000031422,400000032259,400000033636,400000031420,400000030972,400000033181,400000031820,400000031517,400000031471,400000030973,400000032836,400000033725,400000033727,400000033702,400000031515,400000033720,400000033632"
400000026363,
400000026210,"400000024601,400000030644,400000030643"
400000026233,"400000024601,400000024174,400000024602"
400000028794,"400000017602,400000030017,400000030165,400000009850"
400000033492,
400000033202,
400000033515,"400000027145,400000033603"
400000029054,
400000032639,"400000031851,400000033246,400000033247,400000032562,400000032574,400000031853,400000033245,400000032567,400000031850,400000031852"
400000026747,"400000025156,400000021215,400000030640"
400000026600,"400000017602,400000030017,400000022453,400000030632,400000014883,400000012999,400000030165,400000030021,400000030314,400000030312,400000009850"
400000026867,"400000030638,400000021245"
400000026555,"400000021214,400000013502,400000030636,400000002831,400000015958,400000030165"
400000026674,"400000027146,200000001644,400000022273"
400000028031,"400000016913,400000012701,400000016912,400000016911"
400000033453,
400000026914,
400000029746,"400000030638,400000016141"
400000028824,"400000030635,400000025158"
400000026383,
400000033386,
400000028032,"400000016913,400000012701,400000016912,400000016911"
400000026586,
400000028769,"400000016907,400000026157,400000022933,400000029033"
400000026267,"400000030651,400000030648,400000033383,400000024174,400000030649,400000030882,400000017716,400000030650,400000024601,400000030647,400000030652"
400000026530,"400000021214,400000033098,400000021558,400000015038,400000030634,400000011851,400000002831,400000025157,400000015958,200000003556,400000011758"
400000030119,
400000033454,
400000028850,400000021215
400000032640,"400000031851,400000033246,400000033247,400000032562,400000032574,400000031853,400000033245,400000032567,400000031850,400000031852"
400000027247,
400000026392,"400000002831,400000022450,400000033097,400000011759"
400000032669,"400000030897,400000032570,400000030894"
400000033482,
400000026252,400000024174
400000032680,
400000033390,400000031820
400000028727,"400000015427,400000022933,400000030612"
400000026256,400000024174
400000032393,"400000033723,400000033638,400000033701,400000033633,400000031931,400000033699,400000033721,400000031819,400000033240,400000033635,400000033724,400000031859,400000033639,400000033722,400000031929,400000031516,400000031115,400000031871,400000031435,400000031346,400000033700,400000033730,400000031470,400000033713,400000032870,400000031518,400000033631,400000031430,400000033728,400000031469,400000033180,400000031422,400000032259,400000033636,400000033346,400000031420,400000033181,400000033703,400000033731,400000031820,400000033183,400000031517,400000033729,400000031471,400000030973,400000033182,400000032836,400000033725,400000033727,400000031515,400000033184,400000031229,400000033720,400000033632"
400000026230,"400000030646,400000030645,400000022503,400000030643,400000024601,400000030644"
400000026403,"400000021214,400000010374,400000033095,400000011851,400000002831,400000025157,400000015958,400000011757"
400000026950,
400000026720,"400000025156,400000021215,400000030640"
400000028829,"400000030635,400000030344,400000025158,400000027144"
400000026478,"400000016407,400000009229,400000030633,400000002831,400000015958"
400000028921,400000023607
400000026241,"400000024601,400000024174"
400000033284,"400000033194,400000033195"
400000033481,
400000027213,400000023565
400000027239,"400000025307,400000029060,400000033102,400000030952"
400000033281,400000033194
400000033436,"400000031820,400000030896"
400000033266,400000033194
400000029775,"400000024601,400000024174,400000024602"
400000029721,
400000028992,400000002803
400000029804,
400000033458,
400000026457,
400000028728,"400000015427,400000022933,400000030612"
400000028890,"400000017602,400000030017,400000014883,400000030165,400000009850"
400000033282,400000033194
400000032653,"400000030897,400000032570"
400000026756,"400000027145,400000033603,400000010377,400000032007,400000030637"
400000026657,
400000030701,"400000030670,400000030974,400000033701,400000031615,400000031931,400000033188,400000031819,400000033185,400000033724,400000031431,400000031115,400000031871,400000033700,400000033730,400000033187,400000032838,400000030671,400000031469,400000033346,400000031820,400000030672,400000030975,400000030673,400000033189,400000033729,400000033182,400000033725,400000033192,400000033241,400000033720,400000033186,400000033191"
400000029739,
400000026285,"400000030648,400000024602,400000033383,400000024174,400000030649,400000024601"
400000028971,400000023565
400000033276,"400000033194,400000033195"
400000033758,400000032005
400000026947,
400000028990,400000023565
400000028468,"400000002831,400000033097,400000011759"
400000029725,
400000033418,400000030896
400000026659,"400000027146,200000001644,400000022273"
400000028796,"400000017602,400000014883,400000012999,400000030021,400000030165,400000009850"
400000033768,400000033714
400000033616,
400000033205,
400000029797,
400000033533,
400000027058,"400000017602,400000030632,400000022453,400000014883,400000012999,400000021698,400000030165,400000030021,400000030312,400000009850"
400000029552,400000021766
400000029055,
400000029752,400000030638
400000033821,400000032908
400000028865,"400000030639,400000018141,400000013495,400000033110,400000016877"
400000026454,"400000017602,400000026018,400000033100,400000030345"
400000033747,400000032005
400000027263,
400000033446,"400000033730,400000031931,400000031871,400000033724"
400000026469,"400000016407,400000021558,400000009229,400000030633,400000009931,400000033096,400000002831,400000021698,400000015958"
400000028894,"400000017602,400000014883,400000012999,400000030165,400000030021,400000030020,400000009850"
400000026349,"400000026704,400000030655,400000030656"
400000030991,"400000033575,400000031460,400000033196,400000033573"
400000029794,
400000026542,
400000026604,"400000017602,400000030017,400000022453,400000030632,400000014883,400000012999,400000030165,400000030021,400000030314,400000030020,400000030312,400000009850"
400000026963,400000007891
400000026861,"400000013639,400000021245,400000021434"
400000028765,"400000016907,400000026157,400000022933,400000029033"
400000033556,"400000032683,400000032684"
400000032662,"400000030894,400000011450,400000030896,400000021871,400000016173"
400000033449,400000030896
400000027237,"400000025307,400000029060,400000033102,400000030952"
400000029549,400000022373
400000026214,400000030644
400000026884,400000030061
400000026900,"400000015222,400000010567,400000015041,400000021215"
400000026724,"400000025156,400000021215,400000030640"
400000032368,"400000030670,400000030974,400000033701,400000031615,400000031931,400000033188,400000031819,400000033185,400000033724,400000031431,400000031115,400000031871,400000033700,400000033730,400000033187,400000032838,400000030671,400000031469,400000033346,400000031587,400000031820,400000030672,400000030975,400000032318,400000030673,400000032317,400000033189,400000033729,400000033182,400000033725,400000033192,400000033241,400000033720,400000033186,400000033191"
400000029727,
400000026580,"400000030314,400000030165"
400000033443,
400000026944,
400000029742,
400000032404,"400000032108,400000031836,400000032872,400000032121,400000032150,400000031839,400000032576,400000031945,400000031577,400000032874,400000031837,400000032109,400000032581,400000031978,400000032557,400000031844,400000031840,400000031580,400000031944,400000031979,400000033573,400000032104,400000031976,400000031947,400000031838,400000032873,400000032577,400000031946,400000032875,400000032516,400000031843,400000031579,400000031977,400000032151,400000031841,400000031971,400000031842,400000031578,400000032107,400000033704,400000032149"
400000033615,
400000032389,"400000032570,400000030898,400000032568,400000031613,400000032571,400000031615,400000030896,400000021871"
400000033764,400000033714
400000026746,"400000025156,400000021215,400000030640"
400000027280,400000027142
400000027264,
400000029808,
400000029038,"400000016908,400000026157,400000016907,400000029033"
400000032461,"400000032908,400000031824,400000031803,400000033730,400000031823,400000031932"
400000033668,400000030950
400000033763,400000033714
400000026801,"400000030639,400000018141,400000020379,400000013495,400000021432,400000033110,400000016877"
400000026208,"400000019405,400000030646,400000030645,400000030643,400000024601,400000030644"
400000027292,400000027142
400000026581,400000030165
400000028466,"400000002831,400000015958,400000010374,400000011757"
400000026806,"400000016877,400000024056"
400000032632,"400000031922,400000032570,400000030898,400000030894,400000030897,400000032554,400000031427,400000032571,400000021871,400000033724"
400000028946,400000027142
400000033298,400000033196
400000033687,400000032567
400000026978,
400000026479,"400000016407,400000009229,400000030633,400000002831,400000015958"
400000033520,
400000033159,"400000031987,400000031671,400000031583,400000032578,400000031849,400000033545,400000032565,400000032561,400000032517,400000031984,400000032581,400000031459,400000032579,400000032563,400000032566,400000033575,400000031954,400000031584,400000031953,400000033573,400000032564,400000031847,400000032556,400000032516,400000032580,400000031846,400000032868,400000031952,400000031985,400000031986,400000031848,400000031955,400000032940"
400000028851,"400000015222,400000010567,400000021215"
400000030115,
400000033175,"400000032516,400000032581"
400000028927,400000023607
400000031033,"400000032570,400000030894,400000030898,400000030897,400000031222,400000030888,400000016173,400000030895,400000032571,400000032568,400000031615,400000030896,400000030906,400000031611,400000021871,400000033724"
400000033154,"400000031838,400000032121,400000032577,400000032516,400000032581,400000032104"
400000033438,"400000031820,400000030896"
400000029538,"400000021248,400000021250,400000021251,400000021249"
400000028767,"400000016907,400000026157,400000022933,400000029033"
400000033584,
400000026369,400000025387
400000033204,"400000033723,400000033638,400000033701,400000031931,400000031819,400000033240,400000033724,400000033639,400000033722,400000031115,400000031871,400000031435,400000031802,400000033730,400000031470,400000033713,400000033631,400000031422,400000031420,400000033181,400000033703,400000033183,400000033729,400000031471,400000033182,400000032836,400000033184"
400000031070,"400000030894,400000031364,400000030895,400000031615,400000031428,400000033730,400000031817,400000033724"
400000033814,"400000032686,400000032687"
400000026655,400000016210
400000028682,"400000016907,400000016908,400000022933,400000029033"
400000027198,
400000029515,"400000025326,400000030343"
400000032459,"400000030894,400000032908,400000031824,400000031923,400000033700,400000033724"
400000028174,400000033101
400000033495,400000030896
400000032642,"400000031851,400000033246,400000033247,400000032562,400000032574,400000031853,400000033245,400000032567,400000031850,400000031852"
400000026792,
400000029994,
400000033402,400000031923
400000026200,400000030644
400000032476,
400000026473,"400000016407,400000021558,400000009229,400000030633,400000009931,400000002831,400000015958"
400000032420,"400000032908,400000033700,400000031867,400000032173,400000031868,400000031932,400000033724"
400000026243,"400000024601,400000024174"
400000029468,400000016210
400000033125,
400000026607,"400000017602,400000030017,400000022453,400000030632,400000014883,400000012999,400000030165,400000030021,400000030314,400000030020,400000030312,400000009850"
400000026721,"400000025156,400000021215"
400000029522,"400000019830,400000019828,400000024174,400000019829,400000024601,400000019827"
400000026986,"400000021214,400000010374,400000022453,400000011851,400000002831,400000025157,400000015958,400000011757"
400000027098,"400000017602,400000014883,400000012999,400000030021,400000030165,400000009850"
400000027105,"400000017602,400000014883,400000012999,400000030021,400000030165,400000009850"
400000026334,
400000027871,"400000029033,400000011107,400000022933,400000016908,400000016907"
400000032672,"400000031851,400000033246,400000033247,400000032562,400000032574,400000033704,400000031853,400000033245,400000032567,400000031850,400000031852"
400000026361,
400000033258,"400000033194,400000033193,400000033195"
400000029791,
400000029774,"400000024601,400000024174,400000024602"
400000028930,400000023607
400000026567,
400000026541,"400000015038,400000022452"
400000028779,"400000016908,400000016907,400000029033"
400000030001,
400000026417,400000015958
400000026809,400000021215
400000033427,
400000026239,"400000024601,400000024174,400000024602"
400000028945,400000027142
400000033660,400000033573
400000033437,
400000032399,"400000032703,400000032578,400000031849,400000033545,400000032701,400000032565,400000032561,400000032517,400000032581,400000031459,400000032627,400000032579,400000032563,400000032566,400000033575,400000033573,400000032564,400000031847,400000032556,400000032516,400000032580,400000032702,400000031846,400000032868,400000031848,400000032940"
400000026342,400000026704
400000029462,"400000027146,200000001644"
400000028757,"400000015427,400000022933,400000030612"
400000032403,"400000032108,400000031941,400000031836,400000032872,400000032121,400000032150,400000031839,400000032576,400000032874,400000031837,400000032109,400000031973,400000031943,400000032581,400000031940,400000031942,400000032003,400000032557,400000031844,400000031840,400000031575,400000031574,400000033573,400000032104,400000031838,400000032873,400000032577,400000032875,400000032516,400000031843,400000031573,400000031972,400000032151,400000031841,400000031971,400000032002,400000031842,400000031576,400000031975,400000032107,400000033704,400000031854,400000031974,400000032149"
400000033404,
400000033745,400000032005
400000033173,"400000032516,400000032581"
400000026269,"400000030651,400000030648,400000033383,400000024174,400000030649,400000017716,400000030650,400000024601,400000030647,400000030652"
400000028892,"400000017602,400000030017,400000014883,400000030165,400000009850"
400000032412,"400000032108,400000032121,400000031838,400000032577,400000032516,400000032104,400000032107,400000032581,400000032149"
400000026599,"400000017602,400000030017,400000022453,400000030632,400000014883,400000012999,400000030165,400000030021,400000030314,400000030312,400000009850"
400000026553,"400000021214,400000013502,400000030636,400000002831,400000015958,400000030165"
400000032682,400000030896
400000031076,"400000030894,400000031364,400000030895,400000031615,400000031428,400000033730,400000031817,400000033724"
400000028658,"400000029033,400000026157,400000022933,400000016908,400000016907"
400000030992,"400000033575,400000031460,400000033196,400000033573"
400000026576,"200000001820,400000015038"
400000026631,"400000017602,400000030017,400000030165,400000009850"
400000028171,400000033101
400000032408,"400000032108,400000032151,400000032121,400000031838,400000032577,400000033573,400000032516,400000032104,400000032107,400000033704,400000032581,400000032149"
400000028544,"400000021214,400000002831,400000013502,400000015958"
400000029786,
400000026418,"400000010374,400000033095,400000002831,400000015958,400000011757"
400000026165,
400000033280,400000033194
400000033792,400000033698
400000032414,"400000032908,400000031824,400000033700,400000031867,400000031615,400000032173,400000031868,400000031932,400000033724"
400000033532,
400000026641,"400000030311,400000021558,400000029976,400000033101,400000029977,400000024837,400000026019,400000029975"
400000026899,"400000010567,400000021215"
400000028975,400000023565
400000032397,"400000030670,400000030974,400000033701,400000031615,400000031931,400000033188,400000031819,400000033185,400000033724,400000031929,400000031431,400000031115,400000031871,400000033700,400000033730,400000033187,400000032838,400000030671,400000031469,400000032259,400000033346,400000031820,400000030672,400000030975,400000030673,400000033189,400000033729,400000033182,400000033725,400000033192,400000033241,400000033720,400000033186,400000033191"
400000026975,400000022363
400000026974,
400000033420,
400000031045,"400000032570,400000030898,400000030894,400000030895,400000030896"
400000026629,"400000017602,400000033101,400000030017,400000030632,400000014883,400000012999,400000030165,400000030021,400000030314,400000030022,400000009850"
400000026552,"400000021214,400000013502,400000030636,400000002831,400000015958,400000030165"
400000029512,400000025306
400000029724,
400000026477,"400000016407,400000009229,400000030633,400000002831,400000015958"
400000028918,400000023607
400000028861,"400000021245,400000027147"
400000032456,"400000031922,400000030894,400000030898,400000030897,400000032554,400000031427,400000032571,400000032111,400000031104,400000021871"
400000026645,"400000029975,400000033101"
400000026597,"400000017602,400000030017,400000030632,400000012999,400000030165,400000030021,400000030314,400000009850"
400000028459,400000002831
400000026189,
400000028803,"400000017602,400000030314,400000030017,400000009850"
400000033459,
400000033516,
400000029751,400000030638
400000033158,"400000031987,400000031671,400000031583,400000032578,400000031849,400000033545,400000032565,400000032561,400000032517,400000031984,400000032581,400000031459,400000032579,400000032563,400000032566,400000033575,400000031954,400000031584,400000031953,400000033573,400000032564,400000031847,400000032556,400000032516,400000032580,400000031846,400000032868,400000031952,400000031985,400000031986,400000031848,400000031955,400000032940"
400000027220,400000022938
400000026341,400000026704
400000026398,"400000021214,400000010374,400000033095,400000011851,400000002831,400000025157,400000015958,400000011757"
400000033273,"400000033194,400000033195"
400000026389,
400000031436,"400000031434,400000033742,400000031366,400000032258,400000031512,400000031514,400000033730,400000030949,400000033720,400000031429,400000030970,400000031513,400000031365,400000031511,400000033724"
400000033297,400000033196
400000028957,"400000025926,400000030641"
400000033543,
400000026623,"400000017602,400000030017,400000030632,400000014883,400000012999,400000030165,400000030021,400000030314,400000030022,400000009850"
400000026362,
400000033810,"400000032448,400000032447,400000032450,400000033704,400000032449"
400000030990,"400000033575,400000031460,400000033196,400000033573"
400000026908,400000024172
400000026640,"400000030311,400000021558,400000029976,400000033101,400000029977,400000024837,400000026019,400000029975"
400000027293,400000027142
400000033472,"400000030896,400000030898,400000030894"
400000026368,400000025387
400000027205,400000023565
400000027765,"400000020609,400000022933,400000024216"
400000031068,"400000032570,400000030894,400000030898,400000030897,400000031930,400000030888,400000031222,400000030895,400000031427,400000032571,400000016173,400000031615,400000030896,400000032568,400000031611,400000021871,400000032500,400000033724"
400000033283,"400000033194,400000033195"
400000028979,400000023565
400000032674,"400000031851,400000033246,400000033247,400000032562,400000032574,400000033704,400000031853,400000033245,400000032567,400000031850,400000031852"
400000026870,"400000030638,400000021245"
400000026569,"400000030165,400000027143"
400000027927,"400000016907,400000029033,400000011107,400000026157,400000022933,400000016908,400000015427"
400000027106,"400000021214,400000013502,400000002831,400000015958,400000030165"
400000033128,"400000031851,400000033247,400000032574,400000031853,400000033245,400000031850,400000031852"
400000026344,400000026704
400000030987,
400000026464,"400000016407,400000021558,400000009229,400000021723,400000009931,400000033096,400000002831,400000021698,400000015958"
400000032655,400000032258
400000026506,400000020431
400000027059,"400000017602,400000030632,400000022453,400000014883,400000012999,400000021698,400000030165,400000030021,400000030312,400000009850"
400000031012,"400000030907,400000030664,400000030728,400000030894,400000031345,400000031364,400000030887,400000031615,400000033730,400000031609,400000030886,400000033724"
400000026669,"400000027146,400000022273"
400000026722,"400000025156,400000021215"
400000026574,"200000001820,400000015038"
400000028993,400000023565
400000029485,"400000031520,400000032568,400000030895,400000031615,400000030906,400000030661,400000031918,400000032569,400000031222,400000032571,400000030896,400000031611,400000021871,400000030898,400000030888,400000024540,400000032500,400000031919,400000030945,400000030946,400000032570,400000030894,400000031920"
400000026335,"400000024601,400000024174"
400000028893,"400000017602,400000030017,400000014883,400000030165,400000009850"
400000030986,
400000032373,"400000033723,400000033638,400000033701,400000033633,400000031931,400000033699,400000033721,400000031819,400000033240,400000033635,400000033724,400000031859,400000033639,400000033722,400000031929,400000031516,400000031115,400000031871,400000031435,400000031346,400000033700,400000033730,400000031470,400000033713,400000032870,400000031518,400000033631,400000031430,400000033728,400000031469,400000033180,400000031422,400000032259,400000033636,400000033346,400000031420,400000033181,400000033703,400000033731,400000031820,400000033183,400000031517,400000033729,400000031471,400000030973,400000033182,400000032836,400000033725,400000033727,400000031515,400000033184,400000031229,400000033720,400000033632"
400000028820,"400000030635,400000025158"
400000024042,"400000030894,400000030898,400000030897,400000031222,400000030895,400000024649,400000030896,400000030950"
400000026596,"400000017602,400000030017,400000030632,400000014883,400000012999,400000030165,400000030021,400000030314,400000009850"
400000026160,
400000033279,400000033194
400000026340,
400000033391,400000031820
400000026419,"400000002831,400000033095,400000010374,400000011757"
400000027177,
400000029005,"400000022452,400000015503"
400000029473,
400000029543,"400000024303,400000021563,400000021564,400000021758,400000024302,400000024300,400000024301,400000021759"
400000029483,"400000032570,400000030661,400000030894,400000032257,400000030895,400000031615,400000011450,400000030896,400000024540,400000013494,400000021871,400000030976,400000016173"
400000026805,"400000016877,400000030639,400000024056"
400000026677,"400000011148,400000025156,400000021215,400000030640"
400000032410,"400000032108,400000032151,400000032121,400000031838,400000032577,400000033573,400000032516,400000032104,400000032107,400000033704,400000032581,400000032149"
400000027914,"400000016907,400000029033,400000011107,400000026157,400000022933,400000016908,400000015427"
400000026804,"400000030639,400000018141,400000020379,400000013495,400000021432,400000033110,400000016877"
400000026955,"400000030639,400000018141,400000013495,400000033110,400000016877"
400000026598,"400000017602,400000030017,400000030632,400000014883,400000012999,400000030165,400000030021,400000030314,400000030312,400000009850"
400000033585,
400000028830,"400000030635,400000030344,400000025158,400000027144"
400000029476,400000018150
400000033400,400000031923
400000033523,
400000026396,"400000021214,400000010374,400000033095,400000011851,400000002831,400000025157,400000021698,400000015958,400000011757"
400000026601,"400000017602,400000030017,400000030632,400000014883,400000012999,400000030165,400000030021,400000030314,400000009850"
400000033285,"400000033194,400000033195"
400000031071,"400000030894,400000031364,400000030895,400000031615,400000031428,400000033730,400000031817,400000033724"
400000028724,"400000015427,400000022933,400000030612"
400000029768,
400000028940,400000023607
400000030985,
400000028664,"400000002802,400000022933"
400000032673,"400000031851,400000033246,400000033247,400000032562,400000032574,400000033704,400000031853,400000033245,400000032567,400000031850,400000031852"
400000033274,"400000033194,400000033195"
400000026864,"400000021245,400000020048,400000027147"
400000026331,
400000026595,"400000017602,400000030017,400000022453,400000030632,400000014883,400000012999,400000021698,400000030165,400000030021,400000030314,400000030312,400000009850"
400000033522,
400000026865,"400000021245,400000020048"
400000026807,"400000033110,400000016877,400000030639,400000030023"
400000032379,"400000031520,400000032568,400000031615,400000030906,400000033724,400000031918,400000032569,400000031222,400000032571,400000030896,400000031611,400000021871,400000030898,400000030888,400000032500,400000031919,400000030945,400000030946,400000032570,400000030894,400000030897,400000031920,400000016173"
400000032465,"400000032148,400000032684,400000032147,400000032683"
400000031042,"400000032570,400000030894,400000030898,400000030895,400000031615,400000030896"
400000033473,"400000030896,400000030898,400000030894"
400000029035,
400000027764,"400000020609,400000022933,400000024216"
400000026467,"400000016407,400000021558,400000009229,400000030633,400000009931,400000033096,400000002831,400000021698,400000015958"
400000026911,400000024172
400000033790,400000033697
400000033744,400000032005
400000026566,
400000026158,
400000026152,
400000026749,"400000027145,400000033603,400000010377,400000032007,400000030637"
400000026837,"400000030638,400000021245,400000027147"
400000033408,400000030896
400000026458,
400000031043,"400000032570,400000030894,400000030898,400000030895,400000031615,400000030896"
400000026338,400000024601
400000028584,"400000016407,400000002831,400000015958"
400000032388,"400000032570,400000030898,400000032568,400000031613,400000032571,400000031615,400000030896,400000021871,400000033724"
400000028968,400000023678
400000008196,"400000024601,400000024174"
400000026556,"400000021214,400000021558,400000013502,400000030313,400000002831,400000015958,400000030165,400000030314"
400000033300,400000033196
400000026560,
400000027908,"400000016907,400000029033,400000026157,400000022933,400000016908,400000015427"
400000026238,"400000024601,400000024174,400000024602"
400000026554,"400000021214,400000013502,400000030636,400000002831,400000015958,400000030165"
400000026797,
400000032455,"400000032570,400000030898,400000030897,400000031117,400000032571,400000031116,400000031104,400000021871,400000031433"
400000032380,"400000031520,400000032568,400000031615,400000030906,400000033724,400000031918,400000032569,400000031222,400000032571,400000030896,400000031611,400000021871,400000030898,400000030888,400000032500,400000031919,400000030945,400000030946,400000032570,400000030894,400000030897,400000031920,400000016173"
400000032429,"400000031222,400000030950,400000030896,400000030898"
400000032472,"400000032148,400000032684,400000032147,400000032683"
400000031005,400000030925
400000026247,"400000024601,400000024174"
400000033535,400000030896
400000028977,400000023565
400000027207,400000023565
400000029755,
400000029052,400000027143
400000032661,"400000030894,400000011450,400000030896,400000021871,400000016173"
400000032659,"400000032570,400000030898,400000030894,400000030897,400000031427,400000030896,400000031426,400000016173"
400000033491,
400000028467,"400000002831,400000033097,400000011759"
400000026391,"400000002831,400000022450,400000033097,400000011759"
400000029024,400000002803
400000028797,"400000017602,400000014883,400000012999,400000030021,400000030165,400000009850"
400000026424,"400000010374,400000033095,400000002831,400000015958,400000011757"
400000031000,400000030925
400000028012,
400000026671,400000022273
400000032400,"400000032703,400000032578,400000031849,400000033545,400000032701,400000032565,400000032561,400000032517,400000032581,400000031459,400000032627,400000032579,400000032563,400000032566,400000033575,400000033573,400000032564,400000031847,400000032556,400000032516,400000032580,400000032702,400000031846,400000032868,400000031848,400000032940"
400000026874,400000030024
400000033755,400000032005
400000026731,"400000025156,400000021215"
400000028657,"400000016907,400000029033,400000026157,400000022933,400000016908,400000015427"
400000033455,400000030896
400000028997,400000023565
400000027761,"400000029033,400000011107,400000026157,400000022933,400000016908,400000016907"
400000029487,"400000032568,400000030895,400000031615,400000030906,400000033724,400000030661,400000031918,400000032569,400000031222,400000032571,400000030896,400000031611,400000021871,400000030898,400000031930,400000030888,400000031427,400000024540,400000032500,400000031919,400000030945,400000030946,400000032570,400000030894,400000030897,400000031920,400000016173"
400000029504,400000022452
400000026875,"400000024172,400000021245,400000030019"
400000026565,
400000026835,"400000030638,400000021245,400000027147"
400000033421,400000030896
400000026270,"400000030648,400000024153,400000024174,400000030649,400000030650,400000024601,400000030647"
400000028351,"400000002831,400000033097,400000020431,400000011759"
400000026539,"400000021214,400000030634,400000011851,400000002831,400000025157,400000015958,200000003556,400000011758"
400000026584,
400000028762,"400000016907,400000029033,400000026157,400000022933,400000015427"
400000029517,"400000024343,400000024346,400000024345,400000024344"
400000027763,"400000020609,400000022933,400000024216"
400000030983,"400000031987,400000031671,400000031583,400000032578,400000031849,400000033545,400000032565,400000032561,400000031672,400000032517,400000031984,400000032581,400000031459,400000032579,400000032563,400000032566,400000033575,400000031954,400000031584,400000031953,400000033573,400000032564,400000031847,400000032556,400000032516,400000032580,400000031846,400000032868,400000031952,400000031985,400000031986,400000031848,400000031955,400000032940"
400000026966,"400000013846,400000030317"
400000026622,"400000017602,400000030017,400000022453,400000030632,400000012999,400000030165,400000030021,400000030314,400000030022,400000009850"
400000026462,"400000016407,400000021558,400000009229,400000030633,400000021723,400000009931,400000033096,400000002831,400000021698,400000015958"
400000033164,"400000033338,400000033360,400000033361,400000033719,400000033651,400000033359,400000033244"
400000026673,"400000027146,200000001644,400000022273"
400000029548,"400000024303,400000021563,400000021564,400000021758,400000024302,400000024300,400000024301,400000021759"
400000028721,"400000002802,400000022933"
400000031013,"400000030907,400000030664,400000030728,400000030894,400000030898,400000030897,400000031345,400000031364,400000030887,400000031615,400000033730,400000031609,400000030886,400000033724"
400000027802,"400000016907,400000030612,400000029033,400000011107,400000026157,400000022933,400000016908,400000015427"
400000029763,
400000033206,
400000030104,
400000028998,400000023565
400000033207,"400000030671,400000033189,400000030670,400000033192,400000032838,400000033188,400000030672,400000033185,400000030673"
400000026934,"400000022448,400000021560"
400000030982,"400000031987,400000031671,400000031583,400000032578,400000031849,400000033545,400000032565,400000032561,400000031672,400000032517,400000031984,400000032581,400000031459,400000032579,400000032563,400000032566,400000033575,400000031954,400000031584,400000031953,400000033573,400000032564,400000031847,400000032556,400000032516,400000032580,400000031846,400000032868,400000031952,400000031985,400000031986,400000031848,400000031955,400000032940"
400000028854,"400000013495,400000021215"
400000033474,
400000028976,400000023565
400000026155,
400000026585,
400000026786,"400000024172,400000014982"
400000033278,"400000033194,400000033195"
400000027218,400000022938
400000026390,"400000033097,400000020431,400000002831,400000022450,400000011759"
400000033211,
400000028759,"400000015427,400000026157,400000022933,400000029033"
400000026347,"400000026704,400000030655,400000030656"
400000032671,"400000030897,400000032570,400000030894"
400000026938,
400000026624,"400000017602,400000033101,400000030017,400000030632,400000014883,400000012999,400000030165,400000030021,400000030314,400000030022,400000009850"
400000026381,
400000029771,
400000026394,"400000002831,400000022450,400000033097,400000011759"
400000026758,"400000027145,400000033603,400000010377,400000032007,400000030637"
400000028952,400000025926
400000028817,"400000021558,400000024837,400000027144,400000030635,400000025158"
400000032466,"400000032148,400000032684,400000032147,400000032683"
400000029748,
400000033663,400000033245
400000026533,"400000021214,400000021558,400000015038,400000030634,400000011851,400000002831,400000025157,400000015958,200000003556,400000011758"
400000027290,400000027142
400000027214,400000023565
400000033295,400000033196
400000026881,
400000029759,
400000028173,400000033101
400000033257,"400000033194,400000033193,400000033195"
400000026878,400000021245
400000027810,"400000016907,400000029033,400000026157,400000022933,400000016908,400000015427"
400000029807,
400000026328,
400000026672,"400000027146,200000001644,400000022273"
400000026370,
400000026415,400000015958
400000032665,"400000030897,400000032570"
400000026588,
400000033487,
400000028723,"400000015427,400000022933,400000030612"
400000033766,400000033714
400000033124,"400000033247,400000033245,400000033246"
400000030619,
400000033504,"400000033730,400000032908"
400000032364,"400000032554,400000032568,400000031615,400000031676,400000033724,400000032569,400000030947,400000032571,400000030896,400000031675,400000031674,400000021871,400000031087,400000030898,400000031427,400000032570,400000030894,400000031613,400000031684"
400000029806,
400000027261,
400000032474,"400000032148,400000032684,400000032147,400000032683"
400000029762,
400000029541,"400000021248,400000021250,400000021251,400000021249"
400000032375,"400000033723,400000033638,400000033701,400000033633,400000031931,400000033721,400000031819,400000033240,400000033635,400000033724,400000031859,400000033639,400000033722,400000031929,400000031516,400000031115,400000031871,400000031435,400000031346,400000031802,400000033730,400000031470,400000033713,400000032870,400000031518,400000033631,400000031430,400000031469,400000033180,400000031422,400000032259,400000033636,400000031420,400000033181,400000033703,400000031820,400000033183,400000031517,400000033729,400000031471,400000030973,400000033182,400000032836,400000031515,400000033184,400000031229,400000033720,400000033632"
400000028367,"400000016407,400000009229,400000030633,400000002831,400000015958"
400000028847,"400000027146,200000001644,400000022273"
400000027687,"400000023989,400000030894,400000030895,400000011450,400000031615,400000030896,400000021871,400000016173"
400000028670,"400000002802,400000022933"
400000026620,"400000017602,400000030017,400000030632,400000014883,400000012999,400000030165,400000030021,400000030314,400000030020,400000009850"
400000027906,"400000016907,400000029033,400000026157,400000022933,400000016908,400000015427"
400000030108,
400000033475,400000030896
400000033259,"400000033194,400000033193,400000033195"
400000033767,400000033714
400000026665,"400000027146,400000022273"
400000027285,400000027142
400000032638,"400000031851,400000033246,400000033247,400000032562,400000032574,400000031853,400000033245,400000032567,400000031850,400000031852"
400000032658,400000030896
400000028370,"400000016407,400000009229,400000030633,400000002831,400000015958"
400000027243,400000022275
400000026202,"400000024601,400000030644,400000030643"
400000026240,"400000024601,400000024174,400000024602"
400000026680,"400000011148,400000025156,400000021215,400000030640"
400000026360,
400000030097,
400000033484,
400000026237,"400000030882,400000024601,400000024174,400000024602"
400000028744,"400000016907,400000029033,400000026157,400000022933,400000016908,400000015427"
400000026780,400000014982
400000026615,
400000033167,"400000033338,400000033361,400000033719,400000033651,400000033359,400000033244"
400000033754,400000032005
400000026592,"400000030314,400000030165"
400000026442,
400000026198,400000030644
400000026528,"400000021214,400000033098,400000021558,400000030634,400000011851,400000002831,400000025157,400000021698,400000015958,200000003556,400000011758"
400000028644,"400000016907,400000029033,400000026157,400000022933,400000016908,400000015427"
400000028510,"400000010374,400000033095,400000002831,400000021698,400000011757"
400000026447,"400000021214,400000010374,400000015038,400000033095,400000011851,400000002831,400000025157,400000021698,400000015958,400000011757"
400000026282,"400000030648,400000024174,400000030649,400000030650,400000024601,400000030652"
400000033586,
400000032421,"400000032908,400000033700,400000031867,400000032173,400000031868,400000031932,400000033724"
400000032411,"400000032108,400000032151,400000032121,400000031838,400000032577,400000033573,400000032516,400000032104,400000032107,400000033704,400000032581,400000032149"
400000026945,
400000028951,"400000025926,400000030641"
400000027803,"400000015427,400000026157,400000022933,400000029033"
400000026976,400000033573
400000033253,"400000033194,400000033193,400000033195"
400000032670,"400000030897,400000032570,400000030894"
400000027180,
400000028509,"400000002831,400000033095,400000010374,400000011757"
400000026903,"400000024172,400000022448"
400000033149,
400000032419,"400000032908,400000033700,400000031867,400000032173,400000031868,400000031932,400000033724"
400000029764,
400000026718,"400000011148,400000025156,400000021215"
400000033750,400000032005
400000028714,"400000002802,400000022933"
400000033528,
400000026461,"400000016407,400000021558,400000009229,400000030633,400000021723,400000009931,400000033096,400000002831,400000021698,400000015958"
400000026164,"400000024601,400000030644,400000030643"
400000033782,400000033697
400000033617,
400000033416,
400000026594,"400000017602,400000033099,400000030017,400000022453,400000030632,400000014883,400000012999,400000021698,400000030165,400000030021,400000030314,400000030312,400000009850"
400000033752,400000032005
400000027278,400000027142
400000028920,400000023607
400000026602,"400000017602,400000030017,400000022453,400000030632,400000014883,400000012999,400000030165,400000030021,400000030314,400000030020,400000030312,400000009850"
400000029740,
400000029539,"400000021248,400000021250,400000021251,400000021249"
400000026575,"200000001820,400000015038"
400000029510,400000025306
400000032646,400000032567
400000026367,400000025387
400000026888,400000021215
400000033762,400000033698
400000032305,"400000031987,400000031671,400000031583,400000032578,400000031849,400000033545,400000032565,400000032561,400000031672,400000032517,400000031984,400000032581,400000031459,400000032579,400000032563,400000032566,400000033575,400000031954,400000031584,400000031953,400000033573,400000032564,400000031847,400000032556,400000032516,400000032580,400000031846,400000032868,400000031952,400000031985,400000031986,400000031848,400000031955,400000032940"
400000028071,"400000030642,400000023678"
400000029062,400000029033
400000033168,"400000032703,400000032578,400000031849,400000033545,400000032701,400000032565,400000032561,400000032517,400000032581,400000031459,400000032627,400000032579,400000032563,400000032566,400000033575,400000033573,400000032564,400000031847,400000032556,400000032516,400000032580,400000032702,400000031846,400000032868,400000031848,400000032940"
400000033214,
400000026912,400000024172
400000028999,400000023565
400000026561,
400000033820,"400000031931,400000033186"
400000027277,400000023678
400000028936,400000023607
400000027913,"400000016907,400000029033,400000011107,400000026157,400000022933,400000016908,400000015427"
400000026958,400000022448
400000028758,"400000015427,400000022933"
400000029507,400000021560
400000026886,
400000028943,"400000025926,400000030641"
400000027760,"400000011107,400000026157,400000022933,400000029033"
400000028832,"400000030635,400000025158"
400000029810,
400000028676,"400000002802,400000022933"
400000028675,"400000002802,400000022933"
400000026529,"400000021214,400000033098,400000021558,400000015038,400000030634,400000011851,400000002831,400000025157,400000021698,400000015958,200000003556,400000011758"
400000026234,"400000024601,400000024174,400000024602"
400000026940,
400000026788,"400000012993,400000022363"
400000033588,
400000026446,"400000021214,400000010374,400000033095,400000011851,400000002831,400000025157,400000021698,400000015958,400000011757"
400000033208,"400000030671,400000033189,400000030670,400000033192,400000032838,400000033188,400000030672,400000033185,400000030673"
400000029785,
400000027253,
400000026876,400000021245
400000032467,"400000032148,400000032684,400000032147,400000032683"
400000028462,400000002831
400000030114,
400000028949,400000027142
400000026508,400000020431
400000028873,400000016877
400000026294,"400000024601,400000024174"
400000033746,400000032005
400000026452,"400000017602,400000026018,400000033100"
400000027793,"400000015427,400000022933,400000030612"
400000032422,"400000033723,400000033638,400000033701,400000033633,400000031615,400000031931,400000033699,400000033721,400000031819,400000033240,400000033635,400000033724,400000031859,400000033639,400000033722,400000031929,400000031516,400000031115,400000031871,400000031346,400000033700,400000033730,400000031470,400000033713,400000032870,400000031518,400000033631,400000031430,400000033728,400000031469,400000033180,400000031422,400000032259,400000033636,400000031420,400000033181,400000033703,400000033731,400000031820,400000033183,400000031517,400000033729,400000031471,400000030973,400000033182,400000032836,400000033725,400000033727,400000033702,400000031515,400000033184,400000031229,400000033720,400000033632,400000033732"
400000026568,"400000030314,400000022452,400000030165,400000027143"
400000029741,
400000027294,400000027142
400000032407,"400000032108,400000032151,400000032121,400000031838,400000032577,400000033573,400000032516,400000032104,400000032107,400000033704,400000032581,400000032149"
400000033430,400000030896
400000028749,"400000029033,400000011107,400000026157,400000022933,400000016908,400000016907"
400000033544,
400000032475,"400000032148,400000032684,400000032147,400000032683"
400000026404,400000015958
400000033618,
400000026628,"400000017602,400000033101,400000030017,400000030632,400000014883,400000012999,400000030165,400000030021,400000030314,400000030022,400000009850"
400000026445,"400000010374,400000033095,400000002831,400000015958,400000011757"
400000028806,"400000017602,400000030314,400000030017,400000009850"
400000026920,
400000030107,
400000028410,400000002831
400000026736,
400000026893,400000021215
400000032663,"400000032570,400000030898,400000030897,400000032571,400000031820,400000021871,400000031433,400000033724"
400000026761,"400000022273,400000027146,200000001644,400000032007,400000013576"
400000033498,
400000033252,"400000033194,400000033193,400000033195"
400000024285,"400000030651,400000030648,400000024602,400000033383,400000030881,400000024174,400000030649,400000030650,400000024601,400000030647,400000030652"
400000031069,"400000030894,400000030898,400000031222,400000030895,400000031615,400000024649,400000030896,400000030950,400000033724"
400000033331,"400000032908,400000031824,400000031923,400000033700,400000031615,400000033724"
400000026534,"400000021214,400000030634,400000011851,400000002831,400000025157,400000015958,200000003556,400000011758"
400000032628,"400000030950,400000032500"
400000024051,"400000030648,400000024602,400000033383,400000024174,400000030649,400000024601,400000030647,400000030652"
400000032668,"400000030897,400000032570,400000030894"
400000032355,"400000033723,400000033638,400000033701,400000033633,400000031931,400000033721,400000031819,400000033240,400000033635,400000033724,400000033639,400000033722,400000031929,400000031516,400000031871,400000031435,400000031346,400000031802,400000033730,400000031470,400000033713,400000032870,400000031518,400000033631,400000031430,400000031469,400000033180,400000031422,400000032259,400000033636,400000033346,400000030972,400000031420,400000033181,400000033703,400000031820,400000033183,400000031517,400000033729,400000031471,400000030973,400000033182,400000032836,400000031515,400000033184,400000033720,400000033632"
400000028663,"400000016907,400000029033,400000026157,400000022933,400000016908,400000015427"
400000026263,"400000030648,400000024153,400000024174,400000030649,400000030650,400000024601,400000030647"
400000028461,400000002831
400000033496,
400000026535,"400000021214,400000011851,400000002831,400000025157,400000021698,400000015958,200000003556,400000011758"
400000026748,"400000027145,400000033603,400000010377,400000032007,400000030637"
400000033757,400000032005
400000026757,"400000027145,400000033603,400000010377,400000032007,400000030637"
400000027230,"400000025307,400000029060,400000033102,400000030952"
400000025770,"400000030648,400000024602,400000033383,400000024174,400000030649,400000024601"
400000030112,
400000031008,"400000030907,400000032570,400000030664,400000031520,400000030728,400000030898,400000030897,400000030887,400000030947,400000032568,400000032571,400000031612,400000031615,400000030896,400000021871,400000032500,400000030886"
400000028994,400000023565
400000028967,400000025926
400000028464,"400000002831,400000013502,400000015958"
400000030999,400000030925
400000029503,400000022452
400000033133,"400000031851,400000033247,400000032574,400000031853,400000033245,400000031850,400000031852"
400000033411,
400000026339,400000024601
400000033783,400000033697
400000027799,"400000022933,400000030612"
400000033212,
400000026194,
400000030681,
400000026205,400000030644
400000026545,
400000026802,"400000030639,400000018141,400000020379,400000013495,400000021432,400000033110,400000016877"
400000032394,"400000033639,400000033638,400000033722,400000033636,400000033182,400000032836,400000033701,400000031871,400000031346,400000031802,400000033720,400000031931,400000033713,400000031819,400000031820,400000032870,400000033724"
400000028962,"400000025926,400000030641"
400000026460,
400000033431,400000030896
400000028778,"400000029033,400000011107,400000026157,400000016908,400000016907"
400000032381,"400000032568,400000031615,400000030906,400000033724,400000031918,400000032569,400000031222,400000032571,400000030896,400000031611,400000021871,400000030898,400000031930,400000030888,400000031427,400000032500,400000031919,400000030945,400000030946,400000032570,400000030894,400000030897,400000031920,400000016173"
400000028741,"400000016907,400000029033,400000026157,400000022933,400000016908,400000015427"
400000032405,"400000032108,400000031836,400000032150,400000032121,400000033581,400000031839,400000032576,400000031837,400000032629,400000033580,400000032581,400000031844,400000031840,400000033575,400000033573,400000033578,400000032104,400000031838,400000032577,400000032516,400000031843,400000032151,400000031841,400000031842,400000033579,400000032107,400000032149"
400000033389,400000031820
400000033442,400000030896
400000032382,"400000033723,400000033638,400000033701,400000033633,400000031931,400000033721,400000031819,400000033240,400000033635,400000033724,400000031859,400000033722,400000031929,400000031516,400000031115,400000031871,400000031435,400000031346,400000031802,400000033730,400000031470,400000033713,400000032870,400000031518,400000033631,400000031430,400000031469,400000033180,400000031422,400000032259,400000033636,400000031420,400000033181,400000033703,400000031820,400000033183,400000031517,400000033729,400000031471,400000030973,400000033182,400000032836,400000031515,400000033184,400000031229,400000033720,400000033632"
400000026972,
400000033248,"400000033701,400000033633,400000033699,400000033721,400000031819,400000033635,400000031859,400000033724,400000033722,400000031115,400000033700,400000033730,400000031470,400000032870,400000033631,400000033728,400000031422,400000033636,400000031420,400000030972,400000033181,400000031820,400000031471,400000030973,400000033725,400000033727,400000033702,400000033720,400000033632"
400000028941,400000023607
400000028804,"400000017602,400000030314,400000030017,400000009850"
400000031006,"400000032568,400000031615,400000030886,400000033724,400000031222,400000032571,400000030896,400000031611,400000021871,400000030664,400000030728,400000030898,400000030888,400000031427,400000030907,400000032570,400000030894,400000030897,400000030887,400000016173"
400000028352,"400000002831,400000033097,400000020431,400000011759"
400000028382,400000002831
400000033490,
400000026450,"400000017602,400000026018,400000033100,400000030345"
400000033250,"400000033723,400000033638,400000033701,400000033633,400000031931,400000033721,400000031819,400000033240,400000033635,400000033724,400000031859,400000033639,400000033722,400000031115,400000031871,400000031435,400000031802,400000033730,400000031470,400000033713,400000032870,400000033631,400000033180,400000031422,400000033636,400000031420,400000033181,400000033703,400000031820,400000033183,400000033729,400000031471,400000030973,400000033182,400000032836,400000033184,400000031229,400000033720,400000033632"
400000028837,"400000030635,400000025158"
400000033176,"400000032516,400000032581"
400000030719,"400000030907,400000030664,400000030728,400000030894,400000031345,400000031364,400000030887,400000031222,400000031615,400000033730,400000031609,400000030886,400000033724"
400000026589,"400000030314,400000030165"
400000033132,"400000031851,400000033247,400000032574,400000031853,400000033245,400000031850,400000031852"
400000029484,"400000032570,400000030661,400000030894,400000032257,400000030895,400000031615,400000011450,400000030896,400000024540,400000013494,400000021871,400000030976,400000016173"
400000032392,"400000030670,400000030974,400000033701,400000031615,400000031931,400000033188,400000031819,400000033185,400000033724,400000031431,400000031115,400000031871,400000033700,400000033730,400000033187,400000032838,400000030671,400000031469,400000033346,400000031820,400000030672,400000030975,400000030673,400000033729,400000033182,400000033725,400000033192,400000033241,400000033720,400000033186,400000033191"
400000033417,400000030896
400000028364,"400000016407,400000009229,400000030633,400000002831,400000015958"
400000028959,400000025926
400000027812,"400000016907,400000029033,400000026157,400000022933,400000015427"
400000033270,400000033194
400000029056,
400000026682,"400000011148,400000025156,400000021215,400000030640"
400000029720,
400000026571,
400000032460,"400000031824,400000031932,400000032908"
400000027240,"400000029060,400000025307,400000030952"
400000026268,"400000030651,400000030648,400000033383,400000024174,400000030649,400000017716,400000030650,400000024601,400000030647,400000030652"
400000028875,400000016877
400000026332,
400000032643,"400000031851,400000033246,400000033247,400000032562,400000032574,400000031853,400000033245,400000032567,400000031850,400000031852"
400000028799,"400000017602,400000030314,400000030017,400000009850"
400000033265,400000033194
400000033537,
400000028760,"400000015427,400000022933,400000029033"
400000032402,"400000032108,400000031941,400000031836,400000032872,400000032121,400000032150,400000031839,400000032576,400000032874,400000031837,400000032109,400000031973,400000031943,400000032581,400000031940,400000031942,400000032003,400000032557,400000031844,400000031840,400000031575,400000031574,400000033573,400000032104,400000031838,400000032873,400000032577,400000032875,400000032516,400000031843,400000031573,400000031972,400000032151,400000031841,400000031971,400000032002,400000031842,400000031576,400000031975,400000032107,400000033704,400000031854,400000031974,400000032149"
400000033448,
400000026778,400000014982
400000033748,400000032005
400000031014,"400000030907,400000032570,400000030664,400000030728,400000030894,400000030897,400000030887,400000031615,400000030886,400000033724"
400000026510,400000020431
400000028025,"400000015019,400000015020,400000016322,400000016325,400000016324,400000016323,400000015018"
400000033267,400000033194
400000033670,"400000032148,400000032147"
400000028866,400000016877
400000030721,"400000032554,400000032568,400000031615,400000032260,400000031676,400000033724,400000032569,400000030947,400000032571,400000030896,400000031675,400000031674,400000021871,400000031087,400000030898,400000031427,400000032570,400000030894,400000031613"
400000033409,400000030896
400000026605,"400000017602,400000030632,400000022453,400000012999,400000030312,400000009850"
400000033422,400000030896
400000026275,"400000030648,400000024602,400000024174,400000030649,400000024601,400000030647,400000030652"
400000026564,
400000028809,"400000017602,400000030314,400000030017,400000009850"
400000026350,"400000030655,400000030656"
400000029475,"400000018150,400000021566,400000021565,400000021567,400000021568"
400000026626,"400000017602,400000033101,400000030017,400000030632,400000014883,400000012999,400000030165,400000030021,400000030314,400000030022,400000009850"
400000029036,
400000028725,"400000015427,400000022933,400000030612"
400000029788,
400000028511,"400000002831,400000033095,400000010374,400000011757"
400000033423,400000030896
400000032654,"400000030897,400000032570,400000030894,400000033724"
400000026543,"400000015038,400000022452"
400000026570,
400000016771,"400000021214,400000021558,400000013502,400000030313,400000002831,400000015958,400000030165,400000030314"
400000028919,400000023607
400000026933,
400000032370,"400000031615,400000030896,400000031817"
400000026860,"400000030638,400000021245,400000027147"
400000028716,"400000002802,400000022933"
400000032664,"400000032570,400000030898,400000030897,400000032571,400000021871,400000031433"
400000026892,400000021215
400000031004,400000030925
400000026207,"400000019405,400000030643,400000023832,400000024601,400000030644"
400000029996,
400000033530,
400000032374,"400000033723,400000033638,400000033701,400000033633,400000031931,400000033721,400000031819,400000033240,400000033635,400000033724,400000031859,400000033639,400000033722,400000031929,400000031516,400000031115,400000031871,400000031435,400000031346,400000031802,400000033730,400000031470,400000033713,400000032870,400000031518,400000033631,400000031430,400000031469,400000033180,400000031422,400000032259,400000033636,400000031420,400000033181,400000033703,400000031820,400000033183,400000031517,400000033729,400000031471,400000030973,400000033182,400000032836,400000031515,400000033184,400000031229,400000033720,400000033632"
400000026224,"400000024601,400000030644,400000030643"
400000028742,"400000016907,400000029033,400000026157,400000022933,400000016908,400000015427"
400000028898,400000023607
400000026154,
400000027206,400000023565
400000028889,"400000017602,400000030017,400000014883,400000030165,400000009850"
400000028880,"400000021723,400000009229"
400000026379,
400000026197,400000030644
400000026348,"400000026704,400000030655,400000030656"
400000033812,"400000032448,400000032447,400000032450,400000033704,400000032449"
400000028843,400000025158
400000032441,"400000030670,400000033701,400000031803,400000031934,400000031931,400000033188,400000031819,400000033185,400000033724,400000031431,400000031115,400000031871,400000033700,400000033730,400000033187,400000032838,400000031521,400000030671,400000033346,400000032978,400000031823,400000031820,400000030672,400000030673,400000033189,400000033729,400000033725,400000033192,400000033186,400000033191"
400000032678,"400000032686,400000032688,400000032687"
400000032631,"400000032908,400000031824,400000031923,400000033700,400000033724"
400000026558,"400000015038,400000022452"
400000028348,"400000002831,400000033097,400000020431,400000011759"
400000027811,"400000016907,400000029033,400000022933,400000016908,400000015427"
400000031315,
400000027279,400000027142
400000033210,
400000028980,400000023565
400000028642,"400000021214,400000013502,400000002831,400000015958,400000030165"
400000028899,400000023607
400000026277,"400000030648,400000024602,400000033383,400000024174,400000030649,400000024601"
400000026466,"400000016407,400000021558,400000009229,400000021723,400000009931,400000033096,400000002831,400000021698,400000015958"
400000027040,400000015038
400000026244,"400000024601,400000024174,400000024602"
400000026939,
400000027798,"400000015427,400000022933,400000030612"
400000033791,400000033698
400000026656,
400000026759,"400000027145,400000033603,400000010377,400000032007,400000030637"
400000032433,"400000032570,400000030898,400000030897,400000031117,400000032571,400000031116,400000031615,400000031104,400000021871,400000031433"
400000026883,"400000015222,400000010567,400000021215"
400000029465,"400000023388,400000010567,400000011149,400000003097,400000015222"
400000026550,"400000021214,400000013502,400000030636,400000002831,400000015958,400000030165"
400000026762,"200000001644,400000032007,400000022273"
400000028810,"400000017602,400000030314,400000030017,400000009850"
400000032454,"400000031922,400000032570,400000030894,400000030898,400000030897,400000032554,400000031427,400000032571,400000032111,400000031104,400000021871"
400000027291,400000027142
400000032645,"400000031851,400000033246,400000033247,400000032562,400000032574,400000033704,400000031853,400000033245,400000032567,400000031850,400000031852"
400000033129,"400000033247,400000033245"
400000028938,400000023607
400000033751,400000032005
400000027217,400000023565
400000033403,
400000030998,"400000032108,400000031836,400000032121,400000033581,400000031839,400000032576,400000031837,400000032629,400000033580,400000032581,400000031844,400000031840,400000033575,400000033573,400000033578,400000032104,400000031838,400000032577,400000032516,400000031843,400000032622,400000032151,400000031841,400000031842,400000033579,400000032107,400000032149"
400000026264,"400000030651,400000030648,400000033383,400000030881,400000024174,400000030649,400000030882,400000030650,400000024601,400000030647,400000030652"
400000026670,"400000027146,200000001644,400000022273"
400000026838,"400000030638,400000021245,400000027147"
400000033405,
400000027250,
400000031011,"400000030907,400000032570,400000030664,400000030728,400000030894,400000030898,400000032554,400000030887,400000031613,400000031427,400000032571,400000031615,400000030896,400000032260,400000021871,400000030886"
400000033514,"400000032009,400000027145,400000033603,400000032942"
400000033425,400000030896
400000026254,400000024174
400000026836,"400000030638,400000021245,400000027147"
400000032354,"400000033723,400000033638,400000033701,400000033633,400000031931,400000033699,400000033721,400000031819,400000033240,400000033635,400000033724,400000033639,400000033722,400000031929,400000031516,400000031115,400000031871,400000031435,400000031346,400000033700,400000033730,400000031470,400000033713,400000032870,400000031518,400000033631,400000031430,400000033728,400000031469,400000033180,400000031422,400000032259,400000033636,400000033346,400000030972,400000031420,400000033181,400000033703,400000033731,400000033183,400000031517,400000033729,400000031471,400000030973,400000033182,400000032836,400000033725,400000033727,400000031515,400000033184,400000033720,400000033632"
400000033155,"400000031838,400000032121,400000032577,400000032516,400000032581,400000032104"
400000033209,
400000027911,"400000016907,400000029033,400000026157,400000022933,400000016908,400000015427"
400000026661,"400000027146,200000001644,400000022273"
400000028960,400000025926
400000032359,"400000032108,400000031836,400000032872,400000032121,400000032150,400000031839,400000032576,400000032874,400000031837,400000031948,400000032109,400000032581,400000031949,400000032557,400000031844,400000031840,400000031983,400000031982,400000033573,400000032104,400000031838,400000032873,400000032577,400000032875,400000032516,400000031951,400000031843,400000031981,400000031950,400000032151,400000031841,400000031971,400000031842,400000031980,400000032107,400000033704,400000032149"
400000033503,
400000031001,400000030925
400000026593,400000030165
400000026225,"400000030646,400000030645,400000030643,400000024601,400000030644"
400000028397,400000002831
400000033393,400000031820
400000032383,"400000033639,400000033638,400000033722,400000033636,400000033182,400000032836,400000033701,400000031871,400000031346,400000031802,400000033720,400000031931,400000033713,400000031819,400000031820,400000032870,400000033724"
400000033256,"400000033194,400000033193,400000033195"
400000028756,"400000015427,400000022933,400000030612"
400000031003,400000030925
400000033329,400000030896
400000027276,400000023678
400000028904,400000023607
400000026666,"400000027146,400000022273"
400000026536,"400000021214,400000011851,400000002831,400000025157,400000021698,400000015958,200000003556,400000011758"
400000032418,"400000031867,400000032173,400000031868"
400000033452,
400000028801,"400000017602,400000030314,400000030017,400000009850"
400000033587,
400000032406,"400000032108,400000031836,400000032150,400000032121,400000033581,400000031839,400000032576,400000031837,400000032629,400000033580,400000032581,400000031844,400000031840,400000033575,400000033573,400000033578,400000032104,400000031838,400000032577,400000032516,400000031843,400000032151,400000031841,400000031842,400000033579,400000032107,400000032149"
400000032442,"400000030670,400000033701,400000031803,400000031934,400000031931,400000033188,400000031819,400000033185,400000033724,400000031431,400000031115,400000031871,400000033700,400000033730,400000033187,400000032838,400000031521,400000030671,400000031469,400000033346,400000032978,400000031823,400000031820,400000030672,400000030673,400000033189,400000033729,400000033725,400000033192,400000033720,400000033186,400000033191"
400000029027,400000002803
400000026621,"400000017602,400000030017,400000022453,400000030632,400000012999,400000030165,400000030021,400000030314,400000030022,400000009850"
400000032675,"400000031851,400000033246,400000033247,400000032562,400000032574,400000033704,400000031853,400000033245,400000032567,400000031850,400000031852"
400000033656,400000033573
400000026221,400000018342
400000027270,400000023678
400000026796,
400000029481,"400000031520,400000032568,400000030895,400000031615,400000030906,400000030661,400000031918,400000032569,400000031222,400000032571,400000030896,400000031611,400000021871,400000030898,400000030888,400000024540,400000032500,400000031919,400000030945,400000030946,400000032570,400000030894,400000030897,400000031920,400000030718,400000016173"
400000033480,
400000028582,"400000016407,400000002831,400000015958"
400000028948,400000027142
400000029795,400000024174
400000033296,400000033196
400000033456,
400000033413,400000030896
400000032391,"400000032570,400000030894,400000030898,400000032554,400000016173,400000031613,400000031427,400000032571,400000031615,400000030896,400000032260,400000021871,400000033724"
400000026667,"400000027146,400000022273"
400000028879,"400000021723,400000009229"
400000026218,400000023832
400000031010,"400000030907,400000030664,400000030728,400000030894,400000030898,400000030897,400000031345,400000031364,400000030887,400000031615,400000033730,400000031609,400000030886"
400000028249,400000033101
400000028906,400000023607
400000026887,"400000015222,400000010567,400000021215"
400000029479,400000022278
400000031075,"400000030894,400000030895,400000031428,400000031615,400000033730,400000031817"
400000028908,400000023607
400000033275,"400000033194,400000033195"
400000029477,"400000018150,400000021566,400000021565,400000021567,400000021568"
400000030110,
400000026172,
400000027271,400000023678
400000026913,400000022448
400000033471,
400000029467,400000016210
400000026388,
400000028023,"400000015019,400000015020,400000016322,400000016325,400000016324,400000016323,400000015018"
400000033415,
400000026980,400000022278
400000026546,
400000026504,"400000016407,400000021558,400000009229,400000030633,400000021723,400000002831,400000015958"
400000032452,"400000030670,400000033701,400000031803,400000031934,400000031931,400000033188,400000031819,400000033185,400000033724,400000031431,400000031115,400000031871,400000033700,400000033730,400000033187,400000032838,400000031521,400000030671,400000031469,400000033346,400000032978,400000031823,400000031820,400000030672,400000030673,400000033189,400000033729,400000033725,400000033192,400000033720,400000033186,400000033191"
400000026174,
400000033148,
400000032376,"400000033638,400000033701,400000033633,400000031931,400000033721,400000031819,400000033635,400000033724,400000032481,400000033639,400000033722,400000031929,400000031516,400000031871,400000031435,400000031346,400000031802,400000031470,400000033713,400000032870,400000031430,400000033631,400000031469,400000031422,400000032259,400000033636,400000031420,400000033181,400000031820,400000033183,400000031870,400000031864,400000031471,400000033729,400000033182,400000032836,400000031865,400000033184,400000033720,400000033632"
400000026954,"400000030639,400000018141,400000013495,400000033110,400000016877"
400000031002,400000030925
400000033165,"400000033338,400000033360,400000033361,400000033719,400000033651,400000033359,400000033244"
400000027178,
400000026869,"400000030638,400000021245"
400000029032,400000002803
400000026279,"400000024601,400000024174,400000030652"
400000033264,400000033194
400000028135,"400000030642,400000023678"
400000026891,400000021215
400000033174,"400000032516,400000032581"
400000026781,400000014982
400000033163,"400000033338,400000033360,400000033361,400000033719,400000033651,400000033359,400000033244"
400000033272,400000033194
400000026376,
400000033429,400000030896
400000026193,
400000032372,"400000030896,400000031817"
400000033439,
400000032644,"400000031851,400000033246,400000033247,400000032562,400000032574,400000031853,400000033245,400000032567,400000031850,400000031852"
400000030616,
400000028969,400000023678
400000026679,"400000011148,400000025156,400000021215,400000030640"
400000031044,"400000032570,400000030894,400000030898,400000030895,400000031615,400000030896"
400000033153,"400000032121,400000031838,400000032577,400000032516,400000032104,400000032581,400000033573"
400000032366,"400000030894,400000032908,400000031867,400000031615,400000033730,400000033724"
400000032630,"400000031922,400000030894,400000030898,400000030897,400000032554,400000031427,400000032571,400000032111,400000031104,400000021871,400000033724"
400000026223,"400000024601,400000030644,400000030643"
400000026943,
400000028013,
400000026206,"400000024601,400000030644,400000018346"
400000027201,
400000026678,"400000011148,400000025156,400000021215,400000030640"
400000028937,400000023607
400000028408,400000002831
400000028900,400000023607
400000028798,"400000017602,400000014883,400000012999,400000030021,400000030165,400000009850"
400000026526,
400000026463,"400000016407,400000021558,400000009229,400000030633,400000021723,400000009931,400000033096,400000002831,400000021698,400000015958"
400000029508,400000020383
400000030980,"400000030061,400000030346"
400000027179,
400000027244,400000022275
400000026965,"400000013846,400000030317"
400000033419,400000030896
400000033440,400000030896
400000028934,400000023607
400000033761,400000033698
400000027912,"400000016907,400000029033,400000026157,400000022933,400000016908,400000015427"
400000026531,"400000021214,400000033098,400000021558,400000015038,400000030634,400000011851,400000002831,400000025157,400000015958,200000003556,400000011758"
400000033251,"400000033194,400000033193,400000033195"
400000026751,"400000027145,400000033603,400000010377,400000032007,400000030637"
400000026449,"400000017602,400000026018,400000033100"
400000028886,"400000021214,400000002831,400000013502,400000015958"
400000028808,"400000017602,400000012999,400000030165,400000030021,400000030022,400000009850"
400000029723,
400000028029,
400000033469,
400000028956,400000025926
400000033407,400000030896
400000010716,
400000033542,
400000028795,"400000017602,400000014883,400000012999,400000030165,400000030021,400000030020,400000009850"
400000033424,400000030896
400000032666,"400000030897,400000032570"
400000029766,
400000029497,"400000029060,400000025307,400000030952"
400000032384,"400000032570,400000031520,400000030894,400000030898,400000030897,400000031222,400000030947,400000032568,400000032571,400000031612,400000031615,400000030896,400000021871,400000032500,400000033724"
400000028133,"400000030642,400000023678"
400000030694,"400000030670,400000030974,400000033701,400000031615,400000031931,400000033188,400000031819,400000033185,400000033724,400000031431,400000031115,400000031871,400000033700,400000033730,400000033187,400000032838,400000030671,400000031469,400000033346,400000031587,400000031820,400000030672,400000030975,400000032318,400000030673,400000032317,400000033189,400000033729,400000033182,400000033725,400000033192,400000033241,400000033720,400000033186,400000033191"
400000026582,
400000027223,"400000029060,400000025307,400000030952"
400000033428,400000030896
400000033497,
400000028643,"400000016907,400000029033,400000026157,400000022933,400000016908,400000015427"
400000029050,"400000030314,400000030165,400000027143"
400000026212,"400000030646,400000030645,400000030643,400000024601,400000030644"
400000029800,
400000033127,
400000027195,
400000028895,"400000017602,400000012999,400000030021,400000030165,400000009850"
400000033432,400000030896
400000026653,400000016210
400000033394,400000031820
400000028963,400000025926
400000026245,"400000024601,400000024174"
400000028868,400000016877
400000027275,400000023678
400000007116,"400000021214,400000021558,400000013502,400000030313,400000030636,400000002831,400000015958,400000030165,400000030314"
400000026502,"400000016407,400000009229,400000030633,400000002831,400000015958"
400000026639,"400000017602,400000030314,400000030017,400000009850"
400000028240,400000033101
400000026465,"400000016407,400000021558,400000009229,400000021723,400000009931,400000033096,400000002831,400000021698,400000015958"
400000027107,"400000021214,400000013502,400000002831,400000015958,400000030165"
400000026745,"400000025156,400000021215,400000030640"
400000029042,"400000030314,400000030165,400000027143"
400000030996,"400000032108,400000031836,400000032150,400000032121,400000033581,400000031839,400000032576,400000031837,400000032629,400000033580,400000032581,400000031844,400000031840,400000033575,400000033573,400000033578,400000032104,400000031838,400000032577,400000032516,400000031843,400000032151,400000031841,400000031842,400000033579,400000032107,400000032149"
400000032469,"400000032148,400000032684,400000032147,400000032683"
400000026236,"400000024601,400000024174"
400000026196,400000030644
400000026922,
400000028350,"400000002831,400000033097,400000020431,400000011759"
400000028835,400000030635
400000031020,"400000030907,400000030664,400000030728,400000030894,400000030897,400000031345,400000031364,400000030887,400000031615,400000033730,400000031609,400000030886,400000033724"
400000029502,400000022452
400000027274,400000023678
400000026474,"400000016407,400000021558,400000009229,400000030633,400000009931,400000002831,400000015958"
400000028033,
400000033468,400000030896
400000026511,
400000028516,"400000021214,400000002831,400000013502,400000015958"
400000033817,"400000032686,400000032687"
400000032677,"400000032686,400000032688,400000032687"
400000026175,
400000028881,"400000017602,400000030017,400000022453,400000030632,400000014883,400000012999,400000030165,400000030021,400000030314,400000030312,400000009850"
400000033470,
400000028070,"400000030642,400000023678"
400000026159,
400000026393,"400000002831,400000022450,400000033097,400000011759"
400000033607,"400000027145,400000033603"
400000032415,"400000032908,400000031866,400000031824,400000031615,400000032173,400000031868,400000031932"
400000027060,"400000017602,400000030017,400000022453,400000012999,400000030165,400000030021,400000030314,400000030022,400000009850"
400000033451,"400000033730,400000031931,400000033186"
400000030984,
400000027222,"400000025307,400000030952,400000027262,400000033102,400000029060"
400000031067,"400000030894,400000030895,400000031615,400000033730,400000033724"
400000028768,"400000016907,400000026157,400000022933,400000029033"
400000026199,400000030644
400000028729,"400000015427,400000022933,400000030612"
400000027100,"400000017602,400000014883,400000012999,400000030021,400000030165,400000009850"
400000030113,
400000033395,400000031820
400000027933,"400000016907,400000029033,400000011107,400000026157,400000022933,400000016908,400000015427"
400000030118,
400000028981,400000023565
400000032369,"400000030896,400000031817"
400000028926,400000023607
400000026983,
400000026798,
400000033166,
400000028947,400000027142
400000033387,
400000031021,"400000030907,400000032570,400000030664,400000030728,400000030894,400000030897,400000030887,400000031615,400000030886,400000033724"
400000028935,400000023607
400000028545,"400000016407,400000002831,400000015958"
400000026215,400000023832
400000029995,
400000026507,400000020431
400000026444,"400000010374,400000033095,400000002831,400000015958,400000011757"
400000026643,"400000021558,400000029976,400000033101,400000029977,400000024837,400000029975"
400000026537,"400000021214,400000015038,400000011851,400000002831,400000025157,400000021698,400000015958,200000003556,400000011758"
400000028585,"400000016407,400000002831,400000015958"
400000026171,
400000028826,"400000030635,400000030344,400000025158,400000027144"
400000033398,"400000031820,400000030896"
400000026219,"400000024601,400000030644,400000030643,400000023832"
400000026879,400000030019
400000029799,
400000026258,"400000024601,400000024174"
400000033254,"400000033194,400000033193,400000033195"
400000026873,400000030024
400000026787,"400000014982,400000021215"
400000026470,"400000016407,400000021558,400000009229,400000030633,400000009931,400000033096,400000002831,400000021698,400000015958"
400000029482,"400000032570,400000030661,400000030894,400000032257,400000030895,400000031615,400000011450,400000030896,400000024540,400000013494,400000021871,400000030976,400000016173"
400000026827,"400000025156,400000021215,400000030640"
400000033388,
400000032425,"400000033638,400000033701,400000033633,400000031931,400000033721,400000031819,400000033635,400000033724,400000032481,400000033639,400000033722,400000031929,400000031516,400000031871,400000031802,400000033713,400000032870,400000033631,400000031469,400000031422,400000033636,400000031420,400000031820,400000033183,400000031870,400000033729,400000031471,400000033182,400000032836,400000033184,400000033720,400000033632"
400000026660,"400000027146,200000001644,400000022273"
400000033299,400000033196
400000033410,
400000032681,400000030896
400000027768,"400000020609,400000022933,400000024216"
400000028720,"400000002802,400000022933"
400000027241,
400000026906,"400000024172,400000022448"
400000028939,400000023607
400000033818,400000032684
400000026213,400000030644
400000026973,
400000032633,"400000031922,400000032570,400000032554,400000032571,400000021871"
400000033399,400000031923
400000027265,
400000033505,"400000032908,400000033700,400000033724"
400000032660,"400000032570,400000031426,400000031427,400000016173"
400000026397,
400000028577,"400000016407,400000002831,400000015958"
400000033815,
400000032637,"400000031851,400000033246,400000033247,400000032562,400000032574,400000031853,400000033245,400000032567,400000031850,400000031852"
400000026676,"400000027146,400000022273"
400000028860,"400000030638,400000021245,400000027147"
400000026882,
400000028901,400000023607
400000027251,
400000026451,"400000017602,400000026018,400000033100,400000030345"
400000033126,
400000028909,400000023607
400000026937,
400000026982,
400000028891,"400000017602,400000030017,400000014883,400000030165,400000009850"
400000029486,"400000031520,400000032568,400000030895,400000031615,400000030906,400000030661,400000031918,400000032569,400000031222,400000032571,400000030896,400000031611,400000021871,400000030898,400000030888,400000024540,400000032500,400000031919,400000030945,400000030946,400000032570,400000030894,400000031920"
400000027252,
400000026808,"400000033110,400000016877,400000030639,400000030023"
400000026472,"400000016407,400000021558,400000009229,400000030633,400000009931,400000033096,400000002831,400000021698,400000015958"
400000030109,
400000029533,"400000022370,400000033246,400000022369,400000022372,400000022371"
400000028915,400000023607
400000028353,400000015958
400000028126,"400000030642,400000023678"
400000028811,"400000017602,400000030314,400000030017,400000009850"
400000032401,"400000032108,400000031941,400000031836,400000032872,400000032121,400000032150,400000031839,400000032576,400000032874,400000031837,400000032109,400000031973,400000031943,400000032581,400000031940,400000031942,400000032003,400000032557,400000031844,400000031840,400000031575,400000031574,400000033573,400000032104,400000031838,400000032873,400000032577,400000032875,400000032516,400000031843,400000031573,400000031972,400000032151,400000031841,400000031971,400000032002,400000031842,400000031576,400000031975,400000032107,400000033704,400000031854,400000031974,400000032149"
400000026401,"400000021214,400000010374,400000011851,400000002831,400000025157,400000015958,400000011757"
400000029743,
400000029765,
400000028897,400000023607
400000029034,400000018149
400000026278,"400000030648,400000033383,400000024174,400000030649,400000024601,400000030647,400000030652"
400000026421,"400000002831,400000015958,400000010374,400000011757"
400000033384,
400000026608,"400000017602,400000030017,400000022453,400000030632,400000014883,400000012999,400000026157,400000030165,400000030021,400000030314,400000030020,400000030312,400000009850"
400000026222,400000018342
400000027766,"400000020609,400000022933,400000024216"
400000031032,"400000032570,400000030894,400000030898,400000030897,400000031222,400000030888,400000016173,400000030895,400000032571,400000032568,400000031615,400000030896,400000030906,400000031611,400000021871,400000033724"
400000026979,
400000031026,"400000031434,400000033742,400000030971,400000032258,400000031512,400000031514,400000031615,400000033730,400000030949,400000033720,400000031429,400000030970,400000031513,400000031365,400000031511,400000033724"
400000033753,400000032005
400000033653,400000033573
400000032453,"400000030670,400000033701,400000031803,400000031934,400000031931,400000033188,400000031819,400000033185,400000033724,400000031431,400000031115,400000031871,400000033700,400000033730,400000033187,400000032838,400000030671,400000033346,400000031823,400000030672,400000030673,400000033189,400000033729,400000033725,400000033192,400000033720,400000033186,400000033191"
400000027873,"400000016907,400000016908,400000022933,400000029033"
400000033539,
400000031022,"400000031434,400000033742,400000030971,400000032258,400000031512,400000031514,400000031615,400000033730,400000030949,400000033720,400000031429,400000030970,400000031513,400000031365,400000031511,400000033724"
400000029498,400000009229
400000033816,"400000032686,400000032687"
400000029542,"400000021248,400000021250,400000021251,400000021249"
400000030981,"400000030061,400000030346"
400000027238,"400000025307,400000030952,400000027262,400000033102,400000029060"
400000031018,"400000030907,400000030664,400000030728,400000030894,400000030897,400000031345,400000031364,400000030887,400000031222,400000031615,400000033730,400000031609,400000030886,400000033724"
400000026455,"400000017602,400000026018,400000033100"
400000026573,"200000001820,400000015038"
400000028863,"400000030638,400000021245,400000016141"
400000032390,"400000032570,400000030898,400000030894,400000032568,400000031613,400000031427,400000032571,400000031615,400000030896,400000021871,400000016173"
400000028395,400000002831
400000026831,400000021215
400000032356,"400000033723,400000033638,400000033701,400000033633,400000031615,400000031931,400000033699,400000033721,400000031819,400000033240,400000033635,400000033724,400000031859,400000033639,400000033722,400000031929,400000031516,400000031115,400000031871,400000031346,400000033700,400000033730,400000031470,400000033713,400000032870,400000031518,400000033631,400000031430,400000033728,400000031469,400000033180,400000031422,400000032259,400000033636,400000031420,400000030972,400000033181,400000033703,400000033731,400000031820,400000033183,400000031517,400000033729,400000031471,400000030973,400000033182,400000032836,400000033725,400000033727,400000033702,400000031515,400000033184,400000033720,400000033632,400000033732"
400000028692,"400000016907,400000029033,400000026157,400000022933,400000016908,400000015427"
400000026191,
400000028399,400000002831
400000033213,
400000028970,400000023678
400000029051,"400000030165,400000027143"
400000033524,
400000033152,"400000032121,400000031838,400000032577,400000032516,400000032104,400000032581,400000033573"
400000028172,400000033101
400000032641,"400000031851,400000033246,400000033247,400000032562,400000032574,400000031853,400000033245,400000032567,400000031850,400000031852"
400000026662,"400000027146,200000001644,400000022273"
400000032387,"400000031520,400000032568,400000031612,400000031615,400000032105,400000033724,400000032569,400000031222,400000030947,400000032571,400000031673,400000030896,400000021871,400000031087,400000030898,400000032106,400000032500,400000030946,400000032570,400000030894,400000030897,400000016173"
400000026481,"400000016407,400000009229,400000030633,400000002831,400000015958"
400000028409,400000002831
400000026190,
400000028807,"400000017602,400000014883,400000012999,400000030165,400000030021,400000030020,400000009850"
400000032409,"400000032108,400000032151,400000032121,400000031838,400000032577,400000033573,400000032516,400000032104,400000032107,400000033704,400000032581,400000032149"
400000029738,
400000033493,
400000027767,"400000020609,400000022933,400000024216"
400000028965,"400000025926,400000030641"
400000029792,
400000026273,"400000030651,400000030648,400000024602,400000033383,400000024174,400000030649,400000030650,400000024601,400000030652"
400000027928,"400000016907,400000029033,400000011107,400000026157,400000022933,400000016908,400000015427"
400000028680,"400000016907,400000016908,400000022933,400000029033"
400000029770,
400000026733,"400000015967,400000025156,400000021215"
400000029769,
400000029474,"400000018150,400000021566,400000021565,400000021567,400000021568"
400000032371,"400000031615,400000030896,400000031817"
400000026167,
400000026232,"400000024601,400000024174,400000024602"
400000026509,400000020431
400000026644,"400000024837,400000029975,400000021558,400000033101"
400000032358,"400000031520,400000032568,400000031612,400000031615,400000032105,400000033724,400000032569,400000031222,400000030947,400000032571,400000031673,400000030896,400000021871,400000031087,400000030898,400000032106,400000032500,400000030946,400000032570,400000030894,400000030897,400000016173"
400000033478,"400000030898,400000030894,400000030897,400000031427,400000030896,400000031426,400000016173"
400000032471,"400000032148,400000032684,400000032147,400000032683"
400000033591,
400000027110,"400000021214,400000013502,400000002831,400000015958,400000030165"
400000026981,400000022278
400000026371,400000024601
400000026265,"400000030651,400000030648,400000033383,400000024174,400000030649,400000030882,400000017716,400000030650,400000024601,400000030647,400000030652"
400000028996,400000023565
400000028859,"400000021245,400000027147"
400000007108,"400000024601,400000024174"
400000033488,"400000031820,400000030896"
400000028121,"400000030642,400000023678"
400000033396,"400000030896,400000033724"
400000027221,400000022938
400000026281,"400000030648,400000033383,400000024174,400000030649,400000030650,400000024601,400000030647,400000030652"
400000027875,"400000029033,400000011107,400000022933,400000016908,400000016907"
400000027930,"400000016907,400000029033,400000011107,400000026157,400000022933,400000016908,400000015427"
400000032458,"400000030894,400000032908,400000031824,400000031923,400000033700,400000031615,400000031932,400000033724"
400000027287,400000027142
400000026614,"400000017602,400000030017,400000030632,400000014883,400000012999,400000030165,400000030021,400000030314,400000030020,400000009850"
400000028910,400000023607
400000028914,400000023607
400000026503,"400000016407,400000009229,400000030633,400000002831,400000015958"
400000033654,400000033573
400000032473,"400000032148,400000032684,400000032147,400000032683"
400000026357,"400000030654,400000030655,400000030656,400000030657"
400000029480,"400000023989,400000030894,400000030895,400000011450,400000031615,400000030896,400000021871,400000016173"
400000033501,
400000028761,"400000029033,400000026157,400000022933,400000016908,400000015427"
400000026885,"400000015222,400000010567,400000021215"
400000028022,
400000028512,"400000021214,400000002831,400000013502,400000015958"
400000028693,"400000016907,400000029033,400000026157,400000022933,400000016908,400000015427"
400000032635,"400000031922,400000032570,400000030898,400000030894,400000030897,400000032554,400000031427,400000032571,400000021871,400000033724"
400000029784,
400000029496,"400000030635,400000027144"
400000026895,400000021215
400000032377,"400000033638,400000033701,400000033633,400000031931,400000033721,400000031819,400000033635,400000033724,400000032481,400000033639,400000033722,400000031929,400000031516,400000031871,400000031435,400000031346,400000031802,400000031470,400000033713,400000032870,400000031430,400000033631,400000031469,400000031422,400000032259,400000033636,400000031420,400000033181,400000031820,400000033183,400000031870,400000031864,400000031471,400000033729,400000033182,400000032836,400000031865,400000033184,400000033720,400000033632"
400000026242,
400000033249,"400000031422,400000033722,400000031471,400000030973,400000033636,400000030972,400000032836,400000031420,400000033701,400000031115,400000031802,400000033720,400000031470,400000033721,400000031819,400000032870,400000033631"
400000026400,"400000021214,400000010374,400000011851,400000002831,400000025157,400000015958,400000011757"
400000026782,"400000016595,400000014982"
400000026591,"400000030314,400000030165"
400000026192,
400000026775,"400000027146,200000001644,400000022273"
400000027872,"400000016907,400000016908,400000022933,400000029033"
400000029001,400000023565
400000026204,"400000024601,400000030644,400000030643"
400000032656,"400000032258,400000031429,400000033720,400000033724"
400000026249,"400000024601,400000024174"
400000026540,400000015038
400000026276,"400000030648,400000024602,400000033383,400000024174,400000030649,400000024601,400000030647,400000030652"
400000026760,"400000027145,400000033603,400000010377,400000032007,400000030637"
400000029801,
400000031313,
400000026868,400000021245
400000026333,
400000031066,"400000030894,400000030895,400000031615,400000033730,400000033724"
400000026785,400000014982
400000026777,400000021215
400000028836,"400000030635,400000025158"
400000026627,"400000017602,400000033101,400000030017,400000030632,400000014883,400000012999,400000030165,400000030021,400000030314,400000009850"
400000033385,
400000033477,
400000032426,"400000033723,400000033638,400000033701,400000033633,400000031615,400000031931,400000033699,400000033721,400000031819,400000033240,400000033635,400000033724,400000031859,400000033639,400000033722,400000031929,400000031115,400000031871,400000031435,400000031346,400000033700,400000033730,400000031470,400000033713,400000032870,400000031518,400000033631,400000033728,400000031469,400000033180,400000031422,400000033636,400000031420,400000033181,400000033703,400000033731,400000031820,400000033183,400000033729,400000031471,400000030973,400000033182,400000032836,400000033725,400000033727,400000033702,400000033184,400000031229,400000033720,400000033632,400000033732"
400000028852,"400000021215,400000030640"
400000033269,400000033194
400000029511,400000025306
400000028871,400000016877
400000028715,"400000002802,400000022933"
400000028834,"400000030635,400000025158"
400000026606,"400000017602,400000030017,400000030632,400000014883,400000012999,400000030165,400000030021,400000030314,400000030020,400000030312,400000009850"
400000028853,"400000014982,400000021215"
400000033809,"400000032448,400000032447,400000032450,400000033704,400000032449"
400000026866,400000021245
400000028764,"400000016907,400000029033,400000026157,400000022933,400000015427"
400000026730,"400000025156,400000021215"
400000028831,"400000030635,400000025158"
400000028869,"400000030639,400000018141,400000013495,400000033110,400000016877"
400000027688,"400000023989,400000030896"
400000032398,"400000032703,400000032578,400000031849,400000033545,400000032701,400000032565,400000032561,400000032517,400000032581,400000031459,400000032627,400000032579,400000032563,400000032566,400000033575,400000033573,400000032564,400000031847,400000032556,400000032516,400000032580,400000032702,400000031846,400000032868,400000031848,400000032940"
400000028913,400000023607
400000031031,"400000032570,400000030894,400000030898,400000030897,400000031222,400000030888,400000016173,400000030895,400000032571,400000032568,400000031615,400000030896,400000030906,400000031611,400000021871,400000033724"
400000032434,"400000032570,400000030898,400000030897,400000031117,400000032571,400000031116,400000031615,400000031104,400000021871,400000031433"
400000033500,400000030896
400000026743,"400000025156,400000021215,400000030640"
400000028907,400000023607
400000033534,400000030896
400000028722,"400000002802,400000022933"
400000033483,
400000033658,400000033573
400000028021,
400000028903,400000023607
400000028872,400000016877
400000026228,"400000024601,400000030644,400000030643,400000022503"
400000033271,400000033194
400000026935,
400000033557,
400000026351,"400000030655,400000030656"
400000033457,
400000028030,"400000016913,400000012701,400000016912,400000016911"
400000024357,"400000030654,400000030656,400000030657,400000030653,400000030655"
400000027061,"400000017602,400000030017,400000012999,400000030165,400000030021,400000030314,400000030022,400000009850"
400000029513,400000025306
400000032432,"400000031922,400000032570,400000030894,400000030898,400000030897,400000032554,400000031427,400000032571,400000031615,400000032111,400000031104,400000021871,400000033724"
400000033657,400000033573
400000026505,"400000016407,400000021558,400000009229,400000030633,400000021723,400000002831,400000015958"
400000026559,"400000015038,400000022452"
400000026803,"400000030639,400000018141,400000020379,400000021432,400000033110,400000016877"
400000028825,"400000030635,400000025158"
400000030724,400000030655
400000028991,400000023565
400000027124,"400000030635,400000030344,400000025158,400000027144"
400000026547,
400000026951,
400000033444,400000030896
400000027092,"400000017602,400000014883,400000012999,400000030021,400000030165,400000009850"
400000026630,"400000017602,400000030017,400000030165,400000009850"
400000026235,"400000024601,400000024174,400000024602"
400000028902,400000023607
400000026967,"400000013846,400000030317"
400000032417,"400000031866,400000031615,400000032173,400000031868,400000033724"
400000026654,400000016210
400000029780,
400000033412,400000030896
400000028812,"400000017602,400000030314,400000030017,400000009850"
400000033541,400000030896
400000033494,
400000026211,"400000024601,400000030644"
400000032428,"400000030898,400000030894,400000031222,400000031615,400000030896,400000030950"
400000026343,400000026704
