printer_id,name,brand,model_name,cartridges,parts
400000029541,"Принтер-МФУ лазерное полноцветное A3 Kyocera FS-C2626, 28стр/мин,",Kyocera,FS-C2626,"400000022456,400000021218,400000024440,400000029787,400000022457","400000021249,400000021248,400000021251,400000021250"
400000031013,"Принтер-МФУ лазерное одноцветное SRA3 Konica Minolta bizhub 754e, 75стр/мин, USB 2.0, Ethernet",Konica Minolta,bizhub 754e,"400000032909,400000033051","400000030887,400000030728,400000030898,400000033730,400000030894,400000031345,400000030907,400000031609,400000033724,400000030897,400000031364,400000030664,400000030886,400000031615"
400000029768,"Принтер лазерный одноцветный A4 Brother HL-L2360DNR, 30стр/мин, USB 2.0, Ethernet",Brother,HL-L2360DNR,"400000029773,400000030269,400000023506,400000030323",
400000026731,"Принтер лазерный одноцветный A4 Xerox Phaser 3124, 24стр/мин, LPT, USB 2.0",Xerox,Phaser 3124,"400000023563,400000026133,200000002469,400000015225,400000021697","400000025156,400000021215"
400000033782,"Принтер лазерный полноцветный A3 Ricoh Pro C5200S, 65стр/мин, USB 2.0, Ethernet",Ricoh,Pro C5200S,"400000033696,400000033693,400000033695,400000033694",400000033697
400000029771,"Принтер-МФУ лазерное одноцветное A4 Brother MFC-L2720DWR, 26стр/мин, USB 2.0, RJ-45, Wi-Fi",Brother,MFC-L2720DWR,"400000029773,400000030269,400000023506,400000030323",
400000033658,"Принтер-МФУ лазерное одноцветное A3 Xerox Versalink B7125,",Xerox,Versalink B7125,,400000033573
400000026340,"Принтер-МФУ лазерное одноцветное A3 Kyocera KM-2550, 23стр/мин, LPT, USB 2.0, Ethernet",Kyocera,KM-2550,200000004959,
400000024357,"Принтер-МФУ лазерное одноцветное A3 Kyocera Ecosys M4132idn, 32стр/мин, USB 2.0, Ethernet",Kyocera,Ecosys M4132idn,"400000026359,400000030488","400000030654,400000030653,400000030657,400000030655,400000030656"
400000026374,"Принтер-МФУ лазерное одноцветное A3 Kyocera TASKalfa 3510i, 35стр/мин, USB 2.0, Ethernet",Kyocera,TASKalfa 3510i,"400000026373,400000030495",
400000026986,"Принтер лазерный одноцветный A4 HP LaserJet 1005W, 14стр/мин, LPT, USB 2.0",HP,LaserJet 1005W,"400000014970,200000000393,400000012992","400000021214,400000011851,400000002831,400000010374,400000015958,400000025157,400000022453,400000011757"
400000033125,"Принтер-МФУ лазерное полноцветное A3 Xerox WorkCentre 7425, 25стр/мин, USB 2.0, Ethernet",Xerox,WorkCentre 7425,,
400000029720,"Принтер лазерный одноцветный A4 Samsung SL-M2626D, 26стр/мин, USB 2.0",Samsung,SL-M2626D,400000029728,
400000026860,"Принтер-МФУ лазерное одноцветное A4 Samsung SCX-4623F, 22стр/мин, USB 2.0",Samsung,SCX-4623F,"400000030444,400000030445,400000015226","400000030638,400000027147,400000021245"
400000028890,"Принтер-МФУ лазерное одноцветное A4 HP LaserJet Pro MFP M127fw, 21стр/мин, USB 2.0, RJ-45, Wi-Fi",HP,LaserJet Pro MFP M127fw,"400000020133,400000030394,400000021216,400000030363,400000030395,400000019120","400000009850,400000030017,400000014883,400000030165,400000017602"
400000028924,"Принтер-МФУ лазерное одноцветное A4 Brother MFC-9600, 12стр/мин,",Brother,MFC-9600,"400000028905,400000029972,400000030499,400000030498",400000023607
400000029788,"Принтер лазерный полноцветный A4 Kyocera FS-C8100DN, 32стр/мин, USB 2.0, Ethernet",Kyocera,FS-C8100DN,400000029789,
400000031005,"Принтер-МФУ лазерное полноцветное A3 Xerox WorkCentre 7346, 45стр/мин, USB 2.0, Ethernet",Xerox,WorkCentre 7346,"400000031065,400000030922,400000030924,400000030978,400000030923",400000030925
400000026530,"Принтер-МФУ лазерное одноцветное A4 HP LaserJet 3390, 21стр/мин, USB 2.0, Ethernet",HP,LaserJet 3390,"400000017383,400000015428,400000018130,200000000728","400000033098,400000021214,400000011851,400000015038,400000002831,400000011758,400000015958,400000025157,400000021558,200000003556,400000030634"
400000028867,"Принтер лазерный одноцветный A4 Samsung ML-2163, 18стр/мин, USB 2.0",Samsung,ML-2163,"400000030446,400000014788",400000016877
400000026154,"Принтер лазерный одноцветный A4 Kyocera Mita FS-1010, 14стр/мин, LPT, USB 1.1",Kyocera,Mita FS-1010,"400000022274,400000004752,200000005507",
400000028914,"МФУ лазерное одноцветное A4 Brother FAX 8300J,",Brother,FAX 8300J,"400000028905,400000029972",400000023607
400000026446,"Принтер лазерный одноцветный A4 HP LaserJet 1150, 17стр/мин, LPT, USB 2.0",HP,LaserJet 1150,"400000011524,400000013500,400000012992,400000014970,400000030365","400000021214,400000011851,400000002831,400000010374,400000021698,400000033095,400000015958,400000025157,400000011757"
400000026827,"Принтер-МФУ лазерное одноцветное A4 Samsung SCX-4725FN, 24стр/мин, USB 2.0, Ethernet",Samsung,SCX-4725FN,"400000030453,400000015225,400000030452","400000025156,400000030640,400000021215"
400000033159,"Принтер-МФУ лазерное полноцветное A3 Xerox Versant 170i Press, 70стр/мин, Ethernet",Xerox,Versant 170i Press,"400000031874,400000031581,400000031668,400000030961,400000032840,400000030963,400000032842,400000030962,400000030964,400000031669,400000031582,400000031873,400000031875,400000032839,400000031876,400000032841","400000032564,400000032561,400000031671,400000032581,400000031846,400000033545,400000031952,400000032565,400000032578,400000032940,400000031985,400000031459,400000032868,400000032580,400000031954,400000032566,400000033573,400000031847,400000031987,400000031953,400000031986,400000033575,400000031955,400000031984,400000032516,400000032579,400000032517,400000031848,400000031584,400000032556,400000031849,400000031583,400000032563"
400000026357,"Принтер-МФУ лазерное одноцветное A3 Kyocera Ecosys M4125idn, 25стр/мин, USB 2.0, Ethernet",Kyocera,Ecosys M4125idn,"400000026359,400000030488","400000030655,400000030654,400000030656,400000030657"
400000026239,"Принтер-МФУ лазерное одноцветное A4 Kyocera Ecosys M2640IDW, 40стр/мин, USB 2.0, Ethernet, SD, Wi-Fi",Kyocera,Ecosys M2640IDW,"400000024266,400000026135,400000030408","400000024174,400000024602,400000024601"
400000026238,"Принтер-МФУ лазерное одноцветное A4 Kyocera Ecosys M2540DN, 40стр/мин, USB 2.0, Ethernet, SD",Kyocera,Ecosys M2540DN,"400000024266,400000026135,400000030408","400000024174,400000024602,400000024601"
400000033618,"Принтер-МФУ лазерное одноцветное A4 Pantum M7108DW, 33стр/мин, USB 2.0, Wi-Fi",Pantum,M7108DW,400000033513,
400000029752,"Принтер-МФУ лазерное одноцветное A4 Xerox WorkCentre 3220N, 28стр/мин, USB 2.0",Xerox,WorkCentre 3220N,400000029753,400000030638
400000026273,"Принтер лазерный одноцветный A4 Kyocera Ecosys P3045dn, 45стр/мин, USB 2.0, Ethernet",Kyocera,Ecosys P3045dn,"400000024269,400000030411","400000030651,400000030652,400000030648,400000030650,400000030649,400000024602,400000024601,400000033383,400000024174"
400000026377,"Принтер-МФУ лазерное одноцветное A3 Kyocera TASKalfa 520i, 52стр/мин, USB 2.0, Ethernet",Kyocera,TASKalfa 520i,"400000019407,400000006722",
400000033539,Принтер-МФУ лазерное полноцветное A4 Konica Minolta C3110,,,,
400000026207,"Принтер лазерный одноцветный A4 Kyocera Mita FS-1120D, 30стр/мин, USB",Kyocera,Mita FS-1120D,"400000030407,400000019126","400000030644,400000030643,400000019405,400000024601,400000023832"
400000032642,"Принтер-МФУ лазерное полноцветное A3 Xerox WorkCentre 7845, 45стр/мин, USB 2.0, Ethernet",Xerox,WorkCentre 7845,"400000032555,400000031936,400000031937,400000031939,400000031938,400000032575","400000031852,400000033245,400000032574,400000032567,400000033246,400000031850,400000032562,400000033247,400000031851,400000031853"
400000033758,"Принтер-МФУ лазерное одноцветное A4 Pantum M7302FDW, 33стр/мин, USB 2.0",Pantum,M7302FDW,400000033642,400000032005
400000028967,"Принтер-МФУ лазерное одноцветное A4 Brother MFC-1912, 20стр/мин, USB 2.0, Wi-Fi",Brother,MFC-1912,"400000028961,400000030198",400000025926
400000033515,"Принтер-МФУ лазерное одноцветное A4 HP LaserJet 137a, 20стр/мин, USB 2.0",HP,LaserJet 137a,"400000032171,400000031502","400000033603,400000027145"
400000032374,"Принтер-МФУ лазерное полноцветное SRA3 Konica Minolta AccurioPress C3070, 70стр/мин, USB 2.0, Ethernet",Konica Minolta,AccurioPress C3070,"400000032292,400000032291,400000031353,400000032294,400000031352,400000032293,400000031354,400000031351","400000033240,400000030973,400000031469,400000033631,400000033638,400000031516,400000031346,400000033180,400000031422,400000033632,400000031420,400000032259,400000033703,400000031871,400000033722,400000031471,400000033182,400000031430,400000033639,400000033633,400000031518,400000032870,400000031931,400000033701,400000033636,400000033721,400000033184,400000033729,400000031929,400000031115,400000031470,400000033720,400000033730,400000033183,400000031229,400000033713,400000031859,400000031802,400000031820,400000031515,400000033635,400000033181,400000032836,400000031819,400000033724,400000031517,400000033723,400000031435"
400000031045,"Принтер-МФУ лазерное одноцветное A3 Konica Minolta bizhub 423, 42стр/мин, USB 2.0, Ethernet",Konica Minolta,bizhub 423,,"400000030898,400000030894,400000032570,400000030896,400000030895"
400000033502,"Принтер-МФУ лазерное одноцветное SRA3 Konica Minolta AccurioPrint 950i, 95стр/мин,",Konica Minolta,AccurioPrint 950i,,
400000028669,"Принтер лазерный полноцветный A4 HP Color LaserJet 3000, 29стр/мин, USB 2.0",HP,Color LaserJet 3000,"400000030576,400000028668,400000028665,400000028667,400000028666","400000022933,400000002802"
400000029062,"Принтер-МФУ лазерное полноцветное A4 HP HP LaserJet Pro 400 Color M451nw, 20стр/мин, USB 2.0, RJ-45, Wi-Fi",HP,HP LaserJet Pro 400 Color M451nw,400000030587,400000029033
400000026278,"Принтер-МФУ лазерное одноцветное A4 Kyocera Ecosys M3655idn, USB 2.0, Ethernet, SD",Kyocera,Ecosys M3655idn,"400000024088,400000030412","400000030652,400000030648,400000030649,400000024601,400000033383,400000030647,400000024174"
400000026583,"Принтер лазерный одноцветный A3 HP  LaserJet 9040dn, 40стр/мин, LPT, Ethernet",HP,LaserJet 9040dn,"400000026587,400000030211",
400000026593,"Принтер-МФУ лазерное одноцветное A4 HP LaserJet Enterprise M4555, 52стр/мин, USB 2.0, Ethernet",Не указано,Не указано,"400000030380,400000020052",400000030165
400000026914,"Принтер лазерный одноцветный A4 Samsung ML-3560N, 33стр/мин, LPT, USB 2.0",Samsung,ML-3560N,"400000026917,400000030459",
400000029725,"Принтер лазерный одноцветный A4 Samsung SL-M2835DW, 28стр/мин, USB 2.0, RJ-45, Wi-Fi",Samsung,SL-M2835DW,400000029728,
400000033408,"Принтер-МФУ лазерное одноцветное A3 Konica Minolta bizhub 163, 16стр/мин, USB 2.0, Ethernet",Konica Minolta,bizhub 163,,400000030896
400000026668,"Принтер лазерный одноцветный A4 Xerox Phaser 3121, 16стр/мин, LPT, USB 2.0",Xerox,Phaser 3121,"200000000420,400000026664,400000012655","400000027146,400000022273"
400000026396,"Принтер лазерный одноцветный A4 HP LaserJet 1200, 14стр/мин, LPT, USB 1.1",HP,LaserJet 1200,"400000014970,400000030364,200000000393,400000012992","400000021214,400000011851,400000002831,400000010374,400000021698,400000033095,400000015958,400000025157,400000011757"
400000026904,"Принтер лазерный одноцветный A4 Samsung ML-3710, 35стр/мин, USB 2.0, Ethernet",Samsung,ML-3710,"400000020350,400000030457,400000030456",400000024172
400000033587,Принтер-МФУ лазерное одноцветное A4 Konica Minolta PagePro 1490MF,,,,
400000028861,"Принтер-МФУ лазерное одноцветное A4 Samsung SCX-4605, 22стр/мин,",Samsung,SCX-4605,"400000030444,400000030445,400000015226","400000027147,400000021245"
400000033437,"Принтер лазерный одноцветный A4 Konica Minolta bizhub 5000i, 50стр/мин, USB 2.0, Ethernet, Wi-Fi",Konica Minolta,bizhub 5000i,,
400000028721,"Принтер лазерный полноцветный A4 Canon i-SENSYS LBP5300, 21стр/мин, USB 2.0",Canon,i-SENSYS LBP5300,"400000030567,400000028719,400000028717,400000028718,400000028708","400000022933,400000002802"
400000032469,"Принтер-МФУ лазерное полноцветное A3 Canon ImagePress C800, 80стр/мин, USB 2.0, Ethernet",Canon,ImagePress C800,"400000031826,400000031828,400000031829,400000031827","400000032148,400000032684,400000032683,400000032147"
400000026244,"Принтер-МФУ лазерное одноцветное A4 Kyocera Ecosys M2835dw, 35стр/мин, USB 2.0, RJ-45, Wi-Fi",Kyocera,Ecosys M2835dw,"400000030410,400000025325,400000026136","400000024174,400000024602,400000024601"
400000026240,"Принтер лазерный одноцветный A4 Kyocera Ecosys P2335dn, 35стр/мин, USB 2.0, Ethernet, SD",Kyocera,Ecosys P2335dn,"400000030410,400000025325,400000026136","400000024174,400000024602,400000024601"
400000029780,"Принтер-МФУ лазерное полноцветное A4 Kyocera Ecosys M6026cdn, 26стр/мин, USB 2.0, Ethernet",Kyocera,Ecosys M6026cdn,400000029787,
400000028714,"Принтер-МФУ лазерное полноцветное A4 Canon i-SENSYS MF9130, 21стр/мин, USB 2.0, Ethernet",Canon,i-SENSYS MF9130,"400000030567,400000028709,400000028710,400000028711,400000028708","400000022933,400000002802"
400000032674,"Принтер-МФУ лазерное полноцветное A3 Xerox AltaLink C8055, 55стр/мин, Ethernet, AirPrint",Xerox,AltaLink C8055,"400000032555,400000031936,400000031937,400000031939,400000031938,400000032575","400000031852,400000033245,400000032574,400000032567,400000033246,400000031850,400000033704,400000032562,400000033247,400000031851,400000031853"
400000026552,"Принтер-МФУ лазерное одноцветное A4 Canon i-SENSYS MF5840, 30стр/мин, USB 2.0, Ethernet",Canon,i-SENSYS MF5840,"400000015223,400000030202,400000026131,400000023293","400000021214,400000002831,400000030165,400000030636,400000013502,400000015958"
400000026807,"Принтер лазерный одноцветный A4 Samsung Xpress SL-M2020, 20стр/мин, USB 2.0",Samsung,Xpress SL-M2020,"400000022914,400000026134,400000030465","400000033110,400000016877,400000030023,400000030639"
400000028012,"Принтер лазерный полноцветный A4 Xerox Phaser 6130, 17стр/мин, USB 2.0",Xerox,Phaser 6130,"400000020697,400000030496,400000030597,400000020699,400000020698,400000021219",
400000015102,"Принтер лазерный одноцветный A4 Canon I-SENSYS LBP6310DN, 33стр/мин, USB 2.0, Ethernet",Canon,I-SENSYS LBP6310DN,"400000015223,400000030202,400000026131,400000023293","400000021214,400000002831,400000030165,400000013502,400000015958"
400000026233,"Принтер-МФУ лазерное одноцветное A4 Kyocera Ecosys M2635DN, 35стр/мин, USB 2.0, Ethernet, SD",Kyocera,Ecosys M2635DN,"400000024268,400000030427","400000024174,400000024602,400000024601"
400000033398,"Принтер-МФУ лазерное одноцветное A3 Konica Minolta Bizhub 361, 36стр/мин, Ethernet",Konica Minolta,Bizhub 361,,"400000030896,400000031820"
400000026778,"Принтер лазерный одноцветный A4 Samsung ML-2250, 20стр/мин, LPT, USB 2.0",Samsung,ML-2250,"400000030447,400000026779",400000014982
400000033757,"Принтер-МФУ лазерное одноцветное A4 Pantum M7200FDW, 33стр/мин, USB 2.0",Pantum,M7200FDW,400000033642,400000032005
400000028778,"Принтер-МФУ лазерное полноцветное A4 HP color LaserJet CM3530fs MFP, 31стр/мин, USB 2.0, Ethernet",HP,color LaserJet CM3530fs MFP,400000011093,"400000029033,400000016907,400000016908,400000026157,400000011107"
400000033211,"Принтер-МФУ лазерное полноцветное A3+ Konica Minolta Bizhub Pro C6500P, 65стр/мин, Ethernet",Konica Minolta,Bizhub Pro C6500P,,
400000026571,"Принтер-МФУ лазерное одноцветное A3 HP LaserJet Enterprise M725dn, 41стр/мин, LPT, USB 2.0",HP,LaserJet Enterprise M725dn,"400000030221,400000026572",
400000031011,"Принтер-МФУ лазерное одноцветное SRA3 Konica Minolta bizhub 658e, 65стр/мин, USB 2.0, Ethernet, AirPrint, NFC",Konica Minolta,bizhub 658e,,"400000030887,400000032260,400000030898,400000030728,400000030894,400000030907,400000032570,400000031613,400000031427,400000030896,400000032554,400000032571,400000030664,400000030886,400000031615,400000021871"
400000026457,"Принтер лазерный одноцветный A4 HP LaserJet 4000, 17стр/мин, LPT",HP,LaserJet 4000,"400000030374,400000030375,400000026456",
400000026418,"Принтер лазерный одноцветный A4 Canon LBP3200, 18стр/мин, USB",Canon,LBP3200,"400000026727,400000012250,200000001808,400000030270","400000002831,400000011757,400000033095,400000015958,400000010374"
400000027215,"Копир лазерный одноцветный A4 Canon PC 860, 12стр/мин,",Canon,PC 860,"400000029970,400000030159,400000027203,400000027202",400000023565
400000033811,"Принтер-МФУ лазерное полноцветное SRA3 Xerox AltaLink C8155, 55стр/мин, USB 2.0, Ethernet, NFC",Xerox,AltaLink C8155,"400000032444,400000032446,400000032443,400000032445","400000032447,400000032449,400000033704,400000032448,400000032450"
400000028833,"Принтер лазерный одноцветный A4 HP LaserJet Pro M203dn, 28стр/мин, USB 2.0, Ethernet",HP,LaserJet Pro M203dn,"400000028823,400000030396,400000030397,400000024342,400000030062","400000030635,400000025158"
400000027092,"Принтер-МФУ лазерное одноцветное A4 Canon i-SENSYS MF4730, 23стр/мин, USB 2.0",Canon,i-SENSYS MF4730,"400000014786,400000014981,400000030514,400000026129,400000015579","400000009850,400000014883,400000030165,400000030021,400000012999,400000017602"
400000026599,"Принтер-МФУ лазерное одноцветное A4 HP LaserJet M1120n MFP, 19стр/мин, USB 2.0",Не указано,Не указано,"400000015579,400000003115,400000026129,400000030274","400000009850,400000030632,400000030017,400000030312,400000030314,400000014883,400000030165,400000030021,400000012999,400000022453,400000017602"
400000030616,"Принтер лазерный полноцветный A4 Samsung CLP-310, 16стр/мин, USB 2.0",Samsung,CLP-310,"400000006701,400000006702",
400000026681,"Принтер лазерный одноцветный A4 Samsung ML-2510, 24стр/мин, LPT, USB 2.0",Samsung,ML-2510,"400000023563,400000030438,400000026133,400000015225,400000021697","400000025156,400000030640,400000011148,400000021215"
400000028800,"Принтер-МФУ лазерное одноцветное A4 Canon i-SENSYS MF212w, 23стр/мин, USB 2.0, RJ-45, Wi-Fi",Canon,i-SENSYS MF212w,"400000030324,400000028813","400000030017,400000030314,400000009850,400000017602"
400000026762,"Принтер-МФУ лазерное одноцветное A4 Samsung SCX-4220, 18стр/мин, USB 2.0",Samsung,SCX-4220,"400000003401,400000013239","200000001644,400000022273"
400000026721,"Принтер-МФУ лазерное одноцветное A4 Samsung SCX-4650N, 24стр/мин, USB 2.0, Ethernet",Samsung,SCX-4650N,"400000026723,400000030528","400000025156,400000021215"
400000026268,"Принтер-МФУ лазерное одноцветное A4 Kyocera Ecosys M3550idn, 50стр/мин, USB 2.0, Ethernet, SD",Kyocera,Ecosys M3550idn,"400000030419,400000026266","400000017716,400000030651,400000030652,400000030648,400000030650,400000030649,400000024601,400000033383,400000030647,400000024174"
400000033449,Принтер лазерный полноцветный A4 Konica Minolta bizhub C3100P,,,,400000030896
400000026937,"Принтер лазерный одноцветный A4 Samsung ProXpress SL-M4030, 40стр/мин, USB 2.0, Ethernet",Samsung,ProXpress SL-M4030,"400000030463,400000026925",
400000032633,"Принтер-МФУ лазерное одноцветное A3 Konica Minolta Bizhub 551i, 55стр/мин, USB 2.0, Ethernet",Konica Minolta,Bizhub 551i,,"400000031922,400000032570,400000032554,400000032571,400000021871"
400000026338,"Принтер-МФУ лазерное одноцветное A3 Kyocera TASKAlfa 2200, 22стр/мин, USB 2.0",Kyocera,TASKAlfa 2200,"400000026336,400000030492",400000024601
400000027237,"Принтер лазерный одноцветный A4 Pantum P2500W, 22стр/мин, USB 2.0, Wi-Fi",Pantum,P2500W,"400000033759,400000027209,400000030431","400000029060,400000033102,400000030952,400000025307"
400000033662,"Принтер-МФУ лазерное одноцветное A3 Xerox Versalink С7030,",Xerox,Versalink С7030,,400000033573
400000033268,"Принтер-МФУ лазерное полноцветное A3 Canon imageRUNNER ADVANCE C7260i, 60стр/мин, USB 2.0, Ethernet",Canon,imageRUNNER ADVANCE C7260i,,400000033194
400000033153,"Принтер-МФУ лазерное полноцветное A3 Xerox WorkCentre WC7665, 65стр/мин, Ethernet",Xerox,WorkCentre WC7665,,"400000031838,400000032581,400000032121,400000032516,400000033573,400000032577,400000032104"
400000026450,"Принтер-МФУ лазерное одноцветное A4 HP LaserJet Pro MFP M28a, 18стр/мин, USB 2.0",HP,LaserJet Pro MFP M28a,"400000030393,400000026217","400000030345,400000033100,400000026018,400000017602"
400000026223,"Принтер-МФУ лазерное одноцветное A4 Kyocera Ecosys FS-1030MFP, 30стр/мин, USB",Kyocera,Ecosys FS-1030MFP,"400000019122,400000016955,400000030520,400000019121","400000030644,400000030643,400000024601"
400000029784,"Принтер-МФУ лазерное полноцветное A4 Kyocera Ecosys M6526cdn, 26стр/мин, USB 2.0, Ethernet",Kyocera,Ecosys M6526cdn,400000029787,
400000028352,"Принтер лазерный одноцветный A4 HP LaserJet 3150, 6стр/мин, LPT",HP,LaserJet 3150,"400000028349,400000030371","400000033097,400000002831,400000011759,400000020431"
400000028860,"Принтер-МФУ лазерное одноцветное A4 Samsung SF-650, 18стр/мин,",Samsung,SF-650,"400000030444,400000030445,400000015226","400000030638,400000027147,400000021245"
400000026215,"Принтер лазерный одноцветный A4 Kyocera Mita FS-1040, 20стр/мин, USB",Kyocera,Mita FS-1040,"400000019125,400000016872,400000024183,400000019401",400000023832
400000033389,"Принтер-МФУ лазерное одноцветное A3 Konica Minolta 7020, 20стр/мин, USB 1.1, Ethernet",Konica Minolta,7020,,400000031820
400000033393,"Принтер-МФУ лазерное одноцветное A3 Konica Minolta 7035, 35стр/мин, USB 1.1, Ethernet",Konica Minolta,7035,,400000031820
400000033264,"Принтер-МФУ лазерное полноцветное A3 Canon imageRUNNER ADVANCE C7055i, 55стр/мин, USB 2.0, Ethernet",Canon,imageRUNNER ADVANCE C7055i,,400000033194
400000026661,"Принтер лазерный одноцветный A4 Samsung ML-1740, 16стр/мин, USB 2.0",Samsung,ML-1740,"400000030435,400000026132,400000012655","200000001644,400000027146,400000022273"
400000026803,"Принтер-МФУ лазерное одноцветное A4 Samsung SCX-3400, 20стр/мин, USB 2.0",Samsung,SCX-3400,"400000030446,400000014788,400000030275","400000033110,400000021432,400000018141,400000030639,400000016877,400000020379"
400000026911,"Принтер-МФУ лазерное одноцветное A4 Xerox WorkCentre 3315, 31стр/мин, USB 2.0, Ethernet",Xerox,WorkCentre 3315,"400000029756,400000026910",400000024172
400000027040,"Принтер лазерный одноцветный A4 HP LaserJet 2300, 25стр/мин, LPT, USB 2.0",HP,LaserJet 2300,"400000027039,400000030368",400000015038
400000033299,"Принтер-МФУ лазерное одноцветное A3 Xerox WorkCentre 4595, 95стр/мин, Ethernet",Xerox,WorkCentre 4595,,400000033196
400000026920,"Принтер лазерный одноцветный A4 Xerox Phaser 3500, 33стр/мин, LPT, USB 2.0, Ethernet",Xerox,Phaser 3500,"400000030484,400000026919",
400000026237,"Принтер-МФУ лазерное одноцветное A4 Kyocera Ecosys M2040DN, 40стр/мин, USB 2.0, Ethernet, SD",Kyocera,Ecosys M2040DN,"400000024266,400000026135,400000030408","400000024601,400000024174,400000024602,400000030882"
400000029462,"Принтер-МФУ лазерное одноцветное A4 Samsung SF-565P, 16стр/мин, LPT, USB 2.0",Samsung,SF-565P,"200000001110,400000026132","200000001644,400000027146"
400000026469,"Принтер-МФУ лазерное одноцветное A4 HP LaserJet 3030, 14стр/мин, LPT, USB 2.0",HP,LaserJet 3030,"400000011518,400000005168,400000013499,400000013234,400000011519,400000012388,200000000402","400000030633,400000009229,400000002831,400000009931,400000021698,400000015958,400000021558,400000033096,400000016407"
400000033471,"Принтер-МФУ лазерное одноцветное A4 Konica Minolta Bizhub 3320, 33стр/мин, USB 2.0, Ethernet, Wi-Fi",Konica Minolta,Bizhub 3320,,
400000028901,"Принтер лазерный одноцветный A4 Brother HL-1270, 12стр/мин, LPT, USB 2.0, Ethernet",Brother,HL-1270,"400000028905,400000029972,400000030499,400000030498",400000023607
400000028013,"Принтер лазерный полноцветный A4 Xerox Phaser 6125N, 16стр/мин, USB 2.0, Ethernet",Xerox,Phaser 6125N,"400000020697,400000020699,400000020698,400000021219,400000030596",
400000033753,"Принтер-МФУ лазерное одноцветное A4 Pantum M7100DN, 30стр/мин, USB 2.0",Pantum,M7100DN,400000033642,400000032005
400000032416,"Принтер-МФУ лазерное одноцветное A3 Konica Minolta Bizhub PRO 1200, 120стр/мин, Ethernet",Konica Minolta,Bizhub PRO 1200,400000031551,"400000031868,400000031866,400000032173,400000033724,400000031615,400000032908"
400000033476,"Принтер-МФУ лазерное одноцветное A3 Konica Minolta bizhub 185, 18стр/мин, USB 2.0",Konica Minolta,bizhub 185,,400000030896
400000026331,"Копир лазерный одноцветный A3 Kyocera KM-1650, 16стр/мин, LPT, USB 2.0, Ethernet",Kyocera,KM-1650,"400000020385,400000009942,400000008839,400000029971,400000002721,200000001990",
400000026193,"Принтер лазерный одноцветный A3 Kyocera FS-9520, 51стр/мин, LPT, USB 2.0, Ethernet",Kyocera,FS-9520,"400000030282,400000026195",
400000028970,"Принтер лазерный одноцветный A4 Brother HL-2035R, 18стр/мин, USB 2.0",Brother,HL-2035R,"400000024237,400000030304",400000023678
400000029795,"Принтер-МФУ лазерное полноцветное A3 Kyocera TASKalfa 2550ci, 25стр/мин, USB 2.0, Ethernet",Kyocera,TASKalfa 2550ci,400000029796,400000024174
400000033402,"Принтер лазерный одноцветный SRA3 Konica Minolta AccurioPress 7136P, 136стр/мин, USB 2.0, Ethernet",Konica Minolta,AccurioPress 7136P,,400000031923
400000028879,"Принтер-МФУ лазерное одноцветное A4 Canon iR 1022A, 22стр/мин, USB 2.0",Canon,iR 1022A,400000030511,"400000009229,400000021723"
400000026453,"Принтер-МФУ лазерное одноцветное A4 HP LaserJet Pro MFP M29w, 19стр/мин, USB 2.0, Wi-Fi",HP,LaserJet Pro MFP M29w,"400000030393,400000026217","400000033100,400000026018,400000017602"
400000031071,"Принтер-МФУ лазерное полноцветное A3+ Konica Minolta bizhub C652, 65стр/мин, USB 2.0, Ethernet",Konica Minolta,bizhub C652,,"400000033730,400000030894,400000033724,400000031428,400000031364,400000030895,400000031817,400000031615"
400000030001,"Принтер лазерный полноцветный A4 Samsung Xpress SL-C430, 18стр/мин, USB 2.0",Samsung,Xpress SL-C430,400000029997,
400000028777,"Принтер-МФУ лазерное полноцветное A4 HP Color LaserJet CM2320fxi, 20стр/мин, USB 2.0, Ethernet",HP,Color LaserJet CM2320fxi,400000030580,"400000029033,400000016907,400000016908,400000026157,400000011107"
400000027246,"Принтер лазерный полноцветный A4 Kyocera FS-C5350DN, 30стр/мин, USB 2.0, Ethernet",Kyocera,FS-C5350DN,"400000022692,400000022693,400000020452,400000022694,400000030588","400000024174,400000024602,400000024601"
400000028893,"Принтер лазерный одноцветный A4 HP LaserJet Pro M201dw, 25стр/мин, USB 2.0, RJ-45, Wi-Fi",HP,LaserJet Pro M201dw,"400000020133,400000030394,400000021216,400000030395,400000019120","400000009850,400000030017,400000014883,400000030165,400000017602"
400000028965,"Принтер-МФУ лазерное одноцветное A4 Brother MFC-1815, 20стр/мин, USB 2.0",Brother,MFC-1815,"400000028961,400000030198","400000030641,400000025926"
400000026974,"Принтер-МФУ лазерное одноцветное A4 Oki B2540 MFP, 16стр/мин, USB 2.0, Ethernet",Oki,B2540 MFP,"400000030525,400000026971,400000026970,400000030524",
400000031022,"Принтер-МФУ лазерное полноцветное A3 Konica Minolta bizhub PRESS C1085, 85стр/мин, USB 2.0, Ethernet",Konica Minolta,bizhub PRESS C1085,"400000030668,400000031473,400000031472,400000033321,400000033320,400000030669,400000030667,400000024363,400000033319,400000033322,400000030666,400000024348,400000024364","400000033730,400000032258,400000031513,400000030971,400000031429,400000031511,400000030970,400000033742,400000031514,400000031365,400000030949,400000031434,400000033724,400000031512,400000031615,400000033720"
400000027270,"Принтер лазерный одноцветный A4 Brother HL-2170W, 22стр/мин, USB 2.0, RJ-45, Wi-Fi",Brother,HL-2170W,"400000030307,400000018695,400000017384",400000023678
400000033537,Принтер-МФУ лазерное полноцветное A4 Konica Minolta C25,,,,
400000026748,"Принтер лазерный одноцветный A4 Samsung ML-1660, 16стр/мин, USB 2.0",Samsung,ML-1660,"400000023775,400000007100,400000012991","400000030637,400000033603,400000010377,400000027145"
400000033653,"Принтер-МФУ лазерное одноцветное A3 Xerox Versalink B7025,",Xerox,Versalink B7025,,400000033573
400000033522,Принтер лазерный полноцветный A4 Konica Minolta bizhub C3301i,,,,
400000033534,Принтер лазерный полноцветный A4 Konica Minolta MagiColor 4750EN,,,,400000030896
400000031007,"Принтер-МФУ лазерное одноцветное SRA3 Konica Minolta bizhub 558, 55стр/мин, USB 2.0, Ethernet, AirPrint",Konica Minolta,bizhub 558,,"400000032260,400000030898,400000030728,400000030907,400000032570,400000031613,400000031615,400000030894,400000031222,400000030896,400000030897,400000032571,400000030664,400000030886,400000021871,400000030947,400000031427,400000032554,400000030887"
400000027213,"Копир лазерный одноцветный A4 Canon PC 760, 12стр/мин,",Canon,PC 760,"400000029970,400000030159,400000027203,400000027202",400000023565
400000033174,"Принтер-МФУ лазерное одноцветное A3 Xerox PrimeLink B9110, 110стр/мин, USB 2.0, Ethernet",Xerox,PrimeLink B9110,,"400000032516,400000032581"
400000028906,"Принтер лазерный одноцветный A4 Brother HL-1440, 14стр/мин, LPT, USB 1.1",Brother,HL-1440,"400000028905,400000029972,400000030499,400000030498",400000023607
400000028884,"Принтер лазерный одноцветный A4 Canon i-SENSYS LBP251dw, 30стр/мин, USB 2.0, RJ-45, Wi-Fi",Canon,i-SENSYS LBP251dw,"400000015221,400000030202,400000026131","400000021214,400000002831,400000013502,400000026157,400000015958"
400000026531,"Принтер-МФУ лазерное одноцветное A4 HP LaserJet 3392, 21стр/мин, USB 2.0, Ethernet",HP,LaserJet 3392,"400000017383,400000015428,400000018130,200000000728","400000033098,400000021214,400000011851,400000015038,400000002831,400000011758,400000015958,400000025157,400000021558,200000003556,400000030634"
400000026452,"Принтер-МФУ лазерное одноцветное A4 HP LaserJet Pro MFP M29a, 19стр/мин, USB 2.0",HP,LaserJet Pro MFP M29a,"400000030393,400000026217","400000033100,400000026018,400000017602"
400000032422,"Принтер-МФУ лазерное полноцветное SRA3 Konica Minolta bizhub PRESS C1070, 70стр/мин, USB 2.0, Ethernet",Konica Minolta,bizhub PRESS C1070,"400000032292,400000032291,400000031353,400000032294,400000031352,400000032293,400000031354,400000031351","400000033240,400000030973,400000033728,400000033699,400000033631,400000031469,400000033638,400000031516,400000031346,400000033180,400000033732,400000031422,400000033632,400000033702,400000032259,400000033731,400000033703,400000031420,400000033725,400000031615,400000031871,400000033722,400000031471,400000033182,400000031430,400000033639,400000033633,400000031518,400000032870,400000031931,400000033701,400000033636,400000033721,400000033184,400000033729,400000031929,400000031115,400000031470,400000033700,400000033720,400000033730,400000033183,400000031229,400000033713,400000031859,400000031802,400000031820,400000031515,400000033635,400000033181,400000032836,400000031819,400000033727,400000033724,400000031517,400000033723"
400000033252,"Принтер-МФУ лазерное полноцветное A3 Canon ImagePress C170, 65стр/мин, USB 2.0, Ethernet",Canon,ImagePress C170,"400000033047,400000033048,400000033045,400000033046","400000033193,400000033194,400000033195"
400000032671,"Принтер-МФУ лазерное полноцветное A4 Konica Minolta Bizhub C4050i, 40стр/мин, USB 2.0, Ethernet, Wi-Fi",Konica Minolta,Bizhub C4050i,,"400000032570,400000030897,400000030894"
400000026582,"Принтер лазерный одноцветный A3 HP LaserJet 9000, 50стр/мин, LPT, USB 2.0",HP,LaserJet 9000,"400000026587,400000030211",
400000026759,"Принтер-МФУ лазерное одноцветное A4 Samsung SCX-3205, 16стр/мин, USB 2.0",Samsung,SCX-3205,"400000023775,400000007100,400000012991","400000030637,400000033603,400000010377,400000027145"
400000026389,"Принтер-МФУ лазерное одноцветное A3 Kyocera KM-5035, 26стр/мин, LPT, Ethernet",Kyocera,KM-5035,"400000026378,400000030490",
400000033132,"Принтер-МФУ лазерное полноцветное A3 Xerox WorkCentre 7845i, 45стр/мин, USB 2.0, Ethernet",Xerox,WorkCentre 7845i,"400000032555,400000031936,400000031937,400000031939,400000031938,400000032575","400000031852,400000033245,400000032574,400000031850,400000033247,400000031851,400000031853"
400000027240,"Принтер-МФУ лазерное одноцветное A4 Pantum M6607, 22стр/мин, USB 2.0",Pantum,M6607,"400000027209,400000030431","400000029060,400000030952,400000025307"
400000028892,"Принтер-МФУ лазерное одноцветное A4 HP LaserJet Pro MFP M225rdn, 25стр/мин, USB 2.0, Ethernet",HP,LaserJet Pro MFP M225rdn,"400000020133,400000030394,400000021216,400000030363,400000030395,400000019120","400000009850,400000030017,400000014883,400000030165,400000017602"
400000033158,"Принтер-МФУ лазерное полноцветное A3 Xerox Versant 180i Press, 80стр/мин, Ethernet",Xerox,Versant 180i Press,"400000031874,400000031581,400000031668,400000030961,400000032840,400000030963,400000032842,400000030962,400000030964,400000031669,400000031582,400000031873,400000031875,400000032839,400000031876,400000032841","400000032564,400000032561,400000031671,400000032581,400000031846,400000033545,400000031952,400000032565,400000032578,400000032940,400000031985,400000031459,400000032868,400000032580,400000031954,400000032566,400000033573,400000031847,400000031987,400000031953,400000031986,400000033575,400000031955,400000031984,400000032516,400000032579,400000032517,400000031848,400000031584,400000032556,400000031849,400000031583,400000032563"
400000029540,"Принтер-МФУ лазерное полноцветное A3 Kyocera FS-C2526, 28стр/мин,",Kyocera,FS-C2526,"400000022456,400000021218,400000024440,400000029787,400000022457","400000021249,400000021248,400000021251,400000021250"
400000026535,"Принтер лазерный одноцветный A4 HP LaserJet P2014, 23стр/мин, LPT, USB 2.0",HP,LaserJet P2014,"400000003099,400000002772,400000018130,400000015428","400000021214,400000011851,400000002831,400000021698,400000011758,400000015958,400000025157,200000003556"
400000028353,"Принтер-МФУ лазерное одноцветное A4 HP LaserJet 3310mfp, 15стр/мин,",HP,LaserJet 3310mfp,"400000030364,200000000393",400000015958
400000032655,"Принтер-МФУ лазерное полноцветное A3 Konica Minolta AccurioPress C14000, 140стр/мин, Ethernet",Konica Minolta,AccurioPress C14000,"400000031355,400000031356,400000031358,400000031357",400000032258
400000027058,"Принтер лазерный одноцветный A4 HP LaserJet P1007, 14стр/мин, USB 2.0",HP,LaserJet P1007,"400000015579,400000006930,400000026129,400000030363","400000009850,400000030632,400000030312,400000014883,400000030165,400000021698,400000030021,400000012999,400000022453,400000017602"
400000026899,"Принтер-МФУ лазерное одноцветное A4 Samsung SCX-5530FN, 28стр/мин, LPT, USB 2.0, Ethernet",Samsung,SCX-5530FN,"400000030529,400000026897","400000010567,400000021215"
400000033817,"Принтер-МФУ лазерное одноцветное SRA3 Canon VarioPrint VP140, 143стр/мин, Ethernet",Canon,VarioPrint VP140,,"400000032686,400000032687"
400000028998,"Принтер лазерный одноцветный A4 Canon PC 940,",Canon,PC 940,"400000029970,400000027203,400000027202",400000023565
400000030681,"Копир лазерный одноцветный A3 Kyocera KM-2030,",Kyocera,KM-2030,,
400000026608,"Принтер-МФУ лазерное одноцветное A4 HP LaserJet Pro M1217nfw MFP, 18стр/мин, USB 2.0, RJ-45, Wi-Fi",Не указано,Не указано,"400000013848,400000030518,400000030274,400000030272,400000026129,400000030363,400000026130,400000015579","400000009850,400000030632,400000030017,400000030312,400000030314,400000014883,400000030165,400000026157,400000030021,400000012999,400000030020,400000022453,400000017602"
400000026362,"Принтер-МФУ лазерное одноцветное A3 Kyocera KM-3040, 30стр/мин, USB 2.0, Ethernet",Kyocera,KM-3040,"400000026364,400000030491",
400000033475,"Принтер-МФУ лазерное одноцветное A3 Konica Minolta bizhub 165, 16стр/мин, USB 2.0",Konica Minolta,bizhub 165,,400000030896
400000029513,"Принтер-МФУ лазерное одноцветное A4 Pantum M6000, 16стр/мин, USB 2.0",Pantum,M6000,400000030430,400000025306
400000033766,"Принтер лазерный полноцветный SRA3 Ricoh Pro C7210S, 85стр/мин, USB 2.0, Ethernet",Ricoh,Pro C7210S,"400000033709,400000033710,400000033711,400000033712",400000033714
400000033450,Принтер-МФУ лазерное одноцветное A4 Konica Minolta MagiColor 1690MF,,,,
400000028723,"Принтер лазерный полноцветный A4 Canon i-SENSYS LBP7210Cdn, 20стр/мин, USB 2.0, Ethernet",Canon,i-SENSYS LBP7210Cdn,"400000018143,400000032753,400000032752,400000018145,400000020487,400000032755,400000030570,400000032754,400000018144","400000015427,400000022933,400000030612"
400000032638,"Принтер-МФУ лазерное полноцветное A3 Xerox WorkCentre 7535, 35стр/мин, USB 2.0, Ethernet",Xerox,WorkCentre 7535,"400000032555,400000031936,400000031937,400000031939,400000031938,400000032575","400000031852,400000033245,400000032574,400000032567,400000033246,400000031850,400000032562,400000033247,400000031851,400000031853"
400000033409,"Принтер-МФУ лазерное одноцветное A3 Konica Minolta bizhub 163v, 16стр/мин, USB 2.0, Ethernet",Konica Minolta,bizhub 163v,,400000030896
400000028810,"Принтер-МФУ лазерное одноцветное A4 Canon i-SENSYS MF247dw, 27стр/мин, USB 2.0, RJ-45, Wi-Fi",Canon,i-SENSYS MF247dw,"400000030324,400000028813","400000030017,400000030314,400000009850,400000017602"
400000032398,"Принтер лазерный полноцветный A3 Xerox Versant 2100 Press, 100стр/мин, Ethernet",Xerox,Versant 2100 Press,"400000030969,400000030967,400000030966,400000030968","400000032564,400000032561,400000032581,400000031846,400000032701,400000033545,400000032565,400000032578,400000032940,400000031459,400000032868,400000032580,400000032566,400000033573,400000031847,400000033575,400000032516,400000032579,400000032517,400000031848,400000032556,400000031849,400000032703,400000032702,400000032563,400000032627"
400000026602,"Принтер лазерный одноцветный A4 HP LaserJet Pro P1102, 18стр/мин, USB 2.0",Не указано,Не указано,"400000013848,400000030518,400000030274,400000030272,400000026129,400000030363,400000026130,400000023401,400000015579","400000009850,400000030632,400000030017,400000030312,400000030314,400000014883,400000030165,400000030021,400000012999,400000030020,400000022453,400000017602"
400000032677,"Принтер-МФУ лазерное одноцветное SRA3 Canon VarioPrint VP135, 135стр/мин, Ethernet",Canon,VarioPrint VP135,,"400000032686,400000032688,400000032687"
400000033588,Принтер лазерный одноцветный A4 Konica Minolta PagePro 4650EN,,,,
400000033477,"Принтер лазерный одноцветный A4 Konica Minolta bizhub 3622, 36стр/мин, USB 2.0, Ethernet, Wi-Fi",Konica Minolta,bizhub 3622,,
400000028348,"Принтер лазерный одноцветный A4 HP LaserJet 5L, 4стр/мин, LPT",HP,LaserJet 5L,"400000028349,400000030371,400000020142","400000033097,400000002831,400000011759,400000020431"
400000026365,"Принтер-МФУ лазерное одноцветное A3 Kyocera TASKAlfa 300i, 30стр/мин, USB 2.0, Ethernet",Kyocera,TASKAlfa 300i,"400000026366,400000030493",
400000026263,"Принтер-МФУ лазерное одноцветное A4 Kyocera Ecosys M3540dn, 40стр/мин, USB 2.0, Ethernet",Kyocera,Ecosys M3540dn,"400000021985,400000013493,400000021984","400000030648,400000024153,400000030650,400000030649,400000024601,400000030647,400000024174"
400000027912,"Принтер-МФУ лазерное полноцветное A4 Canon i-SENSYS MF8030, 12стр/мин, USB 2.0, Ethernet",Canon,i-SENSYS MF8030,"400000016596,400000016081,400000016957,400000015968,400000030566,400000016080","400000029033,400000016907,400000016908,400000026157,400000022933,400000015427"
400000028022,"Принтер лазерный полноцветный A4 Xerox Phaser 6120, 20стр/мин, LPT, USB 2.0",Xerox,Phaser 6120,"400000028020,400000028014,400000028016,400000028018,400000028017,400000028019,400000030595,400000028015",
400000029024,"Принтер-МФУ лазерное полноцветное A4 HP Color LaserJet 4730mfp, 30стр/мин, LPT, USB 2.0, Ethernet",HP,Color LaserJet 4730mfp,"400000029020,400000030602,400000029023,400000029022,400000029021",400000002803
400000026719,"Принтер-МФУ лазерное одноцветное A4 Samsung SCX-4321, 20стр/мин, LPT, USB 2.0",Samsung,SCX-4321,"400000026133,400000030438,400000015225,400000021697","400000025156,400000030640,400000021215"
400000032656,"Принтер-МФУ лазерное полноцветное A3 Konica Minolta AccurioPress C12000, 120стр/мин, Ethernet",Konica Minolta,AccurioPress C12000,"400000031355,400000031356,400000031358,400000031357","400000033724,400000031429,400000032258,400000033720"
400000033300,"Принтер-МФУ лазерное одноцветное A3 Xerox DocuPrint 900, 110стр/мин, Ethernet",Xerox,DocuPrint 900,,400000033196
400000026676,"Принтер-МФУ лазерное одноцветное A4 Xerox WorkCentre PE16e, 16стр/мин, LPT, USB 2.0",Xerox,WorkCentre PE16e,"400000026132,200000001141,400000012655","400000027146,400000022273"
400000033754,"Принтер-МФУ лазерное одноцветное A4 Pantum M7100DW, 30стр/мин, USB 2.0, Wi-Fi",Pantum,M7100DW,400000033642,400000032005
400000029027,"Принтер лазерный полноцветный A4 HP Color LaserJet CP4005dn, 30стр/мин, USB 2.0, Ethernet",HP,Color LaserJet CP4005dn,"400000030581,400000029029,400000029030,400000029028,400000029031",400000002803
400000026398,"Принтер лазерный одноцветный A4 HP LaserJet 1220, 14стр/мин, LPT, USB 1.1",HP,LaserJet 1220,"400000014970,400000030364,200000000393,400000012992","400000021214,400000011851,400000002831,400000010374,400000033095,400000015958,400000025157,400000011757"
400000032664,"Принтер-МФУ лазерное одноцветное SRA3 Konica Minolta Bizhub 300i, 30стр/мин, USB 2.0, Ethernet, Wi-Fi",Konica Minolta,Bizhub 300i,,"400000030898,400000032570,400000030897,400000031433,400000032571,400000021871"
400000033273,"Принтер-МФУ лазерное полноцветное A3 Canon imageRUNNER ADVANCE C7565, 65стр/мин, USB 2.0, Ethernet",Canon,imageRUNNER ADVANCE C7565,,"400000033194,400000033195"
400000032644,"Принтер-МФУ лазерное полноцветное A3 Xerox WorkCentre 7970, 70стр/мин, USB 2.0, Ethernet",Xerox,WorkCentre 7970,"400000032555,400000031936,400000031937,400000031939,400000031938,400000032575","400000031852,400000033245,400000032574,400000032567,400000033246,400000031850,400000032562,400000033247,400000031851,400000031853"
400000028931,"Принтер-МФУ лазерное одноцветное A4 Brother MFC-9750, 12стр/мин, LPT, USB 2.0",Brother,MFC-9750,"400000028905,400000029972",400000023607
400000026788,"Принтер-МФУ лазерное одноцветное A4 Xerox Phaser 3100, 20стр/мин, USB 2.0",Xerox,Phaser 3100,"400000004252,400000023831,400000005382","400000012993,400000022363"
400000007108,"Принтер лазерный одноцветный A3 Kyocera FS-6970DN, 35стр/мин, LPT, USB 2.0, Ethernet",Kyocera,FS-6970DN,"400000008493,400000026316","400000024174,400000024601"
400000026724,"Принтер лазерный одноцветный A4 Xerox Phaser 3117, 16стр/мин, USB 2.0",Xerox,Phaser 3117,"400000023563,400000026133,200000002469,400000015225,400000021697","400000025156,400000030640,400000021215"
400000029533,"Принтер лазерный полноцветный A3 Xerox Phaser 7500, 35стр/мин, USB 2.0, Ethernet",Xerox,Phaser 7500,"400000030563,400000029536,400000029537,400000029535,400000029534","400000022370,400000022372,400000022369,400000033246,400000022371"
400000026347,"Принтер-МФУ лазерное одноцветное A3 Kyocera FS-6030MFP, 30стр/мин, USB 2.0, Ethernet",Kyocera,FS-6030MFP,"400000026346,400000030489","400000030655,400000030656,400000026704"
400000026672,"Принтер-МФУ лазерное одноцветное A4 Samsung SCX-4016, 16стр/мин, LPT, USB 2.0",Samsung,SCX-4016,"200000001110,400000026132,400000012655","200000001644,400000027146,400000022273"
400000032411,"Принтер-МФУ лазерное полноцветное A3 Xerox DocuColor DC260, 75стр/мин, Ethernet",Xerox,DocuColor DC260,,"400000032108,400000031838,400000032107,400000032149,400000032581,400000032516,400000032121,400000033704,400000032151,400000033573,400000032577,400000032104"
400000026503,"Принтер-МФУ лазерное одноцветное A4 Canon i-SENSYS MF4690PL, 20стр/мин, USB 2.0, Ethernet",Canon,i-SENSYS MF4690PL,"400000030513,400000013499","400000030633,400000009229,400000002831,400000015958,400000016407"
400000026665,"Принтер лазерный одноцветный A4 Xerox Phaser 3116, 14стр/мин, USB 2.0",Xerox,Phaser 3116,"400000030475,400000026663","400000027146,400000022273"
400000026718,"Принтер лазерный одноцветный A4 Samsung ML-2571N, 24стр/мин, LPT, USB 2.0, Ethernet",Samsung,ML-2571N,"400000026133,400000015225,400000023563,400000030438","400000025156,400000011148,400000021215"
400000032407,"Принтер-МФУ лазерное полноцветное A3 Xerox DocuColor DC240, 55стр/мин, Ethernet",Xerox,DocuColor DC240,,"400000032108,400000031838,400000032107,400000032149,400000032581,400000032516,400000032121,400000033704,400000032151,400000033573,400000032577,400000032104"
400000033269,"Принтер-МФУ лазерное полноцветное A3 Canon imageRUNNER ADVANCE C7270, 70стр/мин, USB 2.0, Ethernet",Canon,imageRUNNER ADVANCE C7270,,400000033194
400000027687,"Принтер-МФУ лазерное полноцветное A3+ Konica Minolta bizhub C253, 25стр/мин, USB 2.0, Ethernet",Konica Minolta,bizhub C253,"400000009743,400000009741,400000009740,400000009742","400000011450,400000030894,400000023989,400000030896,400000030895,400000016173,400000031615,400000021871"
400000029772,"Принтер-МФУ лазерное одноцветное A4 Brother MFC-L2740DWR, 26стр/мин, USB 2.0, RJ-45, Wi-Fi",Brother,MFC-L2740DWR,"400000029773,400000030269,400000023506,400000030323",
400000032433,"Принтер-МФУ лазерное полноцветное SRA3 Konica Minolta Bizhub C300i, 30стр/мин, USB 2.0, RJ-45, Wi-Fi",Konica Minolta,Bizhub C300i,,"400000031117,400000030898,400000031116,400000032570,400000030897,400000031104,400000031433,400000032571,400000031615,400000021871"
400000026481,"Принтер-МФУ лазерное одноцветное A4 Canon i-SENSYS MF4150, 20стр/мин, USB 2.0",Canon,i-SENSYS MF4150,"400000011518,400000030513,400000013499,400000013234,400000012388","400000030633,400000009229,400000002831,400000015958,400000016407"
400000027096,"Принтер-МФУ лазерное одноцветное A4 Canon i-SENSYS MF4750, 23стр/мин, USB 2.0",Canon,i-SENSYS MF4750,"400000014786,400000014981,400000030514,400000026129,400000015579","400000009850,400000014883,400000030165,400000030021,400000012999,400000017602"
400000032681,"Принтер-МФУ лазерное полноцветное A4 Konica Minolta Bizhub C3850, 38стр/мин,",Konica Minolta,Bizhub C3850,"400000032478,400000032479,400000032480,400000032477",400000030896
400000033540,"Принтер лазерный одноцветный A3+ Konica Minolta bizhub C252P, 25стр/мин, USB 2.0, Ethernet",,,,400000030896
400000026912,"Принтер-МФУ лазерное одноцветное A4 Xerox WorkCentre 3325, 35стр/мин, USB 2.0, RJ-45, Wi-Fi",Xerox,WorkCentre 3325,"400000029756,400000026910,400000029757",400000024172
400000028577,"Принтер-МФУ лазерное одноцветное A4 Canon i-SENSYS MF4340d, 22стр/мин, USB 2.0",Canon,i-SENSYS MF4340d,"400000013234,400000030513,400000013499,400000012388","400000015958,400000002831,400000016407"
400000026872,"Принтер-МФУ лазерное одноцветное A4 Xerox WorkCentre 3220N, 28стр/мин, USB 2.0, Ethernet",Xerox,WorkCentre 3220N,"400000027305,400000029753,400000020147","400000030638,400000021245"
400000028104,"Принтер-МФУ лазерное одноцветное A4 Brother DCP-7025R, 20стр/мин, LPT, USB 2.0",Brother,DCP-7025R,"400000024237,400000030303","400000023678,400000030642"
400000028921,"Принтер-МФУ лазерное одноцветное A4 Brother MFC-8700, 12стр/мин, USB 2.0",Brother,MFC-8700,"400000028905,400000030499,400000030498",400000023607
400000026566,"Принтер лазерный одноцветный A4 HP LaserJet Pro M701, 31стр/мин, USB 2.0, Ethernet",HP,LaserJet Pro M701,400000030261,
400000033524,Принтер-МФУ лазерное полноцветное A4 Konica Minolta bizhub C3351i,,,,
400000032663,"Принтер-МФУ лазерное одноцветное SRA3 Konica Minolta Bizhub 360i, 36стр/мин,",Konica Minolta,Bizhub 360i,,"400000030898,400000031820,400000032570,400000030897,400000031433,400000033724,400000032571,400000021871"
400000033480,"Принтер лазерный одноцветный A4 Konica Minolta bizhub 4000P, 40стр/мин, USB 2.0, Ethernet, IEEE1284",Konica Minolta,bizhub 4000P,,
400000028894,"Принтер лазерный одноцветный A4 Canon i-SENSYS LBP6020B, 18стр/мин, USB 2.0",Canon,i-SENSYS LBP6020B,"400000013848,400000030350,400000030274,400000026129,400000026130,400000015579","400000009850,400000014883,400000030165,400000030021,400000012999,400000030020,400000017602"
400000032670,"Принтер лазерный полноцветный A4 Konica Minolta Bizhub C4000i, 40стр/мин, USB 2.0, Ethernet",Konica Minolta,Bizhub C4000i,,"400000032570,400000030897,400000030894"
400000026868,"Принтер-МФУ лазерное одноцветное A4 Samsung SCX-4825FN, 24стр/мин, USB 2.0, Ethernet",Samsung,SCX-4825FN,"400000030450,400000030451,400000014980",400000021245
400000033282,"Принтер-МФУ лазерное полноцветное A3 Canon imageRUNNER ADVANCE C9280 PRO, 80стр/мин, USB 2.0, Ethernet",Canon,imageRUNNER ADVANCE C9280 PRO,,400000033194
400000028915,"МФУ лазерное одноцветное A4 Brother FAX 8350,",Brother,FAX 8350,"400000028905,400000029972",400000023607
400000026234,"Принтер-МФУ лазерное одноцветное A4 Kyocera Ecosys M2735DW, 35стр/мин, USB 2.0, Ethernet, SD, Wi-Fi",Kyocera,Ecosys M2735DW,"400000024268,400000030427","400000024174,400000024602,400000024601"
400000026343,"Принтер-МФУ лазерное одноцветное A3 Kyocera TASKAlfa 220, 22стр/мин, USB 2.0, Ethernet",Kyocera,TASKAlfa 220,"400000018345,400000011690,400000022462",400000026704
400000032646,"Принтер-МФУ лазерное полноцветное A3 Xerox WorkCentre WC27755, 55стр/мин, Ethernet",Xerox,WorkCentre WC27755,,400000032567
400000026337,"Принтер-МФУ лазерное одноцветное A3 Kyocera TASKAlfa 1801, 18стр/мин, USB 2.0",Kyocera,TASKAlfa 1801,"400000026336,400000030492",400000024601
400000032390,"Принтер-МФУ лазерное одноцветное SRA3 Konica Minolta Bizhub 458e, 55стр/мин, USB 2.0, Ethernet, AirPrint",Konica Minolta,Bizhub 458e,,"400000030898,400000030894,400000032570,400000031613,400000031427,400000030896,400000032568,400000032571,400000016173,400000031615,400000021871"
400000030979,"Принтер лазерный полноцветный A3 Konica Minolta AccurioPress C6085, 85стр/мин, Ethernet",Konica Minolta,AccurioPress C6085,"400000030668,400000031473,400000031472,400000033321,400000030665,400000033320,400000030669,400000030667,400000024363,400000033319,400000033322,400000030666,400000024348,400000024364","400000033730,400000032258,400000031513,400000031366,400000031429,400000031511,400000030970,400000033742,400000031514,400000031365,400000030949,400000031434,400000033724,400000031512,400000033720"
400000028934,"Принтер-МФУ лазерное одноцветное A4 Brother MFC-9760, 14стр/мин, LPT, USB 2.0",Brother,MFC-9760,"400000028905,400000029972",400000023607
400000028935,"Принтер-МФУ лазерное одноцветное A4 Brother MFC-9800, 15стр/мин, LPT, USB 2.0",Brother,MFC-9800,"400000028905,400000029972,400000030499,400000030498",400000023607
400000028941,"МФУ лазерное одноцветное A4 Brother DCP-1200
,",Brother,DCP-1200,"400000028905,400000029972,400000030499,400000030498",400000023607
400000032653,"Принтер-МФУ лазерное одноцветное A4 Konica Minolta Bizhub 4050i, 40стр/мин, USB 2.0, Ethernet, Wi-Fi",Konica Minolta,Bizhub 4050i,,"400000032570,400000030897"
400000032397,"Принтер лазерный полноцветный SRA3 Konica Minolta Bizhub PRESS C70hc, 70стр/мин, USB 2.0, Ethernet",Konica Minolta,Bizhub PRESS C70hc,,"400000033188,400000033346,400000031469,400000033187,400000032259,400000033725,400000031431,400000031615,400000030671,400000030673,400000031871,400000033185,400000030670,400000033182,400000031931,400000033701,400000033189,400000030672,400000033729,400000030974,400000031929,400000033191,400000031115,400000033700,400000033241,400000030975,400000033720,400000033186,400000033730,400000033192,400000031820,400000032838,400000031819,400000033724"
400000033202,Принтер лазерный полноцветный A4 Konica Minolta bizhub C3100i,,,,
400000026164,"Принтер лазерный одноцветный A4 Kyocera Mita FS-1030D, 22стр/мин, LPT, USB 2.0",Kyocera,Mita FS-1030D,"400000030422,400000011818,400000004751","400000030644,400000030643,400000024601"
400000033424,"Принтер-МФУ лазерное одноцветное A3 Konica Minolta bizhub 181, 18стр/мин, USB 2.0, Ethernet",Konica Minolta,bizhub 181,,400000030896
400000026264,"Принтер лазерный одноцветный A4 Kyocera FS-4100dn, 45стр/мин, USB 2.0, Ethernet",Kyocera,FS-4100dn,"400000030418,400000019127","400000030651,400000030652,400000030648,400000030881,400000030650,400000030649,400000030882,400000033383,400000024601,400000030647,400000024174"
400000031012,"Принтер-МФУ лазерное одноцветное SRA3 Konica Minolta bizhub 754, 75стр/мин, USB 2.0, Ethernet",Konica Minolta,bizhub 754,"400000032909,400000033051","400000030887,400000030728,400000033730,400000030894,400000031345,400000030907,400000031609,400000033724,400000031364,400000030664,400000030886,400000031615"
400000026749,"Принтер лазерный одноцветный A4 Samsung ML-1665, 16стр/мин, USB 2.0",Samsung,ML-1665,"400000023775,400000007100,400000012991","400000030637,400000033603,400000010377,400000027145"
400000026448,"Принтер лазерный одноцветный A4 HP LaserJet Pro M15a, 18стр/мин, USB 2.0",HP,LaserJet Pro M15a,"400000030393,400000026217","400000030345,400000033100,400000026018,400000017602"
400000028382,"Принтер-МФУ лазерное одноцветное A4 Canon Fax-L200, 6стр/мин,",Canon,Fax-L200,"400000030201,400000028381",400000002831
400000026281,"Принтер-МФУ лазерное одноцветное A4 Kyocera Ecosys M3145idn, 45стр/мин, USB 2.0, Ethernet, SD",Kyocera,Ecosys M3145idn,"400000030521,400000026280","400000030652,400000030648,400000030650,400000030649,400000024601,400000033383,400000030647,400000024174"
400000033173,"Принтер-МФУ лазерное одноцветное A3 Xerox PrimeLink B9100, 100стр/мин, USB 2.0, Ethernet",Xerox,PrimeLink B9100,,"400000032516,400000032581"
400000027688,"Принтер-МФУ лазерное полноцветное A3+ Konica Minolta Bizhub C200, 20стр/мин, USB 2.0, Ethernet",Konica Minolta,Bizhub C200,"400000027171,400000027170,400000030600,400000027169,400000027168","400000030896,400000023989"
400000032399,"Принтер лазерный полноцветный A3 Xerox Versant 3100 Press, 100стр/мин, Ethernet",Xerox,Versant 3100 Press,"400000030969,400000030967,400000030966,400000030968","400000032564,400000032561,400000032581,400000031846,400000032701,400000033545,400000032565,400000032578,400000032940,400000031459,400000032868,400000032580,400000032566,400000033573,400000031847,400000033575,400000032516,400000032579,400000032517,400000031848,400000032556,400000031849,400000032703,400000032702,400000032563,400000032627"
400000033505,"Принтер-МФУ лазерное одноцветное A3 Konica Minolta Bizhub PRO 1052, 105стр/мин, Ethernet",Konica Minolta,Bizhub PRO 1052,,"400000033724,400000033700,400000032908"
400000033429,"Принтер-МФУ лазерное одноцветное A3 Konica Minolta bizhub 195, 19стр/мин, USB 2.0, Ethernet",Konica Minolta,bizhub 195,,400000030896
400000026939,"Принтер лазерный одноцветный A4 Ricoh SP 210, 22стр/мин, USB 2.0",Ricoh,SP 210,"400000030434,400000026941",
400000033752,"Принтер-МФУ лазерное одноцветное A4 Pantum M6700DW, 30стр/мин, LPT, USB 2.0, Ethernet, Wi-Fi",Pantum,M6700DW,400000033642,400000032005
400000032402,"Принтер-МФУ лазерное полноцветное A3 Xerox Color 560, 65стр/мин, USB 2.0, Ethernet",Xerox,Color 560,"400000031438,400000031572,400000032347,400000031935,400000032976,400000032351,400000030953,400000031442,400000031439,400000031444,400000030955,400000031440,400000032977,400000032350,400000031571,400000032349,400000031441,400000032346,400000031437,400000031443,400000032345,400000031570,400000030956,400000032975,400000032348,400000032974,400000030954,400000031569,400000032352","400000031837,400000032581,400000031840,400000031575,400000031974,400000031971,400000031844,400000032104,400000031836,400000032108,400000031838,400000032003,400000032557,400000031841,400000032873,400000031854,400000031842,400000032149,400000031843,400000031942,400000031940,400000033704,400000031573,400000031972,400000033573,400000032577,400000031839,400000032002,400000031943,400000032516,400000031941,400000032874,400000031973,400000032576,400000032150,400000032107,400000032872,400000031576,400000032121,400000032875,400000031975,400000032151,400000031574,400000032109"
400000026463,"Принтер лазерный одноцветный A4 HP LaserJet 1015, 14стр/мин, LPT, USB 2.0",HP,LaserJet 1015,"400000011518,400000005168,400000013499,400000013234,400000011519,400000012388,200000000402","400000030633,400000009229,400000002831,400000021723,400000009931,400000021698,400000015958,400000021558,400000033096,400000016407"
400000026879,"Принтер лазерный одноцветный A4 Xerox Phaser 3052, 26стр/мин, USB 2.0, RJ-45, Wi-Fi",Xerox,Phaser 3052,"400000026880,400000029754",400000030019
400000027123,"Принтер лазерный одноцветный A4 HP LaserJet Pro M104, 22стр/мин, USB 2.0",HP,LaserJet Pro M104,"400000030392,400000030273,400000026498,400000027258","400000025158,400000030344"
400000026747,"Принтер лазерный одноцветный A4 Samsung ML-2241, 22стр/мин, USB 2.0",Samsung,ML-2241,"400000014790,400000030440","400000025156,400000030640,400000021215"
400000028907,"Принтер лазерный одноцветный A4 Brother HL-1450, 14стр/мин, LPT, USB 1.1",Brother,HL-1450,"400000028905,400000029972,400000030499,400000030498",400000023607
400000032386,"Принтер-МФУ лазерное полноцветное SRA3 Konica Minolta Bizhub C308, 30стр/мин, USB 2.0, Ethernet, AirPrint, NFC",Konica Minolta,Bizhub C308,,"400000030898,400000032106,400000032570,400000031087,400000031615,400000030894,400000031222,400000030946,400000030896,400000030897,400000031673,400000032571,400000016173,400000021871,400000031520,400000032500,400000030947,400000032105,400000031612,400000032569,400000032568,400000033724"
400000026947,"Принтер-МФУ лазерное одноцветное A4 Samsung SCX-6345, 43стр/мин, USB 2.0, Ethernet",Samsung,SCX-6345,"400000026928,400000030532",
400000026983,"Копир лазерный одноцветный A4 Xerox CopyCentre C118, 18стр/мин,",Xerox,CopyCentre C118,"400000020245,400000005778",
400000032423,"Принтер лазерный полноцветное SRA3 Konica Minolta Bizhub PRESS C1070P, 70стр/мин, USB 2.0, Ethernet",Konica Minolta,Bizhub PRESS C1070P,"400000032292,400000032291,400000031353,400000032294,400000031352,400000032293,400000031354,400000031351","400000033240,400000030973,400000033728,400000033699,400000033631,400000031469,400000033638,400000031516,400000031346,400000033180,400000033732,400000031422,400000033632,400000033702,400000032259,400000033731,400000033703,400000031420,400000033725,400000031615,400000031871,400000033722,400000031471,400000033182,400000031430,400000033639,400000033633,400000031518,400000032870,400000031931,400000033701,400000033636,400000033721,400000033184,400000033729,400000031929,400000031115,400000031470,400000033700,400000033720,400000033730,400000033183,400000031229,400000033713,400000031859,400000031802,400000031820,400000031515,400000033635,400000033181,400000032836,400000031819,400000033727,400000033724,400000031517,400000033723"
400000026153,"Принтер лазерный одноцветный A4 Kyocera Mita FS-1000, 12стр/мин, LPT",Kyocera,Mita FS-1000,"400000022274,400000004752,200000005507",
400000028585,"Принтер-МФУ лазерное одноцветное A4 Canon i-SENSYS MF4380d, 22стр/мин, USB 2.0, Ethernet",Canon,i-SENSYS MF4380d,"400000013234,400000030513,400000013499,400000012388","400000015958,400000002831,400000016407"
400000032472,"Принтер-МФУ лазерное полноцветное A3 Canon ImagePress C850, 85стр/мин, USB 2.0, Ethernet",Canon,ImagePress C850,"400000031826,400000031828,400000031829,400000031827","400000032148,400000032684,400000032683,400000032147"
400000027241,"Принтер-МФУ лазерное одноцветное A4 Panasonic KX-MB1900, 24стр/мин, USB 2.0",Panasonic,KX-MB1900,"400000016460,400000023774,400000018136",
400000026271,"Принтер-МФУ лазерное одноцветное A4 Kyocera M3540IDN, 40стр/мин, USB 2.0, Ethernet, SD, MMC",Kyocera,M3540IDN,"400000030522,400000026272","400000030648,400000024153,400000030650,400000030649,400000024601,400000033383,400000030647,400000024174"
400000033820,Принтер-МФУ лазерное одноцветное A3+ Konica Minolta bizhub PRO 8150,,,,"400000031931,400000033186"
400000033400,"Принтер-МФУ лазерное одноцветное SRA3 Konica Minolta AccurioPress 7136, 136стр/мин, USB 2.0, Ethernet",Konica Minolta,AccurioPress 7136,,400000031923
400000027218,"Принтер-МФУ лазерное одноцветное A3 Xerox WorkCentre 5325, 25стр/мин, USB 2.0, Ethernet",Xerox,WorkCentre 5325,"400000030497,400000027219",400000022938
400000028872,"Принтер лазерный одноцветный A4 Samsung Xpress SL-M2026, 20стр/мин, USB 2.0",Samsung,Xpress SL-M2026,"400000022914,400000026134,400000030465",400000016877
400000028926,"Принтер-МФУ лазерное одноцветное A4 Brother MFC-9650, 12стр/мин, LPT, USB 2.0",Brother,MFC-9650,"400000028905,400000029972",400000023607
400000028663,"Принтер-МФУ лазерное полноцветное A4 HP LaserJet Pro 200 Color MFP M276, 14стр/мин, USB 2.0, Ethernet",HP,LaserJet Pro 200 Color MFP M276,"400000016596,400000016081,400000016957,400000015968,400000016080,400000030586","400000029033,400000016907,400000016908,400000026157,400000022933,400000015427"
400000029765,"Принтер-МФУ лазерное одноцветное A4 Brother DCP-L2560DWR, 30стр/мин,",Brother,DCP-L2560DWR,"400000029773,400000030269,400000023506,400000030323",
400000026679,"Принтер лазерный одноцветный A4 Samsung ML-2010, 20стр/мин, USB 2.0",Samsung,ML-2010,"400000026133,400000015225,400000023563,400000030438","400000025156,400000030640,400000011148,400000021215"
400000026963,"Принтер-МФУ лазерное одноцветное A4 Xerox WorkCentre 385, 8стр/мин, LPT, USB 2.0",Xerox,WorkCentre 385,"400000030467,400000030466,400000026959,200000001668",400000007891
400000028826,"Принтер лазерный одноцветный A4 HP LaserJet Pro M104a, 22стр/мин, USB 2.0",HP,LaserJet Pro M104a,"400000030392,400000030273,400000026498,400000027258","400000030635,400000027144,400000025158,400000030344"
400000026591,"Принтер лазерный одноцветный A4 HP LaserJet Enterprise M602dn, 50стр/мин, USB 2.0, Ethernet",Не указано,Не указано,"400000030380,400000020052","400000030314,400000030165"
400000028969,"Принтер-МФУ лазерное одноцветное A4 Brother FAX-2820, 14стр/мин, USB 2.0",Brother,FAX-2820,"400000024237,400000030506",400000023678
400000026551,"Принтер лазерный одноцветный A4 Canon i-SENSYS LBP6650dn, 33стр/мин, USB 2.0, Ethernet",Не указано,Не указано,"400000023293,400000026131,400000015223,400000030354,400000030202","400000021214,400000002831,400000030165,400000030636,400000013502,400000015958"
400000033448,"Принтер-МФУ лазерное одноцветное A3 Konica Minolta bizhub 751, 60стр/мин, USB 2.0, Ethernet",Konica Minolta,bizhub 751,,
400000028749,"Принтер лазерный полноцветный A4 Canon i-SENSYS LBP7750Cdn, 30стр/мин, USB 2.0, Ethernet",Canon,i-SENSYS LBP7750Cdn,"400000028748,400000028745,400000028747,400000028746,400000030571","400000029033,400000016907,400000016908,400000026157,400000022933,400000011107"
400000026883,"Принтер лазерный одноцветный A4 Samsung ML-3050, 28стр/мин, LPT, USB 2.0",Samsung,ML-3050,"400000030454,400000020349,400000030455","400000010567,400000015222,400000021215"
400000028808,"Принтер лазерный одноцветный A4 Canon i-SENSYS LBP6230dw, 25стр/мин, USB 2.0, RJ-45, Wi-Fi",Canon,i-SENSYS LBP6230dw,"400000014786,400000014981,400000026499,400000026129,400000030352,400000015579,400000030353","400000030022,400000009850,400000030165,400000030021,400000012999,400000017602"
400000030721,"Принтер-МФУ лазерное полноцветное SRA3 Konica Minolta bizhub C558, 55стр/мин, USB 2.0, Ethernet",Konica Minolta,bizhub C558,,"400000032260,400000030898,400000032570,400000031613,400000031087,400000031615,400000030894,400000031676,400000031674,400000030896,400000032571,400000021871,400000030947,400000031427,400000032554,400000031675,400000032569,400000032568,400000033724"
400000028898,"Принтер лазерный одноцветный A4 Brother HL-1240, 12стр/мин, LPT, USB 2.0",Brother,HL-1240,"400000028905,400000029972,400000030499,400000030498",400000023607
400000033472,"Принтер-МФУ лазерное одноцветное A4 Konica Minolta Bizhub 36, 36стр/мин, USB 2.0, Ethernet",Konica Minolta,Bizhub 36,,"400000030896,400000030898,400000030894"
400000026279,"Принтер-МФУ лазерное одноцветное A4 Kyocera Ecosys M3660idn, 60стр/мин, USB 2.0, Ethernet, SD",Kyocera,Ecosys M3660idn,"400000024088,400000030412","400000024601,400000024174,400000030652"
400000029739,"Принтер лазерный одноцветный A4 Samsung SL-M3825ND, 38стр/мин, USB 2.0, Ethernet",Samsung,SL-M3825ND,400000029744,
400000026361,"Принтер-МФУ лазерное одноцветное A3 Kyocera KM-2560, 25стр/мин, USB 2.0, Ethernet",Kyocera,KM-2560,"400000026364,400000030491",
400000026673,"Принтер-МФУ лазерное одноцветное A4 Samsung SCX-4116, 16стр/мин, LPT, USB 1.1",Samsung,SCX-4116,"200000001110,400000026132,400000012655","200000001644,400000027146,400000022273"
400000028643,"Принтер-МФУ лазерное полноцветное A4 Canon i-SENSYS MF623Cn, 14стр/мин, USB 2.0, Ethernet",Canon,i-SENSYS MF623Cn,"400000016596,400000025607,400000025605,400000016081,400000016957,400000015968,400000030569,400000016080,400000025606,400000025604","400000029033,400000016907,400000016908,400000026157,400000022933,400000015427"
400000026388,"Принтер-МФУ лазерное одноцветное A3 Kyocera KM-4035, 23стр/мин, LPT, Ethernet",Kyocera,KM-4035,"400000026378,400000030490",
400000033460,"Принтер-МФУ лазерное одноцветное A3 Konica Minolta bizhub 226, 22стр/мин, USB 2.0, Ethernet",Konica Minolta,bizhub 226,,400000030896
400000033399,"Принтер-МФУ лазерное одноцветное SRA3 Konica Minolta AccurioPress 7120, 120стр/мин, USB 2.0, Ethernet",Konica Minolta,AccurioPress 7120,,400000031923
400000028727,"Принтер-МФУ лазерное полноцветное A4 Canon i-SENSYS MF8340Cdn, 20стр/мин, USB 2.0, Ethernet",Canon,i-SENSYS MF8340Cdn,"400000018143,400000032753,400000032752,400000018145,400000020487,400000032755,400000030570,400000032754,400000018144","400000015427,400000022933,400000030612"
400000033520,"Принтер-МФУ лазерное полноцветное A4 Konica Minolta Bizhub C3351,",Konica Minolta,Bizhub C3351,,
400000029481,"Принтер-МФУ лазерное полноцветное SRA3 Konica Minolta bizhub C224e, 22стр/мин, USB 2.0, Ethernet",Konica Minolta,bizhub C224e,"400000033785,400000017404,400000033784,400000033786,400000017405,400000017407,400000017406,400000033787","400000030898,400000032570,400000031611,400000031918,400000030906,400000030895,400000031615,400000030888,400000030894,400000031222,400000030946,400000030896,400000030897,400000024540,400000032571,400000030945,400000016173,400000021871,400000031520,400000032500,400000030718,400000031919,400000031920,400000030661,400000032569,400000032568"
400000026445,"Принтер-МФУ лазерное одноцветное A4 Canon LaserBase MF5770, 20стр/мин, USB 2.0, Ethernet",Canon,LaserBase MF5770,"400000026727,400000012250,200000001808,400000030270","400000002831,400000011757,400000033095,400000015958,400000010374"
400000026382,"Принтер-МФУ лазерное одноцветное A3 Kyocera KM-3530, 35стр/мин, LPT, Ethernet",Kyocera,KM-3530,"400000026378,400000030490",
400000028992,"Принтер лазерный полноцветный A4 HP Color LaserJet 4700dn, 30стр/мин, LPT, USB 2.0, Ethernet",HP,Color LaserJet 4700dn,"400000029016,400000029018,400000030578,400000029017,400000029019",400000002803
400000027273,"Принтер-МФУ лазерное одноцветное A4 Brother DCP-7040, 23стр/мин, USB 2.0",Brother,DCP-7040,"400000030307,400000018695,400000017384",400000023678
400000033789,"Принтер лазерный полноцветный A3 Ricoh Pro C5300S, 65стр/мин, USB 2.0, Ethernet",Ricoh,Pro C5300S,,400000033697
400000026479,"Принтер-МФУ лазерное одноцветное A4 Canon i-SENSYS MF4120, 20стр/мин, USB 2.0",Canon,i-SENSYS MF4120,"400000011518,400000030513,400000013499,400000013234,400000012388","400000030633,400000009229,400000002831,400000015958,400000016407"
400000026973,"Принтер-МФУ лазерное одноцветное A4 Oki B2520 MFP, 16стр/мин, USB 2.0",Oki,B2520 MFP,"400000030525,400000026971,400000026970,400000030524",
400000026934,"Принтер лазерный одноцветный A4 Samsung ProXpress SL-M3820, 38стр/мин, USB 2.0, Ethernet",Samsung,ProXpress SL-M3820,"400000026924,400000030462","400000021560,400000022448"
400000033447,"Принтер-МФУ лазерное одноцветное A3 Konica Minolta bizhub 601, 60стр/мин, USB 2.0, Ethernet",Konica Minolta,bizhub 601,,"400000031871,400000033724,400000033730,400000031931"
400000026645,"Принтер лазерный одноцветный A4 Canon i-SENSYS LBP312x, 43стр/мин, USB 2.0, Ethernet",Canon,i-SENSYS LBP312x,"400000026642,400000030329","400000029975,400000033101"
400000033607,"Принтер-МФУ лазерное одноцветное A4 HP LaserJet 135a, 20стр/мин, USB 2.0",HP,LaserJet 135a,,"400000033603,400000027145"
400000026542,"Принтер-МФУ лазерное одноцветное A3 HP LaserJet Enterprise flow MFP M830z, 56стр/мин, USB 2.0, Ethernet",HP,LaserJet Enterprise flow MFP M830z,"400000026544,400000030383",
400000028724,"Принтер лазерный полноцветный A4 Canon i-SENSYS LBP7660Cdn, 20стр/мин, USB 2.0, Ethernet",Canon,i-SENSYS LBP7660Cdn,"400000018143,400000032753,400000032752,400000018145,400000020487,400000032755,400000030570,400000032754,400000018144","400000015427,400000022933,400000030612"
400000026786,"Принтер-МФУ лазерное одноцветное A4 Samsung SCX-4720, 20стр/мин, LPT, USB 2.0",Samsung,SCX-4720,"400000030527,400000026784","400000024172,400000014982"
400000026955,"Принтер лазерный одноцветный A4 Samsung ML-2167, 20стр/мин, USB 2.0",Samsung,ML-2167,"400000030446,400000014788,400000030275","400000033110,400000013495,400000018141,400000030639,400000016877"
400000032389,"Принтер-МФУ лазерное одноцветное SRA3 Konica Minolta Bizhub 368e, 36стр/мин, USB 2.0, Ethernet, AirPrint, NFC",Konica Minolta,Bizhub 368e,,"400000030898,400000032570,400000031613,400000030896,400000032568,400000032571,400000031615,400000021871"
400000033209,"Принтер-МФУ лазерное полноцветное A3+ Konica Minolta Bizhub Pro C6500E, 65стр/мин, Ethernet",Konica Minolta,Bizhub Pro C6500E,,
400000026866,"Принтер лазерный одноцветный A4 Samsung ML-2855ND, 28стр/мин, USB 2.0, Ethernet",Samsung,ML-2855ND,"400000030450,400000030451,400000014980",400000021245
400000028852,"Принтер-МФУ лазерное одноцветное A4 Samsung SCX-4725F, 24стр/мин, USB 2.0",Samsung,SCX-4725F,"400000030453,400000015225","400000030640,400000021215"
400000027238,"Принтер-МФУ лазерное одноцветное A4 Pantum M6500, 22стр/мин, USB 2.0",Pantum,M6500,"400000027209,400000030431","400000027262,400000029060,400000033102,400000025307,400000030952"
400000030119,"Принтер лазерный одноцветный A4 Brother HL-5350DN, 30стр/мин, LPT, USB 2.0, Ethernet",Brother,HL-5350DN,400000030117,
400000033762,"Принтер лазерный полноцветный SRA3 Ricoh Pro C9210, 135стр/мин, USB 2.0, Ethernet",Ricoh,Pro C9210,"400000033691,400000033690,400000033689,400000033692",400000033698
400000029515,"Принтер лазерный одноцветный A4 Ricoh Aficio SP 150, 22стр/мин, USB 2.0",Ricoh,Aficio SP 150,,"400000025326,400000030343"
400000028902,"Принтер лазерный одноцветный A4 Brother HL-1420,",Brother,HL-1420,"400000028905,400000029972",400000023607
400000026247,"Принтер лазерный одноцветный A4 Kyocera FS-4000dn, 45стр/мин, USB 2.0, Ethernet",Kyocera,FS-4000dn,"400000026246,400000026248,400000026250,400000030414","400000024174,400000024601"
400000026557,"Принтер лазерный одноцветный A4 HP LaserJet P3005, 33стр/мин, LPT, USB 2.0",HP,LaserJet P3005,"400000030385,400000030386,400000023823,400000022449","400000015038,400000022452"
400000032370,"Принтер-МФУ лазерное полноцветное A3+ Konica Minolta Bizhub C300, 30стр/мин, RJ-45",Konica Minolta,Bizhub C300,,"400000030896,400000031817,400000031615"
400000026781,"Принтер лазерный одноцветный A4 Samsung ML-2252W, 20стр/мин, LPT, USB 2.0, Ethernet",Samsung,ML-2252W,"400000030447,400000026779",400000014982
400000032359,"Принтер-МФУ лазерное полноцветное A3 Xerox PrimeLink C9065, 70стр/мин, USB 2.0, Ethernet",Xerox,PrimeLink C9065,"400000031438,400000031572,400000032347,400000031935,400000032976,400000032351,400000030953,400000031442,400000031439,400000031444,400000030955,400000031440,400000032977,400000032350,400000031571,400000032349,400000031441,400000032346,400000031437,400000031443,400000032345,400000031570,400000030956,400000032975,400000032348,400000032974,400000030954,400000031569,400000032352","400000031949,400000031837,400000032581,400000031840,400000031982,400000031971,400000031844,400000032104,400000031981,400000031836,400000032108,400000031838,400000032557,400000031841,400000032873,400000031842,400000032149,400000031843,400000031983,400000033704,400000033573,400000032577,400000031948,400000031839,400000031950,400000032516,400000031951,400000032874,400000032576,400000032150,400000032107,400000032872,400000032121,400000032875,400000031980,400000032151,400000032109"
400000026629,"Принтер-МФУ лазерное одноцветное A4 Canon i-SENSYS MF4580dn, 25стр/мин, USB 2.0, Ethernet",Canon,i-SENSYS MF4580dn,"400000014786,400000014981,400000026499,400000030514,400000026129,400000015579","400000009850,400000030022,400000030017,400000030314,400000014883,400000030165,400000033101,400000030021,400000012999,400000030632,400000017602"
400000026175,"Принтер лазерный одноцветный A4 Kyocera Mita FS-3830, 33стр/мин, LPT, USB 2.0, Ethernet",Kyocera,Mita FS-3830,"400000026188,400000030426",
400000028657,"Принтер-МФУ лазерное полноцветное A4 HP LaserJet Enterprise 500 M575f, 31стр/мин, USB 2.0, Ethernet",HP,LaserJet Enterprise 500 M575f,"400000018143,400000018145,400000020487,400000019312,400000030585","400000029033,400000016907,400000016908,400000026157,400000022933,400000015427"
400000033257,"Принтер-МФУ лазерное полноцветное A3 Canon ImagePress Lite C170, 65стр/мин, USB 2.0, Ethernet",Canon,ImagePress Lite C170,"400000033047,400000033048,400000033045,400000033046","400000033193,400000033194,400000033195"
400000026795,"Принтер-МФУ лазерное одноцветное A4 Samsung SCX-6122FN, 22стр/мин, LPT, USB 2.0, Ethernet",Samsung,SCX-6122FN,"400000026793,400000030531",
400000033267,"Принтер-МФУ лазерное полноцветное A3 Canon imageRUNNER ADVANCE C7260, 60стр/мин, USB 2.0, Ethernet",Canon,imageRUNNER ADVANCE C7260,,400000033194
400000033494,"Принтер-МФУ лазерное одноцветное A4 Konica Minolta Bizhub 4751i, 47стр/мин, USB 2.0, Ethernet, Wi-Fi",Konica Minolta,Bizhub 4751i,,
400000026161,"Копир лазерный одноцветный A4 Kyocera KM-1500, 15стр/мин,",Kyocera,KM-1500,"200000000960,400000005632,400000022274,400000020053",
400000028807,"Принтер лазерный одноцветный A4 Canon i-SENSYS LBP6030, 18стр/мин, USB 2.0",Canon,i-SENSYS LBP6030,"400000013848,400000030350,400000030274,400000026129,400000026130,400000023401,400000015579","400000009850,400000014883,400000030165,400000030021,400000012999,400000030020,400000017602"
400000026449,"Принтер лазерный одноцветный A4 HP LaserJet Pro M16a, 18стр/мин, USB 2.0",HP,LaserJet Pro M16a,"400000030393,400000026217","400000033100,400000026018,400000017602"
400000026580,"Принтер лазерный одноцветный A4 HP LaserJet P4014, 43стр/мин, USB 2.0",HP,LaserJet P4014,"400000018340,400000030389,400000016136","400000030314,400000030165"
400000027906,"Принтер-МФУ лазерное полноцветное A4 Canon i-SENSYS MF8050Cn, 12стр/мин, USB 2.0, Ethernet",Canon,i-SENSYS MF8050Cn,"400000016596,400000016081,400000016957,400000015968,400000030566,400000016080","400000029033,400000016907,400000016908,400000026157,400000022933,400000015427"
400000033487,"Принтер лазерный одноцветный SRA3 Konica Minolta bizhub 301i, 30стр/мин, USB 2.0, Ethernet",Konica Minolta,bizhub 301i,,
400000033474,"Принтер лазерный одноцветный A4 Konica Minolta bizhub 3602P, 30стр/мин, USB 2.0, Ethernet",Konica Minolta,bizhub 3602P,,
400000029746,"Принтер лазерный одноцветный A4 Xerox Phaser 3250D, 28стр/мин, USB 2.0",Xerox,Phaser 3250D,400000029747,"400000016141,400000030638"
400000033523,Принтер-МФУ лазерное полноцветное SRA3 Konica Minolta bizhub C361i,,,,
400000026622,"Принтер лазерный одноцветный A4 HP LaserJet Pro P1606, 25стр/мин, USB 2.0, Ethernet",HP,LaserJet Pro P1606,"400000014786,400000014981,400000026499,400000030274,400000030403,400000026129,400000030271,400000015579","400000009850,400000030022,400000030632,400000030017,400000030314,400000030165,400000030021,400000012999,400000022453,400000017602"
400000030114,"Принтер лазерный одноцветный A4 Brother HL-5250DN, 28стр/мин, LPT, USB 2.0, Ethernet",Brother,HL-5250DN,"400000030116,400000030111",
400000032369,"Принтер-МФУ лазерное полноцветное A3 Konica Minolta Bizhub C250, 25стр/мин, USB 2.0, RJ-45, LPT",Konica Minolta,Bizhub C250,,"400000030896,400000031817"
400000026584,"Принтер-МФУ лазерное одноцветное A3 HP LaserJet M9040mfp, 40стр/мин, USB 2.0, Ethernet",HP,LaserJet M9040mfp,"400000026587,400000030211",
400000026798,"Принтер-МФУ лазерное одноцветное A4 Xerox WorkCentre M20i, 21стр/мин, LPT, USB 2.0, Ethernet",Xerox,WorkCentre M20i,"400000026800,400000030543",
400000026460,"Принтер лазерный одноцветный A4 Canon LBP1760, 16стр/мин, LPT",Не указано,Не указано,"400000030358,400000026456",
400000028024,"Принтер лазерный полноцветный A4 Xerox Phaser 6010, 15стр/мин, USB 2.0, Ethernet",Xerox,Phaser 6010,"400000030594,400000023860,400000023862,400000023861,400000023859","400000015020,400000016322,400000016325,400000015018,400000015019,400000016323,400000016324"
400000033791,"Принтер лазерный полноцветный SRA3 Ricoh Pro C9200, 110стр/мин, USB 2.0, Ethernet",Ricoh,Pro C9200,,400000033698
400000028919,"Принтер-МФУ лазерное одноцветное A4 Brother FAX-8750, 12стр/мин, USB 2.0",Brother,FAX-8750,"400000028905,400000029972",400000023607
400000026953,"Принтер лазерный одноцветный A4 Samsung ML-2168W, 20стр/мин, USB 2.0",Samsung,ML-2168W,"400000030446,400000014788,400000030275","400000033110,400000013495,400000018141,400000030639,400000016877"
400000028976,"Копир лазерный одноцветный A4 Canon FC 206, 4стр/мин,",Canon,FC 206,"400000029970,400000030159,400000027203,400000027202",400000023565
400000028990,"Копир лазерный одноцветный A4 Canon PC 425,",Canon,PC 425,"400000029970,400000030159,400000027203,400000027202",400000023565
400000029035,"Принтер-МФУ лазерное полноцветное A3 Canon iR C2620, 26стр/мин, LPT, USB 2.0, Ethernet",Canon,iR C2620,400000030553,
400000026194,"Принтер лазерный одноцветный A3 Kyocera FS-9530, 51стр/мин, LPT, USB 2.0, Ethernet",Kyocera,FS-9530,400000005606,
400000032441,"Принтер-МФУ лазерное полноцветное A3+ Konica Minolta Bizhub Pro C5500, 55стр/мин, Ethernet",Konica Minolta,Bizhub Pro C5500,,"400000033188,400000033346,400000031803,400000033187,400000033725,400000031431,400000030671,400000030673,400000031871,400000033185,400000030670,400000031931,400000033701,400000033189,400000030672,400000031934,400000033729,400000032978,400000033191,400000031115,400000031823,400000033700,400000033186,400000033730,400000033192,400000031521,400000031820,400000032838,400000031819,400000033724"
400000026873,"Принтер лазерный одноцветный A4 Samsung SL-M2620, 26стр/мин, USB 2.0",Samsung,SL-M2620,"400000030464,400000025992",400000030024
400000027811,"Принтер лазерный полноцветный A4 HP Laserjet Pro 400 Color M451dn, 20стр/мин, USB 2.0, Ethernet",HP,Laserjet Pro 400 Color M451dn,"400000018143,400000030587,400000018145,400000020487,400000019312","400000029033,400000016907,400000016908,400000022933,400000015427"
400000026936,"Принтер-МФУ лазерное одноцветное A4 Samsung ProXpress SL-M4070FR, 40стр/мин, USB 2.0, Ethernet",Samsung,ProXpress SL-M4070FR,"400000026924,400000030462","400000021560,400000022448"
400000026565,"Принтер-МФУ лазерное одноцветное A3 HP LaserJet Pro M435nw, 30стр/мин, USB 2.0, RJ-45, Wi-Fi",HP,LaserJet Pro M435nw,400000030261,
400000026538,"Принтер лазерный одноцветный A4 Canon i-SENSYS LBP3310, 26стр/мин, USB 2.0",Не указано,Не указано,"400000030331,400000015428,400000018130","400000021214,400000011851,400000015038,400000002831,400000011758,400000015958,400000025157,200000003556,400000030634"
400000026383,"Принтер-МФУ лазерное одноцветное A3 Kyocera KM-4030, 40стр/мин, LPT, Ethernet",Kyocera,KM-4030,"400000026378,400000030490",
400000032425,"Принтер лазерный полноцветный A3 Konica Minolta AccurioPrint C4065P, 65стр/мин, USB 2.0, Ethernet",Konica Minolta,AccurioPrint C4065P,"400000032831,400000024198,400000032833,400000032832","400000031469,400000033631,400000031516,400000031422,400000033632,400000031420,400000031871,400000033722,400000031471,400000033182,400000033639,400000033633,400000032870,400000031931,400000033701,400000031870,400000033636,400000033721,400000033184,400000033729,400000031929,400000032481,400000033720,400000033183,400000033713,400000031802,400000031820,400000033635,400000032836,400000031819,400000033724,400000033638"
400000030977,"Принтер-МФУ лазерное одноцветное A4 Pantum M6600, 22стр/мин, USB 2.0",Pantum,M6600,,"400000033102,400000030952"
400000027873,"Принтер-МФУ лазерное полноцветное A4 HP Color LaserJet Pro M275, 17стр/мин, USB 2.0, RJ-45, Wi-Fi",HP,Color LaserJet Pro M275,"400000020607,400000020606,400000030583,400000020605,400000020608","400000016908,400000029033,400000022933,400000016907"
400000033500,"Принтер-МФУ лазерное одноцветное A3 Konica Minolta bizhub 266, 26стр/мин, USB 2.0, Ethernet",Konica Minolta,bizhub 266,,400000030896
400000027934,"Принтер лазерный полноцветный A4 HP Color LaserJet CP1215, 12стр/мин, USB 2.0",HP,Color LaserJet CP1215,"400000030579,400000016596,400000016081,400000016957,400000015968,400000016080","400000029033,400000016907,400000016908,400000026157,400000022933,400000011107,400000015427"
400000027768,"Принтер лазерный полноцветный A4 HP Color LaserJet 1600, 8стр/мин, USB 2.0",HP,Color LaserJet 1600,"400000030574,400000027163,400000027165,400000027164,400000027162","400000024216,400000020609,400000022933"
400000033297,"Принтер-МФУ лазерное одноцветное A3 Xerox WorkCentre 4127, 125стр/мин, Ethernet",Xerox,WorkCentre 4127,,400000033196
400000033440,"Принтер-МФУ лазерное одноцветное A3+ Konica Minolta bizhub C252, 25стр/мин, USB 2.0, Ethernet",,,,400000030896
400000027812,"Принтер-МФУ лазерное полноцветное A4 HP Color LaserJet Pro M476dw, 20стр/мин, USB 2.0, RJ-45, Wi-Fi",HP,Color LaserJet Pro M476dw,"400000018143,400000018145,400000020487,400000019312,400000030603","400000029033,400000016907,400000026157,400000022933,400000015427"
400000026512,"Принтер лазерный одноцветный A3 HP LaserJet 5100, 22стр/мин, LPT",HP,LaserJet 5100,"400000024112,400000030218",
400000026730,"Принтер лазерный одноцветный A4 Xerox Phaser 3122, 20стр/мин, LPT, USB 2.0",Xerox,Phaser 3122,"400000023563,400000026133,200000002469,400000015225,400000021697","400000025156,400000021215"
400000028979,"Копир лазерный одноцветный A4 Canon FC 224, 4стр/мин,",Canon,FC 224,"400000029970,400000030159,400000027203,400000027202",400000023565
400000026190,"Принтер лазерный одноцветный A3 Kyocera FS-9120, 36стр/мин, LPT, USB 2.0, Ethernet",Kyocera,FS-9120,"400000030282,400000026195",
400000026575,"Принтер лазерный одноцветный A4 HP LaserJet 4250, 43стр/мин, LPT, USB 2.0",HP,LaserJet 4250,"200000003714,400000030379","400000015038,200000001820"
400000026390,"Принтер лазерный одноцветный A4 HP LaserJet 1100, 8стр/мин, LPT",HP,LaserJet 1100,"200000000410,400000005340,400000018339,200000001172,400000006296","400000022450,400000033097,400000002831,400000020431,400000011759"
400000026350,"Принтер-МФУ лазерное одноцветное A3 Kyocera TASKAlfa 255, 25стр/мин, USB 2.0",Kyocera,TASKAlfa 255,"400000026346,400000030489","400000030655,400000030656"
400000032661,"Принтер лазерный полноцветный A3+ Konica Minolta Magicolor 8650DN, 35стр/мин, USB 2.0, Ethernet",Konica Minolta,Magicolor 8650DN,,"400000011450,400000030894,400000030896,400000016173,400000021871"
400000028712,"Принтер-МФУ лазерное полноцветное A4 Canon i-SENSYS MF8450, 17стр/мин, USB 2.0, Ethernet",Canon,i-SENSYS MF8450,"400000030567,400000028709,400000028710,400000028711,400000028708","400000022933,400000002802"
400000027930,"Принтер лазерный полноцветный A4 HP Color LaserJet CP1518ni, 12стр/мин, USB 2.0, Ethernet",HP,Color LaserJet CP1518ni,"400000030579,400000016596,400000016081,400000016957,400000015968,400000016080","400000029033,400000016907,400000016908,400000026157,400000022933,400000011107,400000015427"
400000029056,"Принтер-МФУ лазерное полноцветное A3 Canon iR C5180, 51стр/мин, Ethernet",Canon,iR C5180,400000030599,
400000007116,"Принтер лазерный одноцветный A4 HP LaserJet P2035, 30стр/мин, LPT, USB 2.0",HP,LaserJet P2035,"400000015223,400000023293,400000026131,400000007076","400000021214,400000030314,400000002831,400000030636,400000030165,400000013502,400000015958,400000030313,400000021558"
400000026777,"Принтер-МФУ лазерное одноцветное A4 Samsung SCX-4521F, 20стр/мин, LPT, USB 2.0",Samsung,SCX-4521F,"400000026133,400000015225,400000030438",400000021215
400000026539,"Принтер лазерный одноцветный A4 Canon i-SENSYS LBP3370, 26стр/мин, USB 2.0, Ethernet",Не указано,Не указано,"400000030331,400000015428,400000018130","400000021214,400000011851,400000002831,400000011758,400000015958,400000025157,200000003556,400000030634"
400000032465,"Принтер-МФУ лазерное полноцветное A3 Canon ImagePress C650, 65стр/мин, USB 2.0, Ethernet",Canon,ImagePress C650,"400000031826,400000031828,400000031829,400000031827","400000032148,400000032684,400000032683,400000032147"
400000027914,"Принтер-МФУ лазерное полноцветное A4 HP LaserJet Pro CM1415fn, 12стр/мин, USB 2.0, Ethernet",HP,LaserJet Pro CM1415fn,"400000030584,400000016596,400000016081,400000016957,400000015968,400000016080","400000029033,400000016907,400000016908,400000026157,400000022933,400000011107,400000015427"
400000026957,"Принтер лазерный одноцветный A4 Samsung ML-3712ND, 35стр/мин, USB 2.0, Ethernet",Samsung,ML-3712ND,"400000020350,400000030456",400000022448
400000026213,"Принтер-МФУ лазерное одноцветное A4 Kyocera FS-1024MFP, 24стр/мин, USB",Kyocera,FS-1024MFP,"400000021431,400000013261,400000020244",400000030644
400000026454,"Принтер лазерный одноцветный A4 HP LaserJet Pro M15w, 18стр/мин, USB 2.0, Wi-Fi",HP,LaserJet Pro M15w,"400000030393,400000026217","400000030345,400000033100,400000026018,400000017602"
400000033490,"Принтер-МФУ лазерное одноцветное A4 Konica Minolta Bizhub 4422, 44стр/мин, USB 2.0, Ethernet, Wi-Fi",Konica Minolta,Bizhub 4422,,
400000026796,"Принтер-МФУ лазерное одноцветное A4 Samsung SCX-6322DN, 22стр/мин, LPT, USB 2.0",Samsung,SCX-6322DN,"400000026793,400000030531",
400000027107,"Принтер лазерный одноцветный A4 Canon i-SENSYS LBP6680x, 33стр/мин, USB 2.0, Ethernet",Canon,i-SENSYS LBP6680x,"400000015223,400000030202,400000026131,400000023293","400000021214,400000002831,400000030165,400000013502,400000015958"
400000027810,"Принтер-МФУ лазерное полноцветное A4 HP LaserJet Pro 300 Color MFP M375nw, 18стр/мин, USB 2.0, RJ-45, Wi-Fi",HP,LaserJet Pro 300 Color MFP M375nw,"400000018143,400000030587,400000018145,400000020487,400000019312","400000029033,400000016907,400000016908,400000026157,400000022933,400000015427"
400000033442,Принтер лазерный полноцветный A3+ Konica Minolta MagiColor 7450 II,,,,400000030896
400000032360,"Принтер-МФУ лазерное полноцветное A3 Xerox PrimeLink C9070, 70стр/мин, USB 2.0, Ethernet",Xerox,PrimeLink C9070,"400000031438,400000031572,400000032347,400000031935,400000032976,400000032351,400000030953,400000031442,400000031439,400000031444,400000030955,400000031440,400000032977,400000032350,400000031571,400000032349,400000031441,400000032346,400000031437,400000031443,400000032345,400000031570,400000030956,400000032975,400000032348,400000032974,400000030954,400000031569,400000032352","400000031949,400000031837,400000032581,400000031840,400000031982,400000031971,400000031844,400000032104,400000031981,400000031836,400000032108,400000031838,400000032557,400000031841,400000032873,400000031842,400000032149,400000031843,400000031983,400000033704,400000033573,400000032577,400000031948,400000031839,400000031950,400000032516,400000031951,400000032874,400000032576,400000032150,400000032107,400000032872,400000032121,400000032875,400000031980,400000032151,400000032109"
400000033531,Принтер-МФУ лазерное полноцветное SRA3 Konica Minolta bizhub C751i,,,,
400000032419,"Принтер-МФУ лазерное одноцветное A3 Konica Minolta Bizhub Press 1250, 125стр/мин, Ethernet",Konica Minolta,Bizhub Press 1250,400000024192,"400000031932,400000031868,400000032173,400000031867,400000033724,400000033700,400000032908"
400000032365,"Принтер-МФУ лазерное полноцветное SRA3 Konica Minolta bizhub C658, 65стр/мин, USB 2.0, Ethernet",Konica Minolta,bizhub C658,,"400000032260,400000030898,400000030894,400000030947,400000031676,400000031613,400000032570,400000031427,400000031674,400000030896,400000032554,400000031675,400000031087,400000032569,400000033724,400000032571,400000031615,400000021871"
400000026944,"Принтер лазерный одноцветный A4 Samsung ML-4550, 43стр/мин, LPT, USB 2.0",Samsung,ML-4550,"400000026926,400000030461",
400000027275,"Принтер-МФУ лазерное одноцветное A4 Brother MFC-7320R, 18стр/мин, USB 2.0",Brother,MFC-7320R,"400000030307,400000018695,400000017384",400000023678
400000028797,"Принтер-МФУ лазерное одноцветное A4 Canon i-SENSYS FAX-L170, 18стр/мин, USB 2.0, RJ-11",Canon,i-SENSYS FAX-L170,"400000014786,400000014981,400000026499,400000030514,400000026129,400000015579","400000009850,400000014883,400000030165,400000030021,400000012999,400000017602"
400000027875,"Принтер лазерный полноцветный A4 HP Color LaserJet Pro CP1025, 16стр/мин, USB 2.0",HP,Color LaserJet Pro CP1025,"400000020607,400000020606,400000030583,400000020605,400000020608","400000029033,400000016907,400000016908,400000022933,400000011107"
400000026669,"Принтер лазерный одноцветный A4 Xerox Phaser 3130, 16стр/мин, LPT, USB 2.0",Xerox,Phaser 3130,"200000000420,400000026664,400000012655","400000027146,400000022273"
400000032383,"Принтер лазерный полноцветный A3 Konica Minolta AccurioPress C7090, 90стр/мин, USB 2.0, Ethernet",Konica Minolta,AccurioPress C7090,,"400000031871,400000033722,400000033182,400000033636,400000033713,400000031802,400000031820,400000032836,400000031346,400000031819,400000033639,400000033701,400000033724,400000033638,400000031931,400000032870,400000033720"
400000029763,"Принтер-МФУ лазерное одноцветное A4 Brother DCP-L2520DWR, 26стр/мин,",Brother,DCP-L2520DWR,"400000029773,400000030269,400000023506,400000030323",
400000033425,"Принтер-МФУ лазерное одноцветное A3 Konica Minolta bizhub 220, 22стр/мин, USB 2.0, Ethernet",Konica Minolta,bizhub 220,,400000030896
400000028880,"Принтер-МФУ лазерное одноцветное A4 Canon iR 1024iF, 24стр/мин, USB 2.0, Ethernet",Canon,iR 1024iF,400000030511,"400000009229,400000021723"
400000026473,"Принтер-МФУ лазерное одноцветное A4 HP LaserJet M1005 MFP, 14стр/мин, USB 2.0",HP,LaserJet M1005 MFP,"400000011518,400000005168,400000013499,400000013234,400000011519,400000012388,200000000402","400000030633,400000009229,400000002831,400000009931,400000015958,400000021558,400000016407"
400000028937,"Принтер-МФУ лазерное одноцветное A4 Brother MFC-9860, 12стр/мин, LPT, USB 2.0",Brother,MFC-9860,"400000028905,400000029972",400000023607
400000032635,"Принтер-МФУ лазерное одноцветное SRA3 Konica Minolta Bizhub 750i, 75стр/мин, USB 2.0, Ethernet",Konica Minolta,Bizhub 750i,,"400000030898,400000031922,400000030894,400000032570,400000031427,400000032554,400000030897,400000033724,400000032571,400000021871"
400000033384,"Принтер-МФУ лазерное одноцветное A3 Konica Minolta/Develop Ineo 501, 70стр/мин, USB 2.0, Ethernet",Konica Minolta/Develop,Ineo 501,,
400000026643,"Принтер лазерный одноцветный A4 HP LaserJet Enterprise M506dn, 43стр/мин, USB 2.0, Ethernet",HP,LaserJet Enterprise M506dn,"400000026642,400000030372,400000030373","400000029975,400000029976,400000024837,400000033101,400000021558,400000029977"
400000029723,"Принтер лазерный одноцветный A4 Samsung SL-M2825DW, 28стр/мин, USB 2.0, RJ-45, Wi-Fi",Samsung,SL-M2825DW,400000029728,
400000028409,"Принтер-МФУ лазерное одноцветное A4 Canon Fax-L280, 6стр/мин,",Canon,Fax-L280,"400000030201,400000028381",400000002831
400000033397,"Принтер-МФУ лазерное одноцветное SRA3 Konica Minolta Bizhub 361i, 36стр/мин,",Konica Minolta,Bizhub 361i,,
400000033415,"Принтер-МФУ лазерное одноцветное A4 Konica Minolta bizhub 20, 30стр/мин, USB 2.0, Ethernet",Konica Minolta,bizhub 20,,
400000026221,"Принтер-МФУ лазерное одноцветное A4 Kyocera Ecosys FS-1125MFP, 25стр/мин, USB",Kyocera,Ecosys FS-1125MFP,"400000016878,400000024184,400000033800,400000030405",400000018342
400000026733,"Принтер-МФУ лазерное одноцветное A4 Xerox WorkCentre PE220, 20стр/мин, LPT, USB 1.1",Xerox,WorkCentre PE220,"400000030545,400000023218","400000025156,400000015967,400000021215"
400000032645,"Принтер-МФУ лазерное полноцветное A3 Xerox AltaLink C8030, 30стр/мин, Ethernet, AirPrint",Xerox,AltaLink C8030,"400000032555,400000031936,400000031937,400000031939,400000031938,400000032575","400000031852,400000033245,400000032574,400000032567,400000033246,400000031850,400000033704,400000032562,400000033247,400000031851,400000031853"
400000028121,"Принтер-МФУ лазерное одноцветное A4 Brother DCP-7010R, 20стр/мин, LPT, USB 2.0",Brother,DCP-7010R,"400000024237,400000030303","400000023678,400000030642"
400000033258,"Принтер-МФУ лазерное полноцветное A3 Canon ImagePress Lite C265, 70стр/мин, USB 2.0, Ethernet",Canon,ImagePress Lite C265,"400000033047,400000033048,400000033045,400000033046","400000033193,400000033194,400000033195"
400000033479,"Принтер лазерный одноцветный A4 Konica Minolta bizhub 4000i, 40стр/мин, USB 2.0, Ethernet, Wi-Fi",Konica Minolta,bizhub 4000i,,
400000026351,"Принтер-МФУ лазерное одноцветное A3 Kyocera TASKAlfa 255b, 25стр/мин,",Kyocera,TASKAlfa 255b,"400000026346,400000030489","400000030655,400000030656"
400000029743,"Принтер-МФУ лазерное одноцветное A4 Samsung SL-M4075FR, 40стр/мин, USB 2.0, Ethernet",Samsung,SL-M4075FR,400000029744,
400000031006,"Принтер-МФУ лазерное одноцветное A3 Konica Minolta Bizhub 554e, 55стр/мин, USB 2.0, Ethernet",Konica Minolta,Bizhub 554e,,"400000030728,400000030898,400000030907,400000032570,400000031611,400000031615,400000030888,400000030894,400000031222,400000030896,400000030897,400000032571,400000016173,400000030664,400000030886,400000021871,400000031427,400000030887,400000032568,400000033724"
400000028173,"Принтер-МФУ лазерное одноцветное A4 Canon i-SENSYS MF426dw, 38стр/мин, USB 2.0, RJ-45, Wi-Fi",Canon,i-SENSYS MF426dw,"400000030326,400000025991",400000033101
400000028760,"Принтер лазерный полноцветный A4 HP Laserjet Pro 400 Color M451dw, 20стр/мин, USB 2.0, RJ-45, Wi-Fi",HP,Laserjet Pro 400 Color M451dw,"400000018143,400000030587,400000018145,400000020487,400000019312","400000029033,400000015427,400000022933"
400000029465,"МФУ одноцветное A4 Dell 1815dn, 25стр/мин, USB 2.0, Ethernet",Dell,1815dn,"400000030203,400000029466","400000023388,400000011149,400000015222,400000010567,400000003097"
400000026623,"Принтер-МФУ лазерное одноцветное A4 Canon i-SENSYS MF4410, 22стр/мин, USB 2.0",Canon,i-SENSYS MF4410,"400000014786,400000014981,400000026499,400000030514,400000026129,400000015579","400000009850,400000030022,400000030017,400000030314,400000014883,400000030165,400000030021,400000012999,400000030632,400000017602"
400000033473,"Принтер-МФУ лазерное одноцветное A4 Konica Minolta Bizhub 42, 42стр/мин, USB 2.0, Ethernet",Konica Minolta,Bizhub 42,,"400000030896,400000030898,400000030894"
400000026165,"Принтер лазерный одноцветный A4 Kyocera Mita FS-1900, 18стр/мин, LPT, USB 2.0, RS-232C/RS-422A",Kyocera,Mita FS-1900,"400000030424,400000026166",
400000033166,Копия5 Принтер,,,,
400000026203,"Принтер лазерный одноцветный A4 Kyocera FS-1300D, 28стр/мин, USB 2.0",Kyocera,FS-1300D,"400000030413,400000018135","400000030644,400000024601"
400000033483,"Принтер-МФУ лазерное одноцветное A4 Konica Minolta Bizhub 4020i, 40стр/мин, USB 2.0, Ethernet, Wi-Fi",Konica Minolta,Bizhub 4020i,,
400000027292,"Принтер-МФУ лазерное одноцветное A4 Brother DCP-7070DWR, 26стр/мин, USB 2.0, RJ-45, Wi-Fi",Brother,DCP-7070DWR,"400000030505,400000019642,400000030508,400000030507,400000019681,400000017385,400000029061",400000027142
400000030981,"Принтер-МФУ лазерное одноцветное A4 Ricoh Aficio SP111, 16стр/мин, USB 2.0",Ricoh,Aficio SP111,400000024916,"400000030061,400000030346"
400000029006,"Принтер лазерный полноцветный A4 HP Color LaserJet 2500, 16стр/мин, USB 2.0",HP,Color LaserJet 2500,"400000029014,400000029015,400000029012,400000029013,400000030573","400000015503,400000022452"
400000033499,"Принтер-МФУ лазерное одноцветное A4 Konica Minolta bizhub 130f, 13стр/мин, USB 2.0, Ethernet",Konica Minolta,bizhub 130f,,
400000026511,"Принтер лазерный одноцветный A3 HP LaserJet 5000, 16стр/мин, LPT",HP,LaserJet 5000,"400000024112,400000030218",
400000028715,"Принтер-МФУ лазерное полноцветное A4 Canon i-SENSYS MF9170, 21стр/мин, USB 2.0, Ethernet",Canon,i-SENSYS MF9170,"400000030567,400000028709,400000028710,400000028711,400000028708","400000022933,400000002802"
400000026882,"Принтер-МФУ лазерное одноцветное A4 Xerox WorkCentre 3215I, 26стр/мин, USB 2.0, RJ-45, Wi-Fi",Xerox,WorkCentre 3215I,"400000027306,400000029754",
400000026975,"Принтер-МФУ лазерное одноцветное A4 Ricoh Aficio SP1000S, 16стр/мин, USB 2.0",Ricoh,Aficio SP1000S,"400000026969,400000030200",400000022363
400000030115,"Принтер лазерный одноцветный A4 Brother HL-5270DN, 28стр/мин, LPT, USB 2.0, Ethernet",Brother,HL-5270DN,"400000030116,400000030111",
400000028871,"Принтер лазерный одноцветный A4 Samsung Xpress SL-M2022, 20стр/мин, USB 2.0",Samsung,Xpress SL-M2022,"400000022914,400000026134,400000030465",400000016877
400000026837,"Принтер лазерный одноцветный A4 Samsung ML-2580, 24стр/мин, USB 2.0, Ethernet",Samsung,ML-2580,"400000030444,400000030445,400000015226","400000030638,400000027147,400000021245"
400000027278,"Принтер лазерный одноцветный A4 Brother HL-2132R, 20стр/мин, USB 2.0",Brother,HL-2132R,"400000030306,400000030278,400000019642,400000030502,400000029061,400000030500",400000027142
400000026657,"Принтер лазерный одноцветный A4 Xerox Phaser 3210, 12стр/мин, LPT, USB 2.0",Xerox,Phaser 3210,"400000030474,400000026658",
400000026720,"Принтер-МФУ лазерное одноцветное A4 Samsung SCX-4521, 20стр/мин, LPT, USB 2.0",Samsung,SCX-4521,"400000030438,400000026133,400000017386,400000015225,400000021697","400000025156,400000030640,400000021215"
400000033250,"Принтер лазерный полноцветный SRA3 Konica Minolta AccurioPress C83hc, 81стр/мин, USB 2.0, Ethernet",Konica Minolta,AccurioPress C83hc,,"400000033240,400000030973,400000033631,400000033180,400000031422,400000033632,400000031420,400000033703,400000031871,400000033722,400000031471,400000033182,400000033639,400000033633,400000032870,400000031931,400000033701,400000033636,400000033721,400000033184,400000033729,400000031115,400000031470,400000033720,400000033730,400000033183,400000031229,400000033713,400000031859,400000031802,400000031820,400000033635,400000033181,400000032836,400000031819,400000033724,400000033638,400000033723,400000031435"
400000028408,"Принтер-МФУ лазерное одноцветное A4 Canon Fax-L260i, 12стр/мин,",Canon,Fax-L260i,"400000030201,400000028381",400000002831
400000026656,"Принтер лазерный одноцветный A4 Xerox Phaser 3110, 10стр/мин, LPT, USB 2.0",Xerox,Phaser 3110,"400000030474,400000026658",
400000027105,"Принтер-МФУ лазерное одноцветное A4 Canon i-SENSYS MF4890dw, 25стр/мин, USB 2.0, RJ-45, Wi-Fi",Canon,i-SENSYS MF4890dw,"400000014786,400000014981,400000030514","400000009850,400000014883,400000030165,400000030021,400000012999,400000017602"
400000026421,"Принтер-МФУ лазерное одноцветное A4 Canon LaserBase MF5730, 20стр/мин, USB 2.0",Canon,LaserBase MF5730,"400000012250,400000026727,400000004892,200000001808,400000030270","400000010374,400000002831,400000015958,400000011757"
400000029538,"Принтер-МФУ лазерное полноцветное A3 Kyocera FS-C2026, 28стр/мин,",Kyocera,FS-C2026,"400000022456,400000021218,400000024440,400000029787,400000022457","400000021249,400000021248,400000021251,400000021250"
400000026972,"Принтер-МФУ лазерное одноцветное A4 Oki B2500 MFP, 16стр/мин, USB 2.0",Oki,B2500 MFP,"400000030525,400000026971,400000026970,400000030524",
400000033165,"Принтер лазерный полноцветный A3 Xerox Color 1000 Press, 100стр/мин,",Xerox,Color 1000 Press,"400000031102,400000031100,400000031101,400000032112,400000032114,400000032113,400000032115","400000033719,400000033359,400000033244,400000033361,400000033651,400000033360,400000033338"
400000031076,"Принтер-МФУ лазерное полноцветное A3+ Konica Minolta bizhub C452, 45стр/мин, USB 2.0, Ethernet",Konica Minolta,bizhub C452,,"400000033730,400000030894,400000033724,400000031428,400000031364,400000030895,400000031817,400000031615"
400000032467,"Принтер-МФУ лазерное полноцветное A3 Canon ImagePress C710, 70стр/мин, USB 2.0, Ethernet",Canon,ImagePress C710,"400000031826,400000031828,400000031829,400000031827","400000032148,400000032684,400000032683,400000032147"
400000026606,"Принтер-МФУ лазерное одноцветное A4 HP LaserJet Pro M1212nf MFP, 18стр/мин, USB 2.0, Ethernet",Не указано,Не указано,"400000013848,400000030518,400000030274,400000030272,400000026129,400000030363,400000026130,400000015579","400000009850,400000030017,400000030312,400000030314,400000014883,400000030165,400000030021,400000012999,400000030020,400000030632,400000017602"
400000030619,"Принтер лазерный полноцветный A4 Samsung CLP-315, 16стр/мин, USB 2.0",Samsung,CLP-315,"400000006701,400000006702",
400000029790,"Принтер-МФУ лазерное полноцветное A3 Kyocera KM-C2520, 20стр/мин, LPT, USB 2.0, Ethernet",Kyocera,KM-C2520,400000029793,
400000026662,"Принтер лазерный одноцветный A4 Samsung ML-1750, 16стр/мин, LPT, USB 2.0",Samsung,ML-1750,"400000030435,400000026132,400000012655","200000001644,400000027146,400000022273"
400000026641,"Принтер-МФУ лазерное одноцветное A4 HP LaserJet Pro MFP M426fdn, 38стр/мин, USB 2.0, Ethernet",HP,LaserJet Pro MFP M426fdn,"400000030400,400000025991,400000030399","400000029975,400000029976,400000024837,400000033101,400000030311,400000026019,400000021558,400000029977"
400000028645,"Принтер-МФУ лазерное полноцветное A4 HP Color LaserJet Enterprise CM4540 MFP, 40стр/мин, USB 2.0, Ethernet",HP,Color LaserJet Enterprise CM4540 MFP,"400000028648,400000028647,400000030582,400000028646,400000028649","400000029033,400000016907,400000016908,400000026157,400000022933"
400000032668,"Принтер-МФУ лазерное полноцветное A3 Konica Minolta Bizhub C3320i, 33стр/мин, USB 2.0, Ethernet, Wi-Fi",Konica Minolta,Bizhub C3320i,,"400000032570,400000030897,400000030894"
400000032355,"Принтер-МФУ лазерное полноцветное A3 Konica Minolta AccurioPrint C3070L, 70стр/мин, USB 2.0, Ethernet",Konica Minolta,AccurioPrint C3070L,"400000032831,400000024198,400000032833,400000032832","400000033240,400000033346,400000030973,400000030972,400000033631,400000031469,400000033638,400000031516,400000031346,400000033180,400000031422,400000033632,400000031420,400000033703,400000032259,400000031871,400000033722,400000031471,400000033182,400000031430,400000033639,400000033633,400000031518,400000032870,400000031931,400000033701,400000033636,400000033721,400000033184,400000033729,400000031929,400000031470,400000033720,400000033730,400000033183,400000033713,400000031802,400000031820,400000031515,400000033635,400000033181,400000032836,400000031819,400000033724,400000031517,400000033723,400000031435"
400000033654,"Принтер-МФУ лазерное одноцветное A3 Xerox Versalink B7030,",Xerox,Versalink B7030,,400000033573
400000026943,"Принтер лазерный одноцветный A4 Samsung ML-4050N, 38стр/мин, LPT, USB 2.0, Ethernet",Samsung,ML-4050N,"400000026926,400000030461",
400000028461,"МФУ одноцветное A4 Canon Fax-L350, 6стр/мин,",Canon,Fax-L350,"400000030201,400000028381",400000002831
400000028900,"Принтер лазерный одноцветный A4 Brother HL-1260, 12стр/мин, LPT",Brother,HL-1260,"400000028905,400000029972",400000023607
400000026229,"Принтер-МФУ лазерное одноцветное A4 Kyocera Ecosys M2035DN, 35стр/мин, USB 2.0, Ethernet",Kyocera,Ecosys M2035DN,"400000019123,400000019124,400000030519,400000018133","400000030646,400000030643,400000030644,400000030645,400000024601,400000022503"
400000033813,"Принтер-МФУ лазерное одноцветное SRA3 Canon VarioPrint VP120, 123стр/мин, Ethernet",Canon,VarioPrint VP120,,"400000032686,400000032687"
400000027291,"Принтер-МФУ лазерное одноцветное A4 Brother DCP-7065DN, 26стр/мин, USB 2.0, Ethernet",Brother,DCP-7065DN,"400000030505,400000019642,400000030508,400000030507,400000019681,400000017385,400000029061",400000027142
400000026559,"Принтер-МФУ лазерное одноцветное A4 HP LaserJet M3035 mfp, 33стр/мин, USB 2.0, Ethernet",HP,LaserJet M3035 mfp,"400000030385,400000030386,400000023823,400000022449","400000015038,400000022452"
400000026226,"Принтер-МФУ лазерное одноцветное A4 Kyocera Ecosys M2530DN, 30стр/мин, USB",Kyocera,Ecosys M2530DN,"400000019122,400000016955,400000030520,400000019121","400000030644,400000030646,400000030643,400000030645,400000024601"
400000026680,"Принтер лазерный одноцветный A4 Samsung ML-2015, 20стр/мин, LPT, USB 2.0",Samsung,ML-2015,"400000023563,400000030438","400000025156,400000030640,400000011148,400000021215"
400000026802,"Принтер лазерный одноцветный A4 Samsung ML-2165, 20стр/мин, USB 2.0",Samsung,ML-2165,"400000030446,400000014788,400000030275","400000033110,400000021432,400000013495,400000018141,400000030639,400000016877,400000020379"
400000026480,"Принтер-МФУ лазерное одноцветное A4 Canon MF4140, 20стр/мин, USB 2.0",Canon,MF4140,"400000011518,400000030513,400000013499,400000013234,400000012388","400000030633,400000009229,400000002831,400000015958,400000016407"
400000030112,"Принтер-МФУ лазерное одноцветное A4 Brother DCP-8065DN, 28стр/мин, USB 2.0, Ethernet",Brother,DCP-8065DN,"400000030116,400000030111",
400000032375,"Принтер-МФУ лазерное полноцветное SRA3 Konica Minolta AccurioPress C3080, 80стр/мин, USB 2.0, Ethernet",Konica Minolta,AccurioPress C3080,"400000032292,400000032291,400000031353,400000032294,400000031352,400000032293,400000031354,400000031351","400000033240,400000030973,400000031469,400000033631,400000033638,400000031516,400000031346,400000033180,400000031422,400000033632,400000031420,400000032259,400000033703,400000031871,400000033722,400000031471,400000033182,400000031430,400000033639,400000033633,400000031518,400000032870,400000031931,400000033701,400000033636,400000033721,400000033184,400000033729,400000031929,400000031115,400000031470,400000033720,400000033730,400000033183,400000031229,400000033713,400000031859,400000031802,400000031820,400000031515,400000033635,400000033181,400000032836,400000031819,400000033724,400000031517,400000033723,400000031435"
400000027803,"Принтер-МФУ лазерное полноцветное A4 HP Color LaserJet CM2320nf, 20стр/мин, USB 2.0, Ethernet",HP,Color LaserJet CM2320nf,"400000030580,400000018143,400000018145,400000020487,400000019312","400000026157,400000029033,400000015427,400000022933"
400000031032,"Принтер-МФУ лазерное одноцветное SRA3 Konica Minolta bizhub 284e, 28стр/мин, USB 2.0, Ethernet",Konica Minolta,bizhub 284e,,"400000030898,400000030888,400000030894,400000031222,400000032570,400000031611,400000030896,400000030906,400000030897,400000032568,400000033724,400000030895,400000032571,400000016173,400000031615,400000021871"
400000029786,"Принтер-МФУ лазерное полноцветное A3 Kyocera KM-C3225, 16стр/мин, USB 2.0, Ethernet",Kyocera,KM-C3225,400000029793,
400000029755,"Принтер-МФУ лазерное одноцветное A4 Xerox WorkCentre 3225, 26стр/мин, USB 2.0, RJ-45, Wi-Fi",Xerox,WorkCentre 3225,"400000027306,400000029754",
400000033492,"Принтер лазерный одноцветный A4 Konica Minolta bizhub 4702P, 44стр/мин, USB 2.0, Ethernet",Konica Minolta,bizhub 4702P,,
400000033525,Принтер лазерный одноцветный A4 Konica Minolta bizhub 190f,,,,
400000026202,"Принтер-МФУ лазерное одноцветное A4 Kyocera FS-1028MFP, 28стр/мин, USB 2.0, Ethernet",Kyocera,FS-1028MFP,"400000030413,400000018135","400000030644,400000030643,400000024601"
400000026950,"Принтер-МФУ лазерное одноцветное A4 Samsung SCX-6545N, 43стр/мин, USB 2.0, Ethernet",Samsung,SCX-6545N,"400000026930,400000030533",
400000027198,"Принтер-МФУ лазерное полноцветное A4 Oki MC561dn, 30стр/мин, USB 2.0, Ethernet",Oki,MC561dn,"400000027174,400000030590,400000027172,400000027176,400000027175",
400000033296,"Принтер-МФУ лазерное одноцветное A3 Xerox WorkCentre 4112, 110стр/мин, Ethernet",Xerox,WorkCentre 4112,,400000033196
400000031067,"Принтер-МФУ лазерное одноцветное A3 Konica Minolta bizhub 652, 65стр/мин, USB 2.0, Ethernet",Konica Minolta,bizhub 652,,"400000033730,400000030894,400000033724,400000030895,400000031615"
400000033517,"Принтер лазерный полноцветный A3+ Konica Minolta bizhub C250P, 35стр/мин, USB 2.0, Ethernet",Konica Minolta,bizhub C250P,,400000030896
400000026332,"Копир лазерный одноцветный A3 Kyocera KM-2020, 20стр/мин,",Kyocera,KM-2020,"400000020385,400000009942,400000008839,400000029971,400000002721,200000001990",
400000026808,"Принтер-МФУ лазерное одноцветное A4 Samsung Xpress SL-M2070, 20стр/мин, USB 2.0",Samsung,Xpress SL-M2070,"400000022914,400000026134,400000030465","400000033110,400000016877,400000030023,400000030639"
400000026422,"Принтер-МФУ лазерное одноцветное A4 HP LaserJet Enterprise M631dn, 52стр/мин, USB 2.0, Ethernet",HP,LaserJet Enterprise M631dn,"400000026427,400000030517",
400000031044,"Принтер-МФУ лазерное одноцветное A3 Konica Minolta bizhub 363, 36стр/мин, USB 2.0, Ethernet",Konica Minolta,bizhub 363,,"400000030898,400000030894,400000032570,400000030896,400000030895,400000031615"
400000026210,"Принтер лазерный одноцветный A4 Kyocera FS-1320D, 35стр/мин, USB 2.0, CF",Kyocera,FS-1320D,"400000020131,400000030409","400000030644,400000030643,400000024601"
400000029478,"Принтер-МФУ лазерное одноцветное A3 Xerox WorkCentre 5022, 22стр/мин, USB 2.0",Xerox,WorkCentre 5022,"400000013521,400000020132",400000022278
400000029000,"Принтер лазерный одноцветный A4 Canon PC 950,",Canon,PC 950,"400000029970,400000027203,400000027202",400000023565
400000026935,"Принтер-МФУ лазерное одноцветное A4 Ricoh SP 203SFN, 22стр/мин, USB 2.0, Ethernet, RJ-11",Ricoh,SP 203SFN,"400000030433,400000026941",
400000032357,"Принтер лазерный полноцветный 1195x320 Konica Minolta Bizhub PRESS C71cf, USB 2.0, Ethernet",Konica Minolta,Bizhub PRESS C71cf,,"400000030973,400000033728,400000030972,400000033631,400000033699,400000031516,400000031422,400000033632,400000033702,400000032259,400000031420,400000033725,400000031471,400000033722,400000033639,400000033633,400000032870,400000033701,400000033636,400000033721,400000031929,400000031115,400000031470,400000033700,400000033720,400000033730,400000031859,400000031820,400000031802,400000031515,400000033635,400000033181,400000032836,400000031819,400000033727,400000033724,400000031517"
400000028859,"Принтер лазерный одноцветный A4 Samsung ML-2520,",Samsung,ML-2520,"400000030444,400000015226","400000027147,400000021245"
400000026345,"Принтер-МФУ лазерное одноцветное A3 Kyocera FS-6025MFP, 25стр/мин, USB 2.0, Ethernet",Kyocera,FS-6025MFP,"400000026346,400000030489","400000030655,400000030656,400000026704"
400000026887,"Принтер лазерный одноцветный A4 Xerox Phaser 3428DN, 28стр/мин, LPT, USB 2.0, Ethernet",Xerox,Phaser 3428DN,"400000026889,400000030482","400000010567,400000015222,400000021215"
400000026547,"Принтер лазерный одноцветный A4 Canon i-SENSYS LBP352X, 62стр/мин, USB 2.0, Ethernet",Canon,i-SENSYS LBP352X,"400000030349,400000026548",
400000026743,"Принтер лазерный одноцветный A4 Samsung ML-1640, 16стр/мин, USB 2.0",Samsung,ML-1640,"400000014790,400000030440,400000030441","400000025156,400000030640,400000021215"
400000033535,Принтер лазерный полноцветный A4 Konica Minolta MagiColor 4750DN,,,,400000030896
400000029468,"Принтер лазерный одноцветный A4 Samsung ML-1220,",Samsung,ML-1220,"400000014789,200000000415",400000016210
400000027217,"Копир лазерный одноцветный A4 Canon PC 890, 12стр/мин,",Canon,PC 890,"400000029970,400000030159,400000027203,400000027202",400000023565
400000033280,"Принтер-МФУ лазерное полноцветное A3 Canon imageRUNNER ADVANCE C9075 PRO, 65стр/мин, USB 2.0, Ethernet",Canon,imageRUNNER ADVANCE C9075 PRO,,400000033194
400000026467,"Принтер-МФУ лазерное одноцветное A4 HP LaserJet 3015, 15стр/мин, LPT, USB 2.0",HP,LaserJet 3015,"400000011518,400000005168,400000013499,400000013234,400000011519,400000012388,200000000402","400000030633,400000009229,400000002831,400000009931,400000021698,400000015958,400000021558,400000033096,400000016407"
400000028031,"Принтер-МФУ лазерное полноцветное A4 Samsung CLX-2160, 16стр/мин, USB 2.0",Samsung,CLX-2160,"400000022364,400000022365,400000022367,400000030591,400000022366","400000016912,400000016911,400000016913,400000012701"
400000033445,"Принтер-МФУ лазерное одноцветное A3 Konica Minolta bizhub 600, 60стр/мин, USB 2.0, Ethernet",Konica Minolta,bizhub 600,,"400000031871,400000033724,400000033730,400000031931"
400000026541,"Принтер лазерный одноцветный A4 HP LaserJet 2420, 30стр/мин, LPT, USB 2.0",HP,LaserJet 2420,"400000030369,400000020348,400000030370,400000021556","400000015038,400000022452"
400000032417,"Принтер лазерный одноцветный A3 Konica Minolta Bizhub PRO 1200P, 120стр/мин, Ethernet",Konica Minolta,Bizhub PRO 1200P,400000031551,"400000031868,400000031866,400000032173,400000033724,400000031615"
400000028920,"Принтер-МФУ лазерное одноцветное A4 Brother MFC-8350,",Brother,MFC-8350,"400000028905,400000029972",400000023607
400000029767,"Принтер лазерный одноцветный A4 Brother HL-L2340DWR, 26стр/мин, USB 2.0, Wi-Fi",Brother,HL-L2340DWR,"400000029773,400000030269,400000023506,400000030323",
400000033203,Принтер-МФУ лазерное полноцветное A4 Konica Minolta bizhub C3120i,,,,
400000026596,"Принтер лазерный одноцветный A4 Canon i-SENSYS LBP3010, 14стр/мин, USB 2.0",Не указано,Не указано,"400000015579,400000030328,400000026129","400000009850,400000030017,400000030314,400000014883,400000030165,400000030021,400000012999,400000030632,400000017602"
400000028399,"Принтер-МФУ лазерное одноцветное A4 Canon Fax-L250, 12стр/мин,",Canon,Fax-L250,"400000030201,400000028381",400000002831
400000033541,Принтер лазерный полноцветный A3+ Konica Minolta MagiColor 7450 II GA,,,,400000030896
400000028032,"Принтер лазерный полноцветный A4 Samsung CLP-300, 16стр/мин, USB 2.0",Samsung,CLP-300,"400000022364,400000022365,400000022367,400000030591,400000022366","400000016912,400000016911,400000016913,400000012701"
400000033544,Принтер лазерный полноцветный A4 Konica Minoltabizhub C4001i,,,,
400000026774,"Принтер-МФУ лазерное одноцветное A4 Xerox WorkCentre 3119, 18стр/мин, USB 2.0",Xerox,WorkCentre 3119,"400000013507,400000030540",400000022273
400000028951,"Принтер лазерный одноцветный A4 Brother HL-1112, 20стр/мин, USB 2.0",Brother,HL-1112,"400000028961,400000030198","400000030641,400000025926"
400000033395,"Принтер-МФУ лазерное одноцветное A3 Konica Minolta 7135, 35стр/мин, USB 1.1, Ethernet",Konica Minolta,7135,,400000031820
400000033486,"Принтер-МФУ лазерное одноцветное A4 Konica Minolta Bizhub 4052, 40стр/мин, USB 2.0, Ethernet",Konica Minolta,Bizhub 4052,,
400000026219,"Принтер-МФУ лазерное одноцветное A4 Kyocera Ecosys FS-1120MFP, 20стр/мин, USB",Kyocera,Ecosys FS-1120MFP,"400000019125,400000016872,400000024183,400000019401","400000030644,400000023832,400000030643,400000024601"
400000027928,"Принтер-МФУ лазерное полноцветное A4 HP Color LaserJet CM1312, 12стр/мин, USB 2.0",HP,Color LaserJet CM1312,"400000030579,400000016596,400000016081,400000016957,400000015968,400000016080","400000029033,400000016907,400000016908,400000026157,400000022933,400000011107,400000015427"
400000033126,"Принтер-МФУ лазерное полноцветное A3 Xerox WorkCentre 7428, 25стр/мин, USB 2.0, Ethernet",Xerox,WorkCentre 7428,,
400000028864,"Принтер-МФУ лазерное одноцветное A4 Xerox WorkCentre 3210N, 24стр/мин, USB 2.0, Ethernet",Xerox,WorkCentre 3210N,"400000030474,400000029753,400000020147","400000030638,400000021245"
400000026884,"Принтер лазерный одноцветный A4 Ricoh SP 200N, 22стр/мин, USB 2.0, Ethernet",Ricoh,SP 200N,"400000030433,400000026941",400000030061
400000026588,"Принтер лазерный одноцветный A4 HP LaserJet Enterprise M604dn, 50стр/мин, USB 2.0, Ethernet",Не указано,Не указано,"400000030381,400000026590",
400000026835,"Принтер лазерный одноцветный A4 Samsung ML-1915, 18стр/мин, USB 2.0",Samsung,ML-1915,"400000030444,400000030445,400000015226","400000030638,400000027147,400000021245"
400000029785,"Принтер лазерный полноцветный A4 Kyocera Ecosys P6026cdn, 26стр/мин, USB 2.0, Ethernet",Kyocera,Ecosys P6026cdn,400000029787,
400000027927,"Принтер лазерный полноцветный A4 HP Color LaserJet Pro CP1525nw, 12стр/мин, USB 2.0, RJ-45, Wi-Fi",HP,Color LaserJet Pro CP1525nw,"400000030584,400000016596,400000016081,400000016957,400000015968,400000016080","400000029033,400000016907,400000016908,400000026157,400000022933,400000011107,400000015427"
400000028820,"Принтер лазерный одноцветный A4 HP LaserJet Ultra M106w, 22стр/мин, USB 2.0, Wi-Fi",HP,LaserJet Ultra M106w,"400000030404,400000028819","400000030635,400000025158"
400000028462,"Принтер-МФУ лазерное одноцветное A4 Canon Fax-L360, 6стр/мин,",Canon,Fax-L360,"400000030201,400000028381",400000002831
400000026235,"Принтер лазерный одноцветный A4 Kyocera Ecosys P2040dn, 40стр/мин, USB 2.0, Ethernet, SD",Kyocera,Ecosys P2040dn,400000024267,"400000024174,400000024602,400000024601"
400000028978,"Копир лазерный одноцветный A4 Canon FC 220, 4стр/мин,",Canon,FC 220,"400000029970,400000030159,400000027203,400000027202",400000023565
400000028953,"Принтер лазерный одноцветный A4 Brother HL-1210,",Brother,HL-1210,"400000028961,400000030198",400000025926
400000028664,"Принтер лазерный полноцветный A4 HP Color LaserJet 2700, 20стр/мин, USB 2.0",HP,Color LaserJet 2700,"400000030576,400000028668,400000028665,400000028667,400000028666","400000022933,400000002802"
400000032643,"Принтер-МФУ лазерное полноцветное A3 Xerox WorkCentre 7855, 55стр/мин, USB 2.0, Ethernet",Xerox,WorkCentre 7855,"400000032555,400000031936,400000031937,400000031939,400000031938,400000032575","400000031852,400000033245,400000032574,400000032567,400000033246,400000031850,400000032562,400000033247,400000031851,400000031853"
400000026529,"Принтер лазерный одноцветный A4 HP LaserJet 1320, 21стр/мин, LPT, USB 2.0",HP,LaserJet 1320,"400000017383,400000015428,400000018130,200000000728","400000033098,400000021214,400000011851,400000015038,400000002831,400000021698,400000011758,400000015958,400000025157,400000021558,200000003556,400000030634"
400000026984,"Принтер лазерный одноцветный A4 HP LaserJet 1000W, 10стр/мин, USB",HP,LaserJet 1000W,"400000014970,200000000393,400000012992","400000021214,400000011851,400000002831,400000010374,400000015958,400000025157,400000011757"
400000033478,"Принтер-МФУ лазерное одноцветное A3 Konica Minolta bizhub 367, 36стр/мин, USB 2.0, Ethernet",Konica Minolta,bizhub 367,,"400000030898,400000030894,400000031427,400000030896,400000030897,400000031426,400000016173"
400000028947,"Принтер лазерный одноцветный A4 Brother HL-2130, 20стр/мин, USB 2.0",Brother,HL-2130,"400000030305,400000020352,400000030504,400000030503,400000030500",400000027142
400000027207,"Копир лазерный одноцветный A4 Canon FC 128, 4стр/мин,",Canon,FC 128,"400000029970,400000030159,400000027203,400000027202",400000023565
400000028954,"Принтер лазерный одноцветный A4 Brother HL-1212,",Brother,HL-1212,"400000028961,400000030198",400000025926
400000033438,"Принтер-МФУ лазерное одноцветное A3 Konica Minolta bizhub 501, 50стр/мин, USB 2.0, Ethernet",Konica Minolta,bizhub 501,,"400000030896,400000031820"
400000028980,"Копир лазерный одноцветное A4 Canon FC 226, 4стр/мин,",Canon,FC 226,"400000029970,400000030159,400000027203,400000027202",400000023565
400000026574,"Принтер лазерный одноцветный A4 HP LaserJet 4300, 43стр/мин, LPT",HP,LaserJet 4300,200000003714,"400000015038,200000001820"
400000032434,"Принтер-МФУ лазерное полноцветное SRA3 Konica Minolta Bizhub C360i, 36стр/мин, USB 2.0, RJ-45, Wi-Fi",Konica Minolta,Bizhub C360i,,"400000031117,400000030898,400000031116,400000032570,400000030897,400000031104,400000031433,400000032571,400000031615,400000021871"
400000029042,"Принтер-МФУ лазерное одноцветное A4 HP LaserJet Enterprise 500 MFP M525dn, 40стр/мин, USB 2.0, Ethernet",HP,LaserJet Enterprise 500 MFP M525dn,"400000030387,400000030388,400000014452,400000016954","400000030314,400000027143,400000030165"
400000029476,"Принтер лазерный полноцветный A3 Oki C9655, 40стр/мин, LPT, USB 2.0, Ethernet",Oki,C9655,400000030562,400000018150
400000030720,"Принтер-МФУ лазерное полноцветное SRA3 Konica Minolta bizhub C754, 60стр/мин, USB 2.0, Ethernet",Konica Minolta,bizhub C754,"400000033051,400000032909,400000033179,400000033178,400000033177","400000030887,400000030728,400000033730,400000030894,400000031345,400000030907,400000031609,400000033724,400000031364,400000030664,400000030886,400000031615"
400000026932,"Принтер лазерный одноцветный A4 Samsung ProXpress SL-M3320, 33стр/мин, USB 2.0",Samsung,ProXpress SL-M3320,"400000026924,400000030462",400000022448
400000033266,"Принтер-МФУ лазерное полноцветное A3 Canon imageRUNNER ADVANCE C7065i, 65стр/мин, USB 2.0, Ethernet",Canon,imageRUNNER ADVANCE C7065i,,400000033194
400000028769,"Принтер-МФУ лазерное полноцветное A4 HP Color LaserJet Enterprise CM4540f MFP, 40стр/мин, USB 2.0, Ethernet",HP,Color LaserJet Enterprise CM4540f MFP,"400000028648,400000028647,400000030582,400000028646,400000028649","400000029033,400000026157,400000022933,400000016907"
400000028821,"Принтер-МФУ лазерное одноцветное A4 HP LaserJet Pro MFP M130fw, 22стр/мин, USB 2.0, RJ-45, Wi-Fi",HP,LaserJet Pro MFP M130fw,"400000028818,400000030391","400000030635,400000027144,400000025158"
400000026671,"Принтер-МФУ лазерное одноцветное A4 Xerox WorkCentre PE114e, 14стр/мин, LPT, USB 2.0",Xerox,WorkCentre PE114e,"200000003197,400000026132,400000012655",400000022273
400000033385,"Принтер-МФУ лазерное одноцветное A3 Konica Minolta 7145, 30стр/мин, RJ-45",Konica Minolta,7145,,
400000028722,"Принтер лазерный полноцветный A4 Canon i-SENSYS LBP5360, 21стр/мин, LPT, USB 2.0, Ethernet",Canon,i-SENSYS LBP5360,"400000030567,400000028719,400000028717,400000028718,400000028708","400000022933,400000002802"
400000030982,"Принтер-МФУ лазерное полноцветное A3 Xerox Versant 80 Press, 80стр/мин, Ethernet",Xerox,Versant 80 Press,"400000031874,400000031581,400000031668,400000030961,400000032840,400000030963,400000032842,400000030962,400000030964,400000031669,400000031582,400000031873,400000031875,400000032839,400000031876,400000032841","400000032564,400000032561,400000031671,400000032581,400000031846,400000033545,400000031952,400000032565,400000032578,400000032940,400000031985,400000031459,400000032868,400000032580,400000031954,400000032566,400000033573,400000031847,400000031987,400000031953,400000031986,400000033575,400000031955,400000031984,400000032516,400000032579,400000032517,400000031848,400000031584,400000032556,400000031672,400000031849,400000031583,400000032563"
400000032456,"Принтер-МФУ лазерное полноцветное SRA3 Konica Minolta Bizhub C650i, 65стр/мин, USB 2.0, Ethernet, Wi-Fi",Konica Minolta,Bizhub C650i,"400000031862,400000029630,400000031860,400000032153,400000031863,400000032152,400000031861","400000032111,400000030898,400000031922,400000030894,400000031427,400000032554,400000030897,400000031104,400000032571,400000021871"
400000026561,"Принтер-МФУ лазерное одноцветное A3 HP LaserJet M5035 mfp, 35стр/мин, USB 2.0, Ethernet",HP,LaserJet M5035 mfp,"400000030487,400000026562",
400000026862,"Принтер лазерный одноцветный A4 Xerox Phaser 3155, 24стр/мин, USB 2.0",Xerox,Phaser 3155,"400000026952,400000019129,400000029745","400000021434,400000013639,400000021245"
400000026192,"Принтер лазерный одноцветный A3 Kyocera FS-9500, 50стр/мин, LPT, USB 2.0, Ethernet",Kyocera,FS-9500,"400000030282,400000026195",
400000028939,"Принтер-МФУ лазерное одноцветное A4 Brother MFC-9880, 14стр/мин, LPT, USB 2.0",Brother,MFC-9880,"400000028905,400000029972",400000023607
400000026360,"Принтер-МФУ лазерное одноцветное A3 Kyocera KM-2540, 25стр/мин, USB 2.0",Kyocera,KM-2540,"400000026364,400000030491",
400000030997,"Принтер-МФУ лазерное полноцветное A3 Xerox Сolour J75 Press, 76стр/мин, Ethernet",Xerox,Сolour J75 Press,"400000031599,400000031924,400000032967,400000030960,400000031926,400000030957,400000032968,400000032970,400000031927,400000031598,400000030958,400000030959,400000032969,400000031600,400000031597,400000031925","400000031837,400000033580,400000032581,400000032622,400000031840,400000031844,400000032104,400000031836,400000032108,400000031838,400000031841,400000031842,400000032149,400000031843,400000033579,400000033573,400000032577,400000031839,400000033575,400000032516,400000032576,400000032107,400000032121,400000033578,400000032629,400000032151,400000033581"
400000028763,"Принтер лазерный полноцветный A4 HP LaserJet Enterprise 500 Color M551xh, 32стр/мин, USB 2.0, Ethernet",HP,LaserJet Enterprise 500 Color M551xh,"400000028662,400000028660,400000028661,400000028659,400000030585","400000029033,400000026157,400000022933"
400000029050,"Принтер-МФУ лазерное одноцветное A4 HP LaserJet Pro MFP M521dw, 44стр/мин, USB 2.0, RJ-45, Wi-Fi",HP,LaserJet Pro MFP M521dw,"400000030387,400000030388,400000014452,400000016954","400000030314,400000027143,400000030165"
400000028795,"Принтер лазерный одноцветный A4 Canon i-SENSYS LBP6020, 18стр/мин, USB 2.0",Canon,i-SENSYS LBP6020,"400000013848,400000030350,400000030274,400000026129,400000015579","400000009850,400000014883,400000030165,400000030021,400000012999,400000030020,400000017602"
400000032412,"Принтер-МФУ лазерное полноцветное A3 Xerox WorkCentre WC7755, 55стр/мин, Ethernet",Xerox,WorkCentre WC7755,,"400000032108,400000031838,400000032107,400000032149,400000032581,400000032516,400000032121,400000032577,400000032104"
400000032367,"Принтер-МФУ лазерное одноцветное SRA3 Konica Minolta AccurioPrint 2100, 100стр/мин,",Konica Minolta,AccurioPrint 2100,"400000029625,400000032353","400000031932,400000030894,400000031824,400000031867,400000033724,400000033700,400000032908"
400000028801,"Принтер-МФУ лазерное одноцветное A4 Canon i-SENSYS MF216n, 23стр/мин, USB 2.0, Ethernet",Canon,i-SENSYS MF216n,"400000030324,400000028813","400000030017,400000030314,400000009850,400000017602"
400000026560,"Принтер-МФУ лазерное одноцветное A3 HP LaserJet M5025, 25стр/мин, USB 2.0, Ethernet",HP,LaserJet M5025,"400000030487,400000026562",
400000032673,"Принтер-МФУ лазерное полноцветное A3 Xerox AltaLink C8045, 45стр/мин, Ethernet, AirPrint",Xerox,AltaLink C8045,"400000032555,400000031936,400000031937,400000031939,400000031938,400000032575","400000031852,400000033245,400000032574,400000032567,400000033246,400000031850,400000033704,400000032562,400000033247,400000031851,400000031853"
400000028962,"Принтер-МФУ лазерное одноцветное A4 Brother MFC-1810, 20стр/мин, USB 2.0",Brother,MFC-1810,"400000028961,400000030198","400000030641,400000025926"
400000030985,"Копир лазерный одноцветный A3 Ricoh FT4018,",Ricoh,FT4018,400000005764,
400000026615,Принтер лазерный тест,,,,
400000026468,"Принтер-МФУ лазерное одноцветное A4 HP LaserJet 3020, 14стр/мин, LPT, USB 2.0",HP,LaserJet 3020,"400000011518,400000005168,400000013499,400000013234,400000011519,400000012388,200000000402","400000030633,400000009229,400000002831,400000009931,400000021698,400000015958,400000021558,400000033096,400000016407"
400000033484,"Принтер-МФУ лазерное одноцветное A4 Konica Minolta Bizhub 4050, 40стр/мин, USB 2.0, Ethernet",Konica Minolta,Bizhub 4050,,
400000032641,"Принтер-МФУ лазерное полноцветное A3 Xerox WorkCentre 7830, 30стр/мин, USB 2.0, Ethernet",Xerox,WorkCentre 7830,"400000032555,400000031936,400000031937,400000031939,400000031938,400000032575","400000031852,400000033245,400000032574,400000032567,400000033246,400000031850,400000032562,400000033247,400000031851,400000031853"
400000028895,"Принтер-МФУ лазерное одноцветное A4 Canon i-SENSYS MF4780dn, 23стр/мин, USB 2.0, Ethernet",Canon,i-SENSYS MF4780dn,"400000014786,400000014981,400000030514,400000026129,400000015579","400000009850,400000030165,400000030021,400000012999,400000017602"
400000030984,"Копир лазерный одноцветный A3 Ricoh FT4015,",Ricoh,FT4015,400000005764,
400000028743,"Принтер-МФУ лазерное полноцветное A4 Canon i-SENSYS MF8280Cw, 14стр/мин, USB 2.0, RJ-45, Wi-Fi",Canon,i-SENSYS MF8280Cw,"400000016596,400000025607,400000025605,400000016081,400000016957,400000030569,400000016080,400000025606,400000025604","400000029033,400000016907,400000016908,400000026157,400000022933,400000015427"
400000032377,"Принтер-МФУ лазерное полноцветное A3 Konica Minolta AccurioPress C4070, 70стр/мин, USB 2.0, Ethernet",Konica Minolta,AccurioPress C4070,"400000032292,400000032291,400000031353,400000032294,400000031352,400000032293,400000031354,400000031351","400000031469,400000033631,400000031516,400000031346,400000031422,400000033632,400000031420,400000032259,400000031871,400000033722,400000031471,400000033182,400000031430,400000031865,400000031864,400000033639,400000033633,400000032870,400000031931,400000033701,400000031870,400000033636,400000033721,400000033184,400000033729,400000031929,400000031470,400000032481,400000033720,400000033183,400000033713,400000031802,400000031820,400000033635,400000033181,400000032836,400000031819,400000033724,400000033638,400000031435"
400000028866,"Принтер лазерный одноцветный A4 Samsung ML-2164, 20стр/мин, USB 2.0",Samsung,ML-2164,"400000030446,400000014788",400000016877
400000027911,"Принтер лазерный полноцветный A4 HP LaserJet Pro 200 color Printer M251nw, 14стр/мин, USB 2.0, RJ-45, Wi-Fi",HP,LaserJet Pro 200 color Printer M251nw,"400000016596,400000016081,400000016957,400000015968,400000016080,400000030586","400000029033,400000016907,400000016908,400000026157,400000022933,400000015427"
400000033668,"Принтер-МФУ лазерное полноцветное A3 Konica Minolta Bizhub C256, 22стр/мин, USB 2.0, Ethernet",Konica Minolta,Bizhub C256,,400000030950
400000028249,"Принтер лазерный одноцветный A4 Canon I-SENSYS LBP212dw, 33стр/мин, USB 2.0, RJ-45, Wi-Fi",Canon,I-SENSYS LBP212dw,"400000030326,400000025991",400000033101
400000028720,"Принтер-МФУ лазерное полноцветное A4 Canon i-SENSYS MF9280Cdn, 21стр/мин, USB 2.0, Ethernet",Canon,i-SENSYS MF9280Cdn,"400000030567,400000028719,400000028717,400000028718,400000028708","400000022933,400000002802"
400000026567,"Принтер лазерный одноцветный A3 HP LaserJet Pro M706, 35стр/мин, USB 2.0, Ethernet",HP,LaserJet Pro M706,400000030261,
400000026892,"Принтер лазерный одноцветный A4 Samsung ML-3471, 33стр/мин, LPT, USB 2.0, Ethernet",Samsung,ML-3471,"400000026890,400000030458",400000021215
400000033790,"Принтер лазерный полноцветный A3 Ricoh Pro C5310S, 80стр/мин, USB 2.0, Ethernet",Ricoh,Pro C5310S,,400000033697
400000028410,"Принтер-МФУ лазерное одноцветное A4 Canon Fax-L290, 6стр/мин,",Canon,Fax-L290,"400000030201,400000028381",400000002831
400000026870,"Принтер лазерный одноцветный A4 Xerox Phaser 3250, 28стр/мин, USB 2.0, Ethernet",Xerox,Phaser 3250,"400000022915,400000029747","400000030638,400000021245"
400000033274,"Принтер-МФУ лазерное полноцветное A3 Canon imageRUNNER ADVANCE C7565i, 65стр/мин, USB 2.0, Ethernet",Canon,imageRUNNER ADVANCE C7565i,,"400000033194,400000033195"
400000033493,"Принтер-МФУ лазерное одноцветное A4 Konica Minolta Bizhub 4750, 47стр/мин, USB 2.0, Ethernet",Konica Minolta,Bizhub 4750,,
400000028741,"Принтер лазерный полноцветный A4 Canon i-SENSYS LBP7110Cw, 14стр/мин, USB 2.0, RJ-45, Wi-Fi",Canon,i-SENSYS LBP7110Cw,"400000016596,400000025607,400000025605,400000016081,400000016957,400000030569,400000016080,400000025606,400000025604","400000029033,400000016907,400000016908,400000026157,400000022933,400000015427"
400000028865,"Принтер лазерный одноцветный A4 Samsung ML-2162, 20стр/мин, USB 2.0",Samsung,ML-2162,"400000030446,400000014788,400000030275","400000033110,400000013495,400000018141,400000030639,400000016877"
400000028757,"Принтер-МФУ лазерное полноцветное A4 Canon i-SENSYS MF728Cdw, 20стр/мин, USB 2.0, RJ-45, Wi-Fi",Canon,i-SENSYS MF728Cdw,"400000018143,400000032753,400000032752,400000018145,400000020487,400000032755,400000019312,400000030570,400000032754,400000018144","400000015427,400000022933,400000030612"
400000026806,"Принтер-МФУ лазерное одноцветное A4 Xerox WorkCentre 3025, 20стр/мин, USB 2.0, Wi-Fi",Xerox,WorkCentre 3025,"400000024055,400000030276,400000030472,400000030473,400000026728","400000024056,400000016877"
400000029764,"Принтер-МФУ лазерное одноцветное A4 Brother DCP-L2540DNR, 30стр/мин,",Brother,DCP-L2540DNR,"400000029773,400000030269,400000023506,400000030323",
400000026334,"Копир лазерный одноцветный A3 Kyocera KM-2050, 20стр/мин, LPT, USB 2.0, Ethernet",Kyocera,KM-2050,"400000020385,400000009942,400000008839,400000029971,400000002721,200000001990",
400000026225,"Принтер-МФУ лазерное одноцветное A4 Kyocera Ecosys M2030DN, 30стр/мин, USB",Kyocera,Ecosys M2030DN,"400000019122,400000016955,400000030520,400000019121","400000030644,400000030646,400000030643,400000030645,400000024601"
400000026461,"Принтер лазерный одноцветный A4 HP LaserJet 1010, 12стр/мин, USB 2.0",HP,LaserJet 1010,"400000011518,400000005168,400000013499,400000013234,400000011519,400000012388,200000000402","400000030633,400000009229,400000002831,400000021723,400000009931,400000021698,400000015958,400000021558,400000033096,400000016407"
400000024051,"Принтер лазерный одноцветный A4 Kyocera P3055DN, 50стр/мин, USB 2.0, Ethernet",Kyocera,P3055DN,"400000024269,400000024088,400000024360,400000030412","400000030652,400000030648,400000030649,400000024602,400000024601,400000033383,400000030647,400000024174"
400000027110,"Принтер-МФУ лазерное одноцветное A4 Canon i-SENSYS MF6140dn, 33стр/мин, USB 2.0, Ethernet",Canon,i-SENSYS MF6140dn,"400000015223,400000030202,400000026131,400000023293","400000021214,400000002831,400000030165,400000013502,400000015958"
400000010716,"Принтер лазерный одноцветный A3 HP Laserjet 8100dn, 32стр/мин, LPT, Ethernet",HP,Laserjet 8100dn,"400000027302,400000030219",
400000027250,"Принтер-МФУ лазерное одноцветное A4 Oki MB472dnw, 33стр/мин, USB 2.0, RJ-45, Wi-Fi",Oki,MB472dnw,"400000030432,400000026650",
400000033175,"Принтер-МФУ лазерное одноцветное A3 Xerox PrimeLink B9125, 125стр/мин, USB 2.0, Ethernet",Xerox,PrimeLink B9125,,"400000032516,400000032581"
400000028964,"Принтер-МФУ лазерное одноцветное A4 Brother MFC-1813,",Brother,MFC-1813,"400000028961,400000030198",400000025926
400000028936,"Принтер-МФУ лазерное одноцветное A4 Brother MFC-9850, 12стр/мин, LPT, USB 2.0",Brother,MFC-9850,"400000028905,400000029972",400000023607
400000033390,"Принтер-МФУ лазерное одноцветное A3 Konica Minolta 7022, 22стр/мин, USB 1.1, Ethernet",Konica Minolta,7022,,400000031820
400000033809,"Принтер-МФУ лазерное полноцветное SRA3 Xerox AltaLink C8135, 35стр/мин, USB 2.0, Ethernet, NFC",Xerox,AltaLink C8135,"400000032444,400000032446,400000032443,400000032445","400000032447,400000032449,400000033704,400000032448,400000032450"
400000026869,"Принтер-МФУ лазерное одноцветное A4 Samsung SCX-4828FN, 28стр/мин, USB 2.0, Ethernet",Samsung,SCX-4828FN,"400000030450,400000030451,400000014980","400000030638,400000021245"
400000033214,"Принтер-МФУ лазерное полноцветное A3+ Konica Minolta Bizhub Pro C6501P, 65стр/мин, Ethernet",Konica Minolta,Bizhub Pro C6501P,,
400000026598,"Принтер лазерный одноцветный A4 HP LaserJet P1505, 23стр/мин, USB 2.0",Не указано,Не указано,"400000015579,400000003115,400000026129,400000030274","400000009850,400000030017,400000030312,400000030314,400000014883,400000030165,400000030021,400000012999,400000030632,400000017602"
400000027177,"Принтер лазерный полноцветный A4 Oki  C310dn, 24стр/мин, USB 2.0, Ethernet",Oki,C310dn,"400000027174,400000030590,400000027172,400000027176,400000027175",
400000026865,"Принтер лазерный одноцветный A4 Samsung ML-2851ND, 28стр/мин, USB 2.0, Ethernet",Samsung,ML-2851ND,"400000030449,400000023982,400000030448,400000014980","400000020048,400000021245"
400000033481,"Принтер лазерный одноцветный A4 Konica Minolta bizhub 4700P, 47стр/мин, USB 2.0, Ethernet, IEEE1284",Konica Minolta,bizhub 4700P,,
400000026921,"Принтер лазерный одноцветный A4 Xerox Phaser 3330, 40стр/мин, USB 2.0, RJ-45, Wi-Fi",Xerox,Phaser 3330,"400000030480,400000026923",
400000028756,"Принтер-МФУ лазерное полноцветное A4 Canon i-SENSYS MF724Cdw, 20стр/мин, USB 2.0, RJ-45, Wi-Fi",Canon,i-SENSYS MF724Cdw,"400000018143,400000032753,400000032752,400000018145,400000020487,400000032755,400000019312,400000030570,400000032754,400000018144","400000015427,400000022933,400000030612"
400000026509,"Принтер-МФУ лазерное одноцветное A4 Canon LaserBase MF6580PL, 22стр/мин, USB 2.0, Ethernet",Canon,LaserBase MF6580PL,"400000030516,400000027303",400000020431
400000027264,"Принтер-МФУ лазерное одноцветное A4 Panasonic KX-MB2030, 24стр/мин, USB 2.0, Ethernet",Panasonic,KX-MB2030,"400000016460,400000023774,400000018136",
400000033556,"Принтер-МФУ лазерное полноцветное A3 Canon ImagePress C600, 60стр/мин, USB 2.0, Ethernet",Canon,ImagePress C600,,"400000032683,400000032684"
400000033818,"Принтер-МФУ лазерное полноцветное A3 Canon ImagePress C700i, 70стр/мин, USB 2.0, Ethernet",Canon,ImagePress C700i,,400000032684
400000032378,"Принтер-МФУ лазерное полноцветное SRA3 Konica Minolta Bizhub C224, 22стр/мин, USB 2.0, Ethernet",Konica Minolta,Bizhub C224,"400000033785,400000033784,400000033786,400000033787","400000032570,400000031611,400000031918,400000030906,400000031615,400000030888,400000030894,400000031222,400000030946,400000030896,400000032571,400000030945,400000021871,400000031520,400000032500,400000031919,400000031920,400000032569,400000032568"
400000032394,"Принтер-МФУ лазерное полноцветное A3 Konica Minolta AccurioPress C7100, 100стр/мин, USB 2.0, Ethernet",Konica Minolta,AccurioPress C7100,,"400000031871,400000033722,400000033182,400000033636,400000033713,400000031802,400000031820,400000032836,400000031346,400000031819,400000033639,400000033701,400000033724,400000033638,400000031931,400000032870,400000033720"
400000026834,"Принтер лазерный одноцветный A4 Samsung ML-1910, 18стр/мин, USB 2.0",Samsung,ML-1910,"400000030444,400000030445,400000015226","400000032700,400000030638,400000027147,400000021245"
400000026204,"Принтер лазерный одноцветный A4 Kyocera FS-1350DN, 30стр/мин, USB 2.0, Ethernet",Kyocera,FS-1350DN,"400000030413,400000018135","400000030644,400000030643,400000024601"
400000027060,"Принтер-МФУ лазерное одноцветное A4 HP LaserJet Pro M1536, 25стр/мин, USB 2.0, Ethernet",HP,LaserJet Pro M1536,"400000014981,400000026499,400000030274,400000030403,400000026129,400000030271,400000015579","400000009850,400000030022,400000030017,400000030314,400000030165,400000030021,400000012999,400000022453,400000017602"
400000026526,"Принтер лазерный одноцветный A3 Canon LBP2000, 20стр/мин, LPT, USB 2.0",Не указано,Не указано,"400000030205,400000027304",
400000029729,"Принтер лазерный одноцветный A4 Samsung SL-M3325ND, 33стр/мин, USB 2.0, Ethernet",Samsung,SL-M3325ND,400000029744,
400000033747,"Принтер лазерный одноцветный A4 Pantum P3300DN, 33стр/мин, USB 2.0, Ethernet",Pantum,P3300DN,400000033642,400000032005
400000027276,"Принтер-МФУ лазерное одноцветное A4 Brother MFC-7440NR, 22стр/мин, USB 2.0, Ethernet",Brother,MFC-7440NR,"400000030307,400000018695,400000017384",400000023678
400000032632,"Принтер-МФУ лазерное одноцветное SRA3 Konica Minolta Bizhub 450i, 45стр/мин, USB 2.0, Ethernet",Konica Minolta,Bizhub 450i,,"400000030898,400000031922,400000030894,400000032570,400000031427,400000032554,400000030897,400000033724,400000032571,400000021871"
400000026900,"Принтер-МФУ лазерное одноцветное A4 Xerox Phaser 3300MFP, 28стр/мин, USB 2.0, Ethernet",Xerox,Phaser 3300MFP,"400000030537,400000026901","400000015041,400000010567,400000015222,400000021215"
400000033392,"Принтер-МФУ лазерное одноцветное A3 Konica Minolta 7030, 30стр/мин, USB 1.1, Ethernet",Konica Minolta,7030,,400000031820
400000031010,"Принтер-МФУ лазерное одноцветное SRA3 Konica Minolta bizhub 654e, 65стр/мин, USB 2.0, Ethernet",Konica Minolta,bizhub 654e,"400000032909,400000033051","400000030887,400000030728,400000030898,400000033730,400000030894,400000031345,400000030907,400000031609,400000030897,400000031364,400000030664,400000030886,400000031615"
400000028863,"Принтер лазерный одноцветный A4 Xerox Phaser 3250DN, 28стр/мин, USB 2.0, Ethernet",Xerox,Phaser 3250DN,"400000022915,400000029747","400000016141,400000030638,400000021245"
400000033133,"Принтер-МФУ лазерное полноцветное A3 Xerox WorkCentre 7835i, 35стр/мин, USB 2.0, Ethernet",Xerox,WorkCentre 7835i,"400000032555,400000031936,400000031937,400000031939,400000031938,400000032575","400000031852,400000033245,400000032574,400000031850,400000033247,400000031851,400000031853"
400000029500,"Принтер-МФУ лазерное одноцветное A4 Canon iR 1020, 20стр/мин, USB 2.0",Canon,iR 1020,400000030511,"400000009229,400000021723"
400000032474,"Принтер-МФУ лазерное полноцветное A3 Canon ImagePress C60, 60стр/мин, USB 2.0, Ethernet",Canon,ImagePress C60,"400000031826,400000031828,400000031829,400000031827","400000032148,400000032684,400000032683,400000032147"
400000028930,"Принтер-МФУ лазерное одноцветное A4 Brother MFC-9700, 15стр/мин, LPT, USB 2.0",Brother,MFC-9700,"400000028905,400000030499,400000030498",400000023607
400000026286,"Принтер-МФУ лазерное одноцветное A4 Kyocera Ecosys M3860idn, 60стр/мин, USB 2.0, Ethernet, SD",Kyocera,Ecosys M3860idn,"400000024269,400000030412,400000024360,400000026284,400000024088",
400000030108,"Принтер-МФУ лазерное одноцветное A4 Brother DCP-1602R, 20стр/мин, USB 2.0",Brother,DCP-1602R,400000030106,
400000032639,"Принтер-МФУ лазерное полноцветное A3 Xerox WorkCentre 7545, 45стр/мин, USB 2.0, Ethernet",Xerox,WorkCentre 7545,"400000032555,400000031936,400000031937,400000031939,400000031938,400000032575","400000031852,400000033245,400000032574,400000032567,400000033246,400000031850,400000032562,400000033247,400000031851,400000031853"
400000027243,"Принтер лазерный одноцветный A4 Oki B2200, 20стр/мин, USB 2.0",Oki,B2200,"400000030429,400000016140",400000022275
400000033301,"Принтер-МФУ лазерное одноцветное A3 Xerox DocuPrint 1100, 110стр/мин, Ethernet",Xerox,DocuPrint 1100,,400000033196
400000032640,"Принтер-МФУ лазерное полноцветное A3 Xerox WorkCentre 7556, 56стр/мин, USB 2.0, Ethernet",Xerox,WorkCentre 7556,"400000032555,400000031936,400000031937,400000031939,400000031938,400000032575","400000031852,400000033245,400000032574,400000032567,400000033246,400000031850,400000032562,400000033247,400000031851,400000031853"
400000033495,"Принтер-МФУ лазерное одноцветное A3 Konica Minolta bizhub 225i, 22стр/мин, USB 2.0, Ethernet",Konica Minolta,bizhub 225i,,400000030896
400000029485,"Принтер-МФУ лазерное полноцветное SRA3 Konica Minolta bizhub C284, 28стр/мин, USB 2.0, Ethernet",Konica Minolta,bizhub C284,"400000033785,400000017404,400000033784,400000033786,400000017405,400000017407,400000017406,400000033787","400000030898,400000032570,400000031611,400000031918,400000030906,400000030895,400000031615,400000030888,400000030894,400000031222,400000030946,400000030896,400000024540,400000032571,400000030945,400000021871,400000031520,400000032500,400000031919,400000031920,400000030661,400000032569,400000032568"
400000029506,"Принтер-МФУ лазерное одноцветное A4 Samsung ProXpress SL-M3870FD, 38стр/мин, USB 2.0, Ethernet",Samsung,ProXpress SL-M3870FD,400000030462,400000021560
400000028946,"Принтер-МФУ лазерное одноцветное A4 Brother FAX-2940, 20стр/мин,",Brother,FAX-2940,"400000030507,400000019681,400000019642,400000030508",400000027142
400000026940,"Принтер-МФУ лазерное одноцветное A4 Samsung ProXpress SL-M4080, 40стр/мин, USB 2.0, Ethernet",Samsung,ProXpress SL-M4080,"400000030463,400000026925",
400000033167,"Принтер лазерный полноцветный A3 Xerox Color 1000i Press, 100стр/мин,",Xerox,Color 1000i Press,"400000031099,400000031102,400000031100,400000031101,400000032112,400000032114,400000032113,400000032115","400000033719,400000033359,400000033244,400000033361,400000033651,400000033338"
400000032659,"Принтер-МФУ лазерное одноцветное A3 Konica Minolta Bizhub 287, 28стр/мин, USB 2.0, Ethernet",Konica Minolta,Bizhub 287,,"400000030898,400000030894,400000032570,400000031427,400000030896,400000030897,400000031426,400000016173"
400000028938,"Принтер-МФУ лазерное одноцветное A4 Brother MFC-9870, 12стр/мин, LPT, USB 2.0",Brother,MFC-9870,"400000028905,400000029972",400000023607
400000029751,"Принтер-МФУ лазерное одноцветное A4 Xerox WorkCentre 3210N, 24стр/мин, USB 2.0",Xerox,WorkCentre 3210N,"400000030474,400000029753",400000030638
400000028459,"Принтер-МФУ лазерное одноцветное A4 Canon Fax-L295, 6стр/мин,",Canon,Fax-L295,"400000030201,400000028381",400000002831
400000029995,"Принтер лазерный одноцветный A4 Xerox Phaser 3450DN, 24стр/мин, LPT, USB 2.0, Ethernet",Xerox,Phaser 3450DN,200000001638,
400000033412,"Принтер-МФУ лазерное одноцветное A3 Konica Minolta bizhub 164, 16стр/мин, USB 2.0",Konica Minolta,bizhub 164,,400000030896
400000027804,"Принтер лазерный полноцветный A4 HP Color LaserJet CP2025, 20стр/мин, USB 2.0",HP,Color LaserJet CP2025,"400000030580,400000018143,400000018145,400000020487,400000019312","400000029033,400000016907,400000026157,400000022933,400000011107,400000015427"
400000026581,"Принтер лазерный одноцветный A4 HP LaserJet P4015n, 50стр/мин, USB 2.0, Ethernet",HP,LaserJet P4015n,"400000018340,400000030389,400000016136",400000030165
400000027206,"Копир лазерный одноцветный A4 Canon FC 108, 4стр/мин, USB 2.0",Canon,FC 108,"400000029970,400000030159,400000027203,400000027202",400000023565
400000033428,"Принтер-МФУ лазерное одноцветное A3 Konica Minolta bizhub 215, 21стр/мин, USB 2.0, Ethernet",Konica Minolta,bizhub 215,,400000030896
400000028944,"Принтер-МФУ лазерное одноцветное A4 Brother DCP-7055, 20стр/мин, USB 2.0",Brother,DCP-7055,"400000020352,400000030504,400000030501,400000030503,400000030502,400000030500",400000027142
400000029496,"Принтер-МФУ лазерное одноцветное A4 HP LaserJet Pro MFP M130a, 22стр/мин, USB 2.0",HP,LaserJet Pro MFP M130a,"400000028818,400000030391","400000030635,400000027144"
400000032669,"Принтер-МФУ лазерное полноцветное A4 Konica Minolta Bizhub C3350i, 33стр/мин, USB 2.0, Ethernet, Wi-Fi",Konica Minolta,Bizhub C3350i,,"400000032570,400000030897,400000030894"
400000033155,"Принтер-МФУ лазерное полноцветное A3 Xerox WorkCentre WC7775, 75стр/мин, Ethernet",Xerox,WorkCentre WC7775,,"400000031838,400000032581,400000032121,400000032516,400000032577,400000032104"
400000032401,"Принтер-МФУ лазерное полноцветное A3 Xerox Color 550, 55стр/мин,",Xerox,Color 550,"400000031438,400000031572,400000032347,400000031935,400000032976,400000032351,400000030953,400000031442,400000031439,400000031444,400000030955,400000031440,400000032977,400000032350,400000031571,400000032349,400000031441,400000032346,400000031437,400000031443,400000032345,400000031570,400000030956,400000032975,400000032348,400000032974,400000030954,400000031569,400000032352","400000031837,400000032581,400000031840,400000031575,400000031974,400000031971,400000031844,400000032104,400000031836,400000032108,400000031838,400000032003,400000032557,400000031841,400000032873,400000031854,400000031842,400000032149,400000031843,400000031942,400000031940,400000033704,400000031573,400000031972,400000033573,400000032577,400000031839,400000032002,400000031943,400000032516,400000031941,400000032874,400000031973,400000032576,400000032150,400000032107,400000032872,400000031576,400000032121,400000032875,400000031975,400000032151,400000031574,400000032109"
400000028950,"Принтер лазерный одноцветный A4 Brother HL-1111,",Brother,HL-1111,"400000028961,400000030198",400000025926
400000026545,"Принтер лазерный одноцветный A4 Canon i-SENSYS LBP351X, 55стр/мин, USB 2.0, Ethernet",Canon,i-SENSYS LBP351X,"400000030349,400000026548",
400000026585,"Принтер лазерный одноцветный A3 HP LaserJet 9050dn, 50стр/мин, LPT, Ethernet",HP,LaserJet 9050dn,"400000026587,400000030211",
400000028960,"Принтер-МФУ лазерное одноцветное A4 Brother DCP-1612, 20стр/мин, USB 2.0, RJ-45, Wi-Fi",Brother,DCP-1612,"400000028961,400000030198",400000025926
400000032364,"Принтер-МФУ лазерное полноцветное SRA3 Konica Minolta bizhub C458, 45стр/мин, USB 2.0, Ethernet",Konica Minolta,bizhub C458,,"400000030898,400000032570,400000031613,400000031087,400000031615,400000030894,400000031676,400000031674,400000031684,400000030896,400000032571,400000021871,400000030947,400000031427,400000032554,400000031675,400000032569,400000032568,400000033724"
400000030701,"Принтер-МФУ лазерное полноцветное SRA3 Konica Minolta Bizhub Press C7000, 60стр/мин, Ethernet",Konica Minolta,Bizhub Press C7000,"400000024114,400000033198,400000033200,400000033201,400000024050,400000031401,400000024116,400000024115,400000031399,400000033199,400000031458,400000031400","400000033188,400000033346,400000031469,400000033187,400000033725,400000031431,400000031615,400000030671,400000030673,400000031871,400000033185,400000030670,400000033182,400000031931,400000033701,400000033189,400000030672,400000033729,400000030974,400000033191,400000031115,400000033700,400000033241,400000030975,400000033720,400000033186,400000033730,400000033192,400000031820,400000032838,400000031819,400000033724"
400000033591,Принтер лазерный одноцветный A4 Konica Minolta PagePro 5650EN,,,,
400000031043,"Принтер-МФУ лазерное одноцветное A3 Konica Minolta bizhub 283, 28стр/мин, USB 2.0, Ethernet",Konica Minolta,bizhub 283,,"400000030898,400000030894,400000032570,400000030896,400000030895,400000031615"
400000033387,Принтер-МФУ лазерное монохромное A4 Konica Minolta bizhub 20,,,,
400000032442,"Принтер-МФУ лазерное полноцветное A3+ Konica Minolta Bizhub Pro C5501, 55стр/мин, Ethernet",Konica Minolta,Bizhub Pro C5501,,"400000033188,400000033346,400000031469,400000031803,400000033187,400000033725,400000031431,400000030671,400000030673,400000031871,400000033185,400000030670,400000031931,400000033701,400000033189,400000030672,400000031934,400000033729,400000032978,400000033191,400000031115,400000031823,400000033700,400000033720,400000033186,400000033730,400000033192,400000031521,400000031820,400000032838,400000031819,400000033724"
400000033272,"Принтер-МФУ лазерное полноцветное A3 Canon imageRUNNER ADVANCE C7280i, 80стр/мин, USB 2.0, Ethernet",Canon,imageRUNNER ADVANCE C7280i,,400000033194
400000026595,"Принтер лазерный одноцветный A4 HP LaserJet P1006, 16стр/мин, USB 2.0",Не указано,Не указано,"400000006930,400000030274,400000026129,400000030363,400000015579,400000004003","400000009850,400000030632,400000030017,400000030312,400000030314,400000014883,400000030165,400000021698,400000030021,400000012999,400000022453,400000017602"
400000027798,"Принтер-МФУ лазерное полноцветное A4 Canon i-SENSYS MF8380Cdw, 20стр/мин, USB 2.0, RJ-45, Wi-Fi",Canon,i-SENSYS MF8380Cdw,"400000018143,400000032753,400000032752,400000018145,400000020487,400000032755,400000019312,400000030570,400000032754","400000015427,400000022933,400000030612"
400000026227,"Принтер-МФУ лазерное одноцветное A4 Kyocera Ecosys FS-1035MFP, 35стр/мин, USB",Kyocera,Ecosys FS-1035MFP,"400000019123,400000019124,400000030519,400000018133","400000030644,400000022503,400000030643,400000024601"
400000028692,"Принтер-МФУ лазерное полноцветное A4 HP Laserjet Pro 400 Color MFP M475dn, 20стр/мин, USB 2.0, Ethernet",HP,Laserjet Pro 400 Color MFP M475dn,"400000018143,400000030587,400000018145,400000020487,400000018144","400000029033,400000016907,400000016908,400000026157,400000022933,400000015427"
400000028993,"Принтер лазерный одноцветный A4 Canon PC 710,",Canon,PC 710,"400000029970,400000027203,400000027202",400000023565
400000029769,"Принтер лазерный одноцветный A4 Brother HL-L2365DWR, 30стр/мин, USB 2.0, RJ-45, Wi-Fi",Brother,HL-L2365DWR,"400000029773,400000030269,400000023506,400000030323",
400000028742,"Принтер лазерный полноцветный A4 Canon i-SENSYS LBP7100, 14стр/мин, USB 2.0, Ethernet",Canon,i-SENSYS LBP7100,"400000016596,400000025607,400000025605,400000016081,400000016957,400000030569,400000016080,400000025606,400000025604","400000029033,400000016907,400000016908,400000026157,400000022933,400000015427"
400000026838,"Принтер-МФУ лазерное одноцветное A4 Samsung SCX-4600, 22стр/мин, USB 2.0",Samsung,SCX-4600,"400000030444,400000030445,400000015226","400000030638,400000027147,400000021245"
400000032381,"Принтер-МФУ лазерное полноцветное SRA3 Konica Minolta Bizhub C454e, 45стр/мин, USB 2.0, Ethernet",Konica Minolta,Bizhub C454e,,"400000030898,400000032570,400000031611,400000031918,400000031930,400000030906,400000031615,400000030888,400000030894,400000031222,400000030946,400000030896,400000030897,400000032571,400000030945,400000016173,400000021871,400000032500,400000031427,400000031919,400000031920,400000032569,400000032568,400000033724"
400000028765,"Принтер-МФУ лазерное полноцветное A4 HP LaserJet Enterprise 500 Color MFP M575dn, 30стр/мин, USB 2.0, Ethernet",HP,LaserJet Enterprise 500 Color MFP M575dn,"400000028662,400000028660,400000028661,400000028659,400000030585","400000029033,400000026157,400000022933,400000016907"
400000031002,"Принтер-МФУ лазерное полноцветное A3 Xerox WorkCentre 7328, 28стр/мин, USB 2.0, Ethernet",Xerox,WorkCentre 7328,"400000031065,400000030922,400000030924,400000030978,400000030923",400000030925
400000032630,"Принтер-МФУ лазерное полноцветное A3 Konica Minolta Bizhub C750i, 75стр/мин, USB 2.0, Ethernet, Wi-Fi",Konica Minolta,Bizhub C750i,,"400000032111,400000030898,400000031922,400000030894,400000031427,400000032554,400000030897,400000031104,400000033724,400000032571,400000021871"
400000033410,"Принтер-МФУ лазерное одноцветное A3 Konica Minolta bizhub 7616, 16стр/мин, USB 2.0, Ethernet",Konica Minolta,bizhub 7616,,
400000026750,"Принтер лазерный одноцветный A4 Samsung ML-1667, 16стр/мин, USB 2.0",Samsung,ML-1667,"400000023775,400000007100,400000012991","400000030637,400000033603,400000010377,400000027145"
400000026885,"Принтер лазерный одноцветный A4 Samsung ML-3051ND, 28стр/мин, LPT, USB 2.0, Ethernet",Samsung,ML-3051ND,"400000030454,400000020349,400000030455","400000010567,400000015222,400000021215"
400000031042,"Принтер-МФУ лазерное одноцветное A3 Konica Minolta bizhub 223, 22стр/мин, USB 2.0, Ethernet",Konica Minolta,bizhub 223,,"400000030898,400000030894,400000032570,400000030896,400000030895,400000031615"
400000028927,"Принтер-МФУ лазерное одноцветное A4 Brother MFC-9660, 14стр/мин, USB 2.0",Brother,MFC-9660,"400000028905,400000029972",400000023607
400000026534,"Принтер лазерный одноцветный A4 Canon i-SENSYS LBP3360, 21стр/мин, USB 2.0, Ethernet",Не указано,Не указано,"400000018130,400000026532,400000030336,400000015428,400000030337","400000021214,400000011851,400000002831,400000011758,400000015958,400000025157,200000003556,400000030634"
400000026158,"Принтер-МФУ лазерное одноцветное A4 Kyocera FS-1018MFP, 18стр/мин, USB 2.0, Ethernet",Kyocera,FS-1018MFP,"400000020053,400000004753,400000030421",
400000026400,"Принтер-МФУ лазерное одноцветное A4 HP LaserJet 3320mfp, 14стр/мин, LPT, USB 2.0",HP,LaserJet 3320mfp,"400000014970,400000030364,200000000393,400000012992","400000021214,400000011851,400000002831,400000010374,400000015958,400000025157,400000011757"
400000026878,"Принтер-МФУ лазерное одноцветное A4 Samsung SCX-4729FW, 28стр/мин, USB 2.0, RJ-45, Wi-Fi",Samsung,SCX-4729FW,"400000030453,400000013496,400000030452",400000021245
400000026218,"Принтер-МФУ лазерное одноцветное A4 Kyocera Ecosys FS-1020MFP, 20стр/мин, USB",Kyocera,Ecosys FS-1020MFP,"400000019125,400000016872,400000024183,400000019401",400000023832
400000026891,"Принтер лазерный одноцветный A4 Samsung ML-3470D, 33стр/мин, LPT, USB 2.0",Samsung,ML-3470D,"400000026890,400000030458",400000021215
400000027266,"Принтер лазерный одноцветный A4 Brother HL-2140R, 22стр/мин, USB 2.0",Brother,HL-2140R,"400000030307,400000018695,400000017384",400000023678
400000027178,"Принтер лазерный полноцветный A4 Oki C330dn, 24стр/мин, USB 2.0, Ethernet",Oki,C330dn,"400000027174,400000030590,400000027172,400000027176,400000027175",
400000030118,"Принтер лазерный одноцветный A4 Brother HL-5340DRT, 30стр/мин, LPT, USB 2.0",Brother,HL-5340DRT,400000030117,
400000028873,"Принтер-МФУ лазерное одноцветное A4 Samsung Xpress SL-M2071, 20стр/мин, USB 2.0",Samsung,Xpress SL-M2071,"400000022914,400000026134,400000030465",400000016877
400000026506,"Принтер-МФУ лазерное одноцветное A4 Canon LaserBase MF6550, 22стр/мин, USB 2.0, Ethernet",Canon,LaserBase MF6550,"400000030516,400000027303",400000020431
400000032415,"Принтер-МФУ лазерное одноцветное A3 Konica Minolta Bizhub PRO 1051, 105стр/мин, Ethernet",Konica Minolta,Bizhub PRO 1051,400000031551,"400000031932,400000031824,400000031868,400000031866,400000032173,400000031615,400000032908"
400000033755,"Принтер-МФУ лазерное одноцветное A4 Pantum M7102DN, 30стр/мин, LPT, USB 2.0",Pantum,M7102DN,400000033642,400000032005
400000028997,"Принтер лазерный одноцветный A4 Canon PC 921,",Canon,PC 921,"400000029970,400000027203,400000027202",400000023565
400000026659,"Принтер лазерный одноцветный A4 Samsung ML-1510, 14стр/мин, USB 2.0",Samsung,ML-1510,"400000030435,400000026132,400000012655","200000001644,400000027146,400000022273"
400000026391,"Принтер-МФУ лазерное одноцветное A4 HP LaserJet 3200mfp, 9стр/мин, LPT, USB 2.0",HP,LaserJet 3200mfp,"200000000410,400000005340,400000018339,200000001172,400000006296","400000022450,400000033097,400000002831,400000011759"
400000026907,"Принтер-МФУ лазерное одноцветное A4 Samsung SCX-5737, 35стр/мин, USB 2.0, RJ-45, Wi-Fi",Samsung,SCX-5737,"400000020350,400000030457,400000030456",
400000026155,"Принтер лазерный одноцветный A4 Kyocera Mita FS-1050, 14стр/мин, LPT, USB 1.1",Kyocera,Mita FS-1050,"400000022274,400000004752,200000005507",
400000026249,"Принтер лазерный одноцветный A4 Kyocera FS-2020dn, 35стр/мин, LPT, USB 1.1, Ethernet",Kyocera,FS-2020dn,"400000026251,400000030415","400000024174,400000024601"
400000026614,"Принтер лазерный одноцветный A4 Canon i-SENSYS LBP6000B, 18стр/мин, USB 2.0",Canon,i-SENSYS LBP6000B,"400000013848,400000030350,400000030274,400000026129,400000026130,400000015579","400000009850,400000030017,400000030314,400000014883,400000030165,400000030021,400000012999,400000030020,400000030632,400000017602"
400000026230,"Принтер-МФУ лазерное одноцветное A4 Kyocera Ecosys M2535DN, 35стр/мин, USB 2.0, Ethernet, CF",Kyocera,Ecosys M2535DN,"400000019123,400000019124,400000030519,400000018133","400000030646,400000030643,400000030644,400000030645,400000024601,400000022503"
400000026981,"Принтер-МФУ лазерное одноцветное A3 Xerox WorkCentre 5021, 20стр/мин, USB 2.0",Xerox,WorkCentre 5021,"400000013521,400000020132",400000022278
400000032356,"Принтер-МФУ лазерное полноцветное SRA3 Konica Minolta Bizhub PRO C1060L, 60стр/мин, USB 2.0, Ethernet",Konica Minolta,Bizhub PRO C1060L,"400000032831,400000024198,400000032833,400000032832","400000033240,400000030973,400000033728,400000030972,400000033631,400000033699,400000031469,400000031516,400000031346,400000033180,400000033732,400000031422,400000033632,400000033638,400000033702,400000033703,400000033731,400000032259,400000031420,400000033725,400000031615,400000031871,400000033722,400000031471,400000033182,400000031430,400000033639,400000033633,400000031518,400000032870,400000031931,400000033701,400000033636,400000033721,400000033184,400000033729,400000031929,400000031115,400000031470,400000033700,400000033720,400000033730,400000033183,400000033713,400000031859,400000031802,400000031820,400000031515,400000033635,400000033181,400000032836,400000031819,400000033727,400000033724,400000031517,400000033723"
400000033455,"Принтер-МФУ лазерное полноцветное A4 Konica Minolta Bizhub C20, 24стр/мин, USB 2.0, Ethernet",Konica Minolta,Bizhub C20,,400000030896
400000033819,Принтер-МФУ лазерное одноцветное A3+ Konica Minolta bizhub PRO 8050,,,,"400000031931,400000033186"
400000028716,"Принтер-МФУ лазерное полноцветное A4 Canon i-SENSYS MF9220Cdn, 21стр/мин, USB 2.0, Ethernet",Canon,i-SENSYS MF9220Cdn,"400000030567,400000028719,400000028717,400000028718,400000028708","400000022933,400000002802"
400000032421,"Принтер лазерный одноцветный A3 Konica Minolta Bizhub Press 2250P, 125стр/мин, Ethernet",Konica Minolta,Bizhub Press 2250P,400000024192,"400000031932,400000031868,400000032173,400000031867,400000033724,400000033700,400000032908"
400000029052,"Принтер-МФУ лазерное одноцветное A4 Canon i-SENSYS MF512x, 40стр/мин, USB 2.0, RJ-45, Wi-Fi",Canon,i-SENSYS MF512x,"400000016954,400000030355,400000014452,400000030356",400000027143
400000026905,"Принтер-МФУ лазерное одноцветное A4 Samsung SCX-4833, 31стр/мин, USB 2.0, Ethernet",Samsung,SCX-4833,"400000020350,400000030457,400000030456","400000024172,400000022448"
400000028868,"Принтер лазерный одноцветный A4 Samsung ML-2166, 20стр/мин, USB 2.0",Samsung,ML-2166,"400000030446,400000014788",400000016877
400000029721,"Принтер лазерный одноцветный A4 Samsung SL-M2625, 26стр/мин, USB 2.0",Samsung,SL-M2625,400000029728,
400000026252,"Принтер-МФУ лазерное одноцветное A4 Kyocera FS-3040MFP, 40стр/мин, USB 2.0, Ethernet",Kyocera,FS-3040MFP,"400000026253,400000030416,400000030489",400000024174
400000033557,"Принтер-МФУ лазерное одноцветное A3 Xerox D100, 95стр/мин, USB 2.0, Ethernet",Xerox,D100,,
400000033489,"Принтер лазерный одноцветный A4 Konica Minolta bizhub 4402P, 44стр/мин, USB 2.0, Ethernet, Wi-Fi",Konica Minolta,bizhub 4402P,,
400000028963,"Принтер-МФУ лазерное одноцветное A4 Brother MFC-1811, 20стр/мин, USB 2.0",Brother,MFC-1811,"400000028961,400000030198",400000025926
400000026732,"Принтер лазерный одноцветный A4 Xerox Phaser 3125, 24стр/мин, LPT, USB 2.0",Xerox,Phaser 3125,"400000023563,400000026133,200000002469,400000015225,400000021697","400000025156,400000021215"
400000033765,"Принтер лазерный полноцветный SRA3 Ricoh Pro C7200X, 85стр/мин, USB 2.0, Ethernet",Ricoh,Pro C7200X,"400000033709,400000033710,400000033711,400000033712",400000033714
400000029482,"Принтер-МФУ лазерное полноцветное A3+ Konica Minolta bizhub C220, 22стр/мин, USB 2.0, Ethernet",Konica Minolta,bizhub C220,"400000018811,400000029489,400000018810,400000012767","400000011450,400000030894,400000016173,400000030661,400000032570,400000013494,400000030896,400000032257,400000024540,400000030895,400000030976,400000031615,400000021871"
400000032466,"Принтер-МФУ лазерное полноцветное A3 Canon ImagePress C700, 70стр/мин, USB 2.0, Ethernet",Canon,ImagePress C700,"400000031826,400000031828,400000031829,400000031827","400000032148,400000032684,400000032683,400000032147"
400000026335,"Принтер-МФУ лазерное одноцветное A3 Kyocera TASKAlfa 1800, 18стр/мин, USB 2.0",Kyocera,TASKAlfa 1800,"400000026336,400000030492","400000024174,400000024601"
400000026604,"Принтер-МФУ лазерное одноцветное A4 HP LaserJet Pro M1132 MFP, 18стр/мин, USB 2.0",Не указано,Не указано,"400000013848,400000030518,400000030274,400000030272,400000026129,400000030363,400000026130,400000015579","400000009850,400000030632,400000030017,400000030312,400000030314,400000014883,400000030165,400000030021,400000012999,400000030020,400000022453,400000017602"
400000032452,"Принтер-МФУ лазерное полноцветное A3+ Konica Minolta Bizhub Pro C6501, 65стр/мин, Ethernet",Konica Minolta,Bizhub Pro C6501,,"400000033188,400000033346,400000031469,400000031803,400000033187,400000033725,400000031431,400000030671,400000030673,400000031871,400000033185,400000030670,400000031931,400000033701,400000033189,400000030672,400000031934,400000033729,400000032978,400000033191,400000031115,400000031823,400000033700,400000033720,400000033186,400000033730,400000033192,400000031521,400000031820,400000032838,400000031819,400000033724"
400000028910,"Принтер-МФУ лазерное одноцветное A4 Brother HL-P2600, 10стр/мин, LPT, USB 2.0",Brother,HL-P2600,"400000028905,400000029972",400000023607
400000026785,"Принтер-МФУ лазерное одноцветное A4 Samsung SCX-4520, 20стр/мин, USB 2.0, Ethernet",Samsung,SCX-4520,"400000030527,400000026784",400000014982
400000026381,"Принтер-МФУ лазерное одноцветное A3 Kyocera KM-3035, 30стр/мин, LPT, Ethernet",Kyocera,KM-3035,"400000026378,400000030490",
400000030990,"Принтер-МФУ лазерное одноцветное A3 Xerox D95, 95стр/мин, USB 2.0, Ethernet",Xerox,D95,"400000031596,400000030965","400000033196,400000031460,400000033575,400000033573"
400000033503,Принтер лазерный полноцветный A4 Konica Minolta MagiColor 1650EN,,,,
400000026231,"Принтер лазерный одноцветный A4 Kyocera P2235DN, 35стр/мин, USB 2.0, Ethernet, SD",Kyocera,P2235DN,"400000024268,400000030427","400000024601,400000024174,400000024602,400000030882"
400000027908,"Принтер-МФУ лазерное полноцветное A4 Canon i-SENSYS MF8040Cn, 12стр/мин, USB 2.0, Ethernet",Canon,i-SENSYS MF8040Cn,"400000016596,400000016081,400000016957,400000015968,400000030566,400000016080","400000029033,400000016907,400000016908,400000026157,400000022933,400000015427"
400000026349,"Принтер-МФУ лазерное одноцветное A3 Kyocera FS-6530MFP, 30стр/мин, USB 2.0, Ethernet",Kyocera,FS-6530MFP,"400000026346,400000030489","400000030655,400000030656,400000026704"
400000032424,"Принтер-МФУ лазерное одноцветное A3 Xerox D136, 136стр/мин, Ethernet",Xerox,D136,"400000031596,400000030965","400000033196,400000031460,400000033575,400000033573"
400000028991,"Копир лазерный одноцветный A4 Canon PC 428,",Canon,PC 428,"400000029970,400000030159,400000027203,400000027202",400000023565
400000026470,"Принтер-МФУ лазерное одноцветное A4 HP LaserJet 3050, 8стр/мин, USB 2.0",HP,LaserJet 3050,"400000011518,400000005168,400000013499,400000013234,400000011519,400000012388,200000000402","400000030633,400000009229,400000002831,400000009931,400000021698,400000015958,400000021558,400000033096,400000016407"
400000027265,"Принтер-МФУ лазерное одноцветное A4 Panasonic KX-MB2051, 24стр/мин, USB 2.0, Ethernet",Panasonic,KX-MB2051,"400000016460,400000023774,400000018136",
400000033536,Принтер лазерный полноцветный A4 Konica Bizhub C35P,,,,
400000026189,"Принтер лазерный одноцветный A3 Kyocera FS-9100DN, 36стр/мин, LPT, Ethernet",Kyocera,FS-9100DN,"400000030282,400000026195",
400000026502,"Принтер-МФУ лазерное одноцветное A4 Canon i-SENSYS MF4660PL, 20стр/мин, USB 2.0, Ethernet",Canon,i-SENSYS MF4660PL,"400000030513,400000013499","400000030633,400000009229,400000002831,400000015958,400000016407"
400000013451,"Принтер лазерный одноцветный A4 Kyocera FS-2100DN, 40стр/мин, USB 2.0, Ethernet",Kyocera,FS-2100DN,"400000021985,400000013493","400000030651,400000030652,400000030648,400000024153,400000030881,400000030650,400000030649,400000030882,400000033383,400000024601,400000030647,400000024174"
400000026242,"Принтер-МФУ лазерное одноцветное A4 Kyocera Ecosys M2235dn, 35стр/мин, USB 2.0, Ethernet",Kyocera,Ecosys M2235dn,"400000030410,400000025325,400000026136",
400000030097,"Принтер-МФУ лазерное одноцветное A4 Ricoh SP3610, 30стр/мин,",Ricoh,SP3610,400000030101,
400000031031,"Принтер-МФУ лазерное одноцветное SRA3 Konica Minolta bizhub 224e, 22стр/мин, USB 2.0, Ethernet",Konica Minolta,bizhub 224e,,"400000030898,400000030888,400000030894,400000031222,400000032570,400000031611,400000030896,400000030906,400000030897,400000032568,400000033724,400000030895,400000032571,400000016173,400000031615,400000021871"
400000031070,"Принтер-МФУ лазерное полноцветное A3+ Konica Minolta bizhub C552, 55стр/мин, USB 2.0, Ethernet",Konica Minolta,bizhub C552,,"400000033730,400000030894,400000033724,400000031428,400000031364,400000030895,400000031817,400000031615"
400000028806,"Принтер-МФУ лазерное одноцветное A4 Canon i-SENSYS MF237w, 23стр/мин, USB 2.0, RJ-45, Wi-Fi",Canon,i-SENSYS MF237w,"400000030324,400000028813","400000030017,400000030314,400000009850,400000017602"
400000029775,"Принтер лазерный полноцветный A4 Kyocera FS-C5400DN, 35стр/мин, USB 2.0, Ethernet",Kyocera,FS-C5400DN,400000029776,"400000024174,400000024602,400000024601"
400000029807,"Принтер-МФУ лазерное полноцветное A4 Samsung CLX-3180,",Samsung,CLX-3180,400000030592,
400000028943,"Принтер лазерный одноцветный A4 Brother HL-1110, 20стр/мин, USB 2.0",Brother,HL-1110,"400000028961,400000030198","400000030641,400000025926"
400000026379,"Принтер-МФУ лазерное одноцветное A3 Kyocera KM-2530, 25стр/мин, LPT",Kyocera,KM-2530,"400000026378,400000030490",
400000032366,"Принтер-МФУ лазерное одноцветное SRA3 Konica Minolta Bizhub PRO 1100, 100стр/мин,",Konica Minolta,Bizhub PRO 1100,"400000029625,400000032353","400000033730,400000030894,400000031867,400000033724,400000031615,400000032908"
400000028828,"Принтер-МФУ лазерное одноцветное A4 HP LaserJet Pro M132fn, 22стр/мин, USB 2.0, Ethernet",HP,LaserJet Pro M132fn,"400000030392,400000030273,400000026498,400000027258","400000030635,400000027144,400000025158,400000030344"
400000029794,"Принтер-МФУ лазерное полноцветное A3 Kyocera KM-C4035E, 35стр/мин, USB 2.0, Ethernet",Kyocera,KM-C4035E,400000029793,
400000027793,"Принтер лазерный полноцветный A4 Canon i-SENSYS LBP7680Cx, 20стр/мин, USB 2.0, Ethernet",Canon,i-SENSYS LBP7680Cx,"400000018143,400000032753,400000032752,400000018145,400000020487,400000032755,400000019312,400000030570,400000032754","400000015427,400000022933,400000030612"
400000028762,"Принтер-МФУ лазерное полноцветное A4 HP Laserjet Pro 400 Color MFP M475dw, 20стр/мин, USB 2.0, RJ-45, Wi-Fi",HP,Laserjet Pro 400 Color MFP M475dw,"400000018143,400000030587,400000018145,400000020487,400000019312","400000029033,400000016907,400000026157,400000022933,400000015427"
400000033259,"Принтер-МФУ лазерное полноцветное A3 Canon ImagePress Lite C270, 80стр/мин, USB 2.0, Ethernet",Canon,ImagePress Lite C270,"400000033047,400000033048,400000033045,400000033046","400000033193,400000033194,400000033195"
400000026573,"Принтер лазерный одноцветный A4 HP LaserJet 4200, 35стр/мин, LPT, Ethernet",HP,LaserJet 4200,"400000027042,400000030378","400000015038,200000001820"
400000028033,"Принтер лазерный одноцветный A4 Lexmark Optra E210, 12стр/мин, LPT, USB 2.0",Lexmark,Optra E210,"400000027327,400000030428",
400000026978,"Принтер-МФУ лазерное одноцветное A3 Xerox WorkCentre 5016, 16стр/мин, USB 2.0",Xerox,WorkCentre 5016,"400000030496,400000022463,400000019958",
400000028351,"Принтер лазерный одноцветный A4 HP LaserJet 3100, 6стр/мин, LPT",HP,LaserJet 3100,"400000028349,400000030371,400000020142","400000033097,400000002831,400000011759,400000020431"
400000026938,"Принтер лазерный одноцветный A4 Ricoh 212W, 22стр/мин, USB 2.0, Wi-Fi",Ricoh,212W,400000026941,
400000029994,"Принтер лазерный одноцветный A4 Xerox Phaser 3450D, 24стр/мин, LPT, USB 2.0",Xerox,Phaser 3450D,200000001638,
400000027279,"Принтер лазерный одноцветный A4 Brother HL-2240R, 24стр/мин, USB 2.0",Brother,HL-2240R,"400000030278,400000030505,400000019642,400000030508,400000030507,400000019681,400000017385,400000029061",400000027142
400000032454,"Принтер-МФУ лазерное полноцветное SRA3 Konica Minolta Bizhub C450i, 45стр/мин, USB 2.0, Ethernet, Wi-Fi",Konica Minolta,Bizhub C450i,"400000031862,400000029630,400000031860,400000032153,400000031863,400000032152,400000031861","400000032111,400000030898,400000031922,400000030894,400000032570,400000031427,400000032554,400000030897,400000031104,400000032571,400000021871"
400000033527,Принтер-МФУ лазерное полноцветное A4 Konica Minolta bizhub C4051i,,,,
400000033391,"Принтер-МФУ лазерное одноцветное A3 Konica Minolta 7025, 25стр/мин, USB 1.1, Ethernet",Konica Minolta,7025,,400000031820
400000027201,"Принтер-МФУ лазерное полноцветное A4 Oki MC562dn, 30стр/мин, USB 2.0, Ethernet",Oki,MC562dn,"400000027174,400000030590,400000027172,400000027176,400000027175",
400000029759,"Принтер-МФУ лазерное одноцветное A4 Xerox WorkCentre 3345, 33стр/мин, USB 2.0, RJ-45, Wi-Fi",Xerox,WorkCentre 3345,"400000029760,400000030480,400000029761",
400000033496,"Принтер-МФУ лазерное одноцветное SRA3 Konica Minolta bizhub 651i, 65стр/мин, USB 2.0, Ethernet",Konica Minolta,bizhub 651i,,
400000029740,"Принтер-МФУ лазерное одноцветное A4 Samsung SL-M3875FD, 38стр/мин, USB 2.0, Ethernet",Samsung,SL-M3875FD,400000029744,
400000028832,"Принтер-МФУ лазерное одноцветное A4 HP LaserJet Ultra MFP M134fn, 22стр/мин, USB 2.0, Ethernet",HP,LaserJet Ultra MFP M134fn,"400000030404,400000028819","400000030635,400000025158"
400000033543,Принтер лазерный полноцветный A4 Konica Minolta bizhub 40p,,,,
400000028903,"Принтер лазерный одноцветный A4 Brother HL-1430, 14стр/мин, LPT, USB 2.0",Brother,HL-1430,"400000028905,400000029972",400000023607
400000026605,"Принтер-МФУ лазерное одноцветное A4 HP LaserJet Pro M1210, 18стр/мин, USB 2.0, Ethernet",Не указано,Не указано,"400000013848,400000030518,400000026129,400000026130,400000015579","400000009850,400000030632,400000030312,400000012999,400000022453,400000017602"
400000033163,"Принтер лазерный полноцветный A3 Xerox Color 800 Press, 80стр/мин,",Xerox,Color 800 Press,"400000031099,400000031102,400000031100,400000031101,400000032112,400000032114,400000032113,400000032115","400000033719,400000033359,400000033244,400000033361,400000033651,400000033360,400000033338"
400000028913,МФУ лазерное Brother IntelliFax 5750,Brother,IntelliFax 5750,"400000028905,400000029972",400000023607
400000026393,"Принтер лазерный одноцветный A4 Canon LBP810, 8стр/мин, LPT, USB 2.0",Canon,LBP810,"200000000410,400000005340,400000018339,200000001172,400000006296","400000022450,400000033097,400000002831,400000011759"
400000033403,"Принтер-МФУ лазерное одноцветное A4 Konica Minolta bizhub 160, 16стр/мин, LPT, USB 2.0",Konica Minolta,bizhub 160,,
400000031313,"Принтер-МФУ лазерное одноцветное A4 Panasonic KX MB1500, 18стр/мин, USB",Panasonic,KX MB1500,400000024842,
400000033430,"Принтер-МФУ лазерное одноцветное A3 Konica Minolta bizhub 235, 23стр/мин, USB 2.0, Ethernet",Konica Minolta,bizhub 235,,400000030896
400000033276,"Принтер-МФУ лазерное полноцветное A3 Canon imageRUNNER ADVANCE C7580, 80стр/мин, USB 2.0, Ethernet",Canon,imageRUNNER ADVANCE C7580,,"400000033194,400000033195"
400000026809,"Принтер лазерный одноцветный A4 Samsung ML-2245, 22стр/мин, USB 2.0",Samsung,ML-2245,400000014573,400000021215
400000028510,"Принтер-МФУ лазерное одноцветное A4 Canon LaserBase MF3228, 20стр/мин, USB 2.0",Canon,LaserBase MF3228,"400000026727,400000012250,200000001808,400000030270","400000002831,400000021698,400000011757,400000033095,400000010374"
400000028799,"Принтер-МФУ лазерное одноцветное A4 Canon i-SENSYS MF211, 23стр/мин, USB 2.0",Canon,i-SENSYS MF211,"400000030324,400000028813","400000030017,400000030314,400000009850,400000017602"
400000026980,"Принтер-МФУ лазерное одноцветное A3 Xerox WorkCentre 5019, 18стр/мин, USB 2.0",Xerox,WorkCentre 5019,"400000013521,400000020132",400000022278
400000033431,"Принтер-МФУ лазерное одноцветное A3 Konica Minolta bizhub 222, 22стр/мин, USB 2.0, Ethernet",Konica Minolta,bizhub 222,,400000030896
400000028676,"Принтер лазерный полноцветный A4 HP Color LaserJet 3600, 17стр/мин, USB 2.0",HP,Color LaserJet 3600,"400000028671,400000028679,400000028677,400000030577,400000028678","400000022933,400000002802"
400000028918,"Принтер-МФУ лазерное одноцветное A4 Brother FAX-8360,",Brother,FAX-8360,"400000028905,400000029972",400000023607
400000032675,"Принтер-МФУ лазерное полноцветное A3 Xerox AltaLink C8070, 70стр/мин, Ethernet, AirPrint",Xerox,AltaLink C8070,"400000032555,400000031936,400000031937,400000031939,400000031938,400000032575","400000031852,400000033245,400000032574,400000032567,400000033246,400000031850,400000033704,400000032562,400000033247,400000031851,400000031853"
400000029552,"Принтер лазерный полноцветный A4 Kyocera Ecosys P6021cdn, 21стр/мин, USB 2.0, Ethernet",Kyocera,Ecosys P6021cdn,400000029778,400000021766
400000027122,"Принтер-МФУ лазерное одноцветное A4 Canon i-SENSYS MF6180dw, 33стр/мин, USB 2.0, RJ-45, Wi-Fi",Canon,i-SENSYS MF6180dw,"400000023293,400000026131,400000015223,400000030354,400000030202","400000021214,400000002831,400000030165,400000013502,400000015958"
400000026761,"Принтер-МФУ лазерное одноцветное A4 Samsung SCX-4200, 18стр/мин, USB 2.0",Samsung,SCX-4200,"400000003401,400000013239","200000001644,400000013576,400000027146,400000022273"
400000026415,"Принтер-МФУ лазерное одноцветное A4 Canon PC-d340, 14стр/мин, USB",Canon,PC-d340,"400000030509,400000026405",400000015958
400000033458,Принтер лазерный одноцветный A4 Konica Minolta F+ imaging P40dn,,,,
400000027767,"Принтер лазерный полноцветный A4 HP Color LaserJet 2600, 8стр/мин, USB 2.0, Ethernet",HP,Color LaserJet 2600,"400000030574,400000027163,400000027165,400000027164,400000027162","400000024216,400000020609,400000022933"
400000026660,"Принтер лазерный одноцветный A4 Samsung ML-1710, 16стр/мин, USB 2.0",Samsung,ML-1710,"400000030435,400000026132,400000012655","200000001644,400000027146,400000022273"
400000029488,"Принтер-МФУ лазерное полноцветное SRA3 Konica Minolta bizhub C554, 55стр/мин, USB 2.0, Ethernet",Konica Minolta,bizhub C554,"400000029492,400000029494,400000029495,400000029493","400000030728,400000030898,400000030907,400000032570,400000031611,400000031918,400000030906,400000030895,400000030662,400000031615,400000030888,400000030894,400000031222,400000030946,400000030896,400000024540,400000030664,400000030886,400000030945,400000032571,400000016173,400000021871,400000031427,400000031919,400000030887,400000031920,400000030661,400000032569,400000032568"
400000026269,"Принтер-МФУ лазерное одноцветное A4 Kyocera Ecosys M3560idn, 50стр/мин, USB 2.0, Ethernet, SD",Kyocera,Ecosys M3560idn,"400000030419,400000026266","400000017716,400000030651,400000030652,400000030648,400000030650,400000030649,400000024601,400000033383,400000030647,400000024174"
400000033394,"Принтер-МФУ лазерное одноцветное A3 Konica Minolta 7130, 30стр/мин, USB 1.1, Ethernet",Konica Minolta,7130,,400000031820
400000032418,"Принтер-МФУ лазерное одноцветное A3 Konica Minolta Bizhub Press 1052, 105стр/мин, Ethernet",Konica Minolta,Bizhub Press 1052,400000024192,"400000032173,400000031867,400000031868"
400000026262,"Принтер-МФУ лазерное одноцветное A4 Kyocera Ecosys M3040dn, 40стр/мин, USB 2.0, Ethernet",Kyocera,Ecosys M3040dn,"400000021985,400000013493,400000021984","400000030648,400000024153,400000033101,400000030881,400000030650,400000030649,400000024601,400000033383,400000030647,400000024174"
400000028172,"Принтер-МФУ лазерное одноцветное A4 Canon i-SENSYS MF428x, 38стр/мин, USB 2.0, RJ-45, Wi-Fi",Canon,i-SENSYS MF428x,"400000030326,400000025991",400000033101
400000028982,"Копир лазерный одноцветный A4 Canon FC 336, 6стр/мин,",Canon,FC 336,"400000029970,400000030159,400000027203,400000027202",400000023565
400000028881,"Принтер лазерный одноцветный A4 HP LaserJet P1505n, 23стр/мин, USB 2.0, Ethernet",HP,LaserJet P1505n,"400000015579,400000003115,400000026129,400000030274","400000009850,400000030632,400000030017,400000030312,400000030314,400000014883,400000030165,400000030021,400000012999,400000022453,400000017602"
400000027765,"Принтер-МФУ лазерное полноцветное A4 HP Color LaserJet CM1015, 8стр/мин, USB 2.0",HP,Color LaserJet CM1015,"400000030574,400000027163,400000027165,400000027164,400000027162","400000024216,400000020609,400000022933"
400000028767,"Принтер-МФУ лазерное полноцветное A4 HP LaserJet Enterprise 500 Color MFP M575dw, 30стр/мин, USB 2.0, RJ-45, Wi-Fi",HP,LaserJet Enterprise 500 Color MFP M575dw,"400000028662,400000028660,400000028661,400000028659,400000030585","400000029033,400000026157,400000022933,400000016907"
400000028733,"Принтер-МФУ лазерное полноцветное A4 Canon i-SENSYS MF8540Cdn, 20стр/мин, USB 2.0, Ethernet",Canon,i-SENSYS MF8540Cdn,"400000018143,400000032753,400000032752,400000018145,400000020487,400000032755,400000030570,400000032754,400000018144","400000015427,400000022933,400000030612"
400000028729,"Принтер-МФУ лазерное полноцветное A4 Canon i-SENSYS MF8550Cdn, 20стр/мин, USB 2.0, Ethernet",Canon,i-SENSYS MF8550Cdn,"400000018143,400000032753,400000032752,400000018145,400000020487,400000032755,400000030570,400000032754,400000018144","400000015427,400000022933,400000030612"
400000033331,"Принтер лазерный одноцветный SRA3 Konica Minolta AccurioPress 6272P, 156стр/мин,",Konica Minolta,AccurioPress 6272P,400000031360,"400000031824,400000031923,400000033724,400000033700,400000031615,400000032908"
400000028468,"Принтер лазерный одноцветный A4 Canon LBP465,",Canon,LBP465,"400000028349,400000030362,400000020142","400000033097,400000002831,400000011759"
400000028516,"Принтер-МФУ лазерное одноцветное A4 Canon i-SENSYS MF418x, 33стр/мин, USB 2.0, RJ-45, Wi-Fi",Canon,i-SENSYS MF418x,"400000023293,400000026131,400000015223,400000015221,400000030202","400000013502,400000002831,400000021214,400000015958"
400000027214,"Копир лазерный одноцветный A4 Canon PC 780, 12стр/мин,",Canon,PC 780,"400000029970,400000030159,400000027203,400000027202",400000023565
400000026678,"Принтер лазерный одноцветный A4 Samsung ML-1615, 16стр/мин, LPT, USB 1.1",Samsung,ML-1615,"400000026133,400000015225,200000003316,400000030438","400000025156,400000030640,400000011148,400000021215"
400000026965,"Принтер лазерный одноцветный A4 Xerox Phaser 3010, 20стр/мин, USB 2.0",Xerox,Phaser 3010,"400000030469,400000030468,400000015224,400000030470,400000030471","400000013846,400000030317"
400000033284,"Принтер-МФУ лазерное полноцветное A3 Canon imageRUNNER ADVANCE DX C7770i, 70стр/мин, USB 2.0, Ethernet",Canon,imageRUNNER ADVANCE DX C7770i,,"400000033194,400000033195"
400000027277,"Принтер-МФУ лазерное одноцветное A4 Brother MFC-7840WR, 22стр/мин, USB 2.0, RJ-45, Wi-Fi",Brother,MFC-7840WR,"400000030307,400000018695,400000017384",400000023678
400000026212,"Принтер лазерный одноцветный A4 Kyocera Ecosys P2135DN, 35стр/мин, USB 2.0, Ethernet",Kyocera,Ecosys P2135DN,"400000020131,400000030409","400000030644,400000030646,400000030643,400000030645,400000024601"
400000033436,"Принтер-МФУ лазерное одноцветное A3 Konica Minolta bizhub 420, 42стр/мин, USB 2.0, Ethernet",Konica Minolta,bizhub 420,,"400000030896,400000031820"
400000033285,"Принтер-МФУ лазерное полноцветное A3 Canon imageRUNNER ADVANCE DX C7780i, 80стр/мин, USB 2.0, Ethernet",Canon,imageRUNNER ADVANCE DX C7780i,,"400000033194,400000033195"
400000026922,"Принтер-МФУ лазерное одноцветное A4 Xerox WorkCentre 3335, 33стр/мин, USB 2.0, RJ-45, Wi-Fi",Xerox,WorkCentre 3335,"400000029760,400000030480,400000029761,400000026923",
400000026881,"Принтер лазерный одноцветный A4 Xerox Phaser 3260, 28стр/мин, USB 2.0, RJ-45, Wi-Fi",Xerox,Phaser 3260,"400000026880,400000029754",
400000033253,"Принтер-МФУ лазерное полноцветное A3 Canon ImagePress C265, 70стр/мин, USB 2.0, Ethernet",Canon,ImagePress C265,"400000033047,400000033048,400000033045,400000033046","400000033193,400000033194,400000033195"
400000028512,"Принтер-МФУ лазерное одноцветное A4 Canon i-SENSYS MF416dw, 33стр/мин, USB 2.0, RJ-45, Wi-Fi",Canon,i-SENSYS MF416dw,"400000023293,400000026131,400000015223,400000030354,400000015221","400000013502,400000002831,400000021214,400000015958"
400000033406,"Принтер-МФУ лазерное одноцветное A4 Konica Minolta bizhub 161f, 16стр/мин, LPT, USB 2.0",Konica Minolta,bizhub 161f,,
400000028904,"Принтер лазерный одноцветный A4 Brother HL-1435, 15стр/мин, USB 2.0, Ethernet",Brother,HL-1435,"400000028905,400000029972,400000030499,400000030498",400000023607
400000028909,"Принтер-МФУ лазерное одноцветное A4 Brother HL-P2500, 10стр/мин, LPT, USB 2.0",Brother,HL-P2500,"400000028905,400000029972",400000023607
400000026722,"Принтер-МФУ лазерное одноцветное A4 Samsung SCX-4655FN, 24стр/мин, USB 2.0, Ethernet",Samsung,SCX-4655FN,"400000026723,400000030528","400000025156,400000021215"
400000029528,"Принтер лазерный полноцветный A3 Xerox Phaser 7800, 45стр/мин, USB 2.0, Ethernet",Xerox,Phaser 7800,"400000029531,400000030565,400000029532,400000029529,400000029530","400000033245,400000033246,400000033704,400000022459,400000022461,400000022460,400000022458"
400000026896,"Принтер-МФУ лазерное одноцветное A4 Samsung SCX-5835FN, 33стр/мин, USB 2.0, Ethernet",Samsung,SCX-5835FN,"400000019459,400000030530",400000021215
400000028994,"Принтер лазерный одноцветный A4 Canon PC 745,",Canon,PC 745,"400000029970,400000027203,400000027202",400000023565
400000032405,"Принтер-МФУ лазерное полноцветное A3 Xerox Digital Color Press DC700i, 70стр/мин, Ethernet",Xerox,Digital Color Press DC700i,"400000031599,400000031924,400000032967,400000030960,400000031926,400000030957,400000032968,400000032970,400000031927,400000031598,400000030958,400000030959,400000032969,400000031600,400000031597,400000031925","400000031837,400000033580,400000032581,400000031840,400000031844,400000032104,400000031836,400000032108,400000031838,400000031841,400000031842,400000032149,400000031843,400000033579,400000033573,400000032577,400000031839,400000033575,400000032516,400000032576,400000032150,400000032107,400000032121,400000033578,400000032629,400000032151,400000033581"
400000032460,"Принтер-МФУ лазерное одноцветное A3 Konica Minolta Bizhub PRO 950, 95стр/мин, Ethernet",Konica Minolta,Bizhub PRO 950,,"400000031824,400000031932,400000032908"
400000032678,"Принтер-МФУ лазерное одноцветное SRA3 Canon VarioPrint VP110, 113стр/мин, Ethernet",Canon,VarioPrint VP110,,"400000032686,400000032688,400000032687"
400000028811,"Принтер-МФУ лазерное одноцветное A4 Canon i-SENSYS MF249dw, 27стр/мин, USB 2.0, RJ-45, Wi-Fi",Canon,i-SENSYS MF249dw,"400000030324,400000028813","400000030017,400000030314,400000009850,400000017602"
400000026540,"Принтер лазерный одноцветный A4 HP LaserJet 2410, 24стр/мин, LPT, USB 2.0",HP,LaserJet 2410,"400000030369,400000020348,400000030370,400000021556",400000015038
400000033669,"Принтер-МФУ лазерное полноцветное A3 Konica Minolta Bizhub C266, 26стр/мин, USB 2.0, Ethernet",Konica Minolta,Bizhub C266,,400000030950
400000028759,"Принтер лазерный полноцветный A4 HP Color LaserJet CP2025n, 20стр/мин, USB 2.0, Ethernet",HP,Color LaserJet CP2025n,"400000030580,400000018143,400000018145,400000020487,400000019312","400000026157,400000029033,400000015427,400000022933"
400000030996,"Принтер-МФУ лазерное полноцветное A3 Xerox Digital Color Press DC700, 70стр/мин, Ethernet",Xerox,Digital Color Press DC700,"400000031361,400000030959,400000032969,400000030958,400000031110,400000030960,400000031600,400000030957,400000031363,400000031362,400000031924,400000032967,400000032968,400000032970,400000031598,400000031597,400000031599,400000031926,400000031927,400000031925","400000031837,400000033580,400000032581,400000031840,400000031844,400000032104,400000031836,400000032108,400000031838,400000031841,400000031842,400000032149,400000031843,400000033579,400000033573,400000032577,400000031839,400000033575,400000032516,400000032576,400000032150,400000032107,400000032121,400000033578,400000032629,400000032151,400000033581"
400000033330,"Принтер-МФУ лазерное одноцветное A3 Konica Minolta Bizhub 227, 22стр/мин, USB 2.0, Ethernet",Konica Minolta,Bizhub 227,,"400000030898,400000030894,400000031427,400000030896,400000030897"
400000026339,"Принтер-МФУ лазерное одноцветное A3 Kyocera TASKAlfa 2201, 22стр/мин, USB 2.0",Kyocera,TASKAlfa 2201,"400000026336,400000030492",400000024601
400000030992,"Принтер-МФУ лазерное одноцветное A3 Xerox D125, 125стр/мин, Ethernet",Xerox,D125,"400000031596,400000030965","400000033196,400000031460,400000033575,400000033573"
400000026576,"Принтер лазерный одноцветный A4 HP LaserJet 4350, 52стр/мин, LPT, USB 2.0",HP,LaserJet 4350,200000003714,"400000015038,200000001820"
400000033208,"Принтер-МФУ лазерное полноцветное A3 Konica Minolta/Develop Develop Ineo + 6501, 65стр/мин, Ethernet",Konica Minolta/Develop,Develop Ineo + 6501,,"400000033188,400000033189,400000033192,400000030670,400000030672,400000032838,400000033185,400000030671,400000030673"
400000033418,"Принтер-МФУ лазерное одноцветное A3 Konica Minolta bizhub 250, 25стр/мин, USB 2.0, Ethernet",Konica Minolta,bizhub 250,,400000030896
400000028981,"Копир лазерный одноцветный A4 Canon FC 228, 4стр/мин,",Canon,FC 228,"400000029970,400000030159,400000027203,400000027202",400000023565
400000026546,"Принтер лазерный одноцветный A4 Canon LBP3460, 33стр/мин, USB 2.0, Ethernet",Canon,LBP3460,"400000030359,400000030361,400000021556,400000030360,400000020348",
400000033278,"Принтер-МФУ лазерное полноцветное A3 Canon imageRUNNER ADVANCE C7580i, 80стр/мин, USB 2.0, Ethernet",Canon,imageRUNNER ADVANCE C7580i,,"400000033194,400000033195"
400000026394,"Принтер лазерный одноцветный A4 Canon LBP1120, 10стр/мин, USB",Не указано,Не указано,"200000000410,400000005340,400000018339,200000001172,400000006296","400000022450,400000033097,400000002831,400000011759"
400000028870,"Принтер лазерный одноцветный A4 Samsung Xpress SL-M2021, 20стр/мин, USB 2.0",Samsung,Xpress SL-M2021,"400000022914,400000026134,400000030465",400000016877
400000028977,"Копир лазерный одноцветный A4 Canon FC 208, 4стр/мин,",Canon,FC 208,"400000029970,400000030159,400000027203,400000027202",400000023565
400000026874,"Принтер-МФУ лазерное одноцветное A4 Samsung Xpress SL-M2880FW, 28стр/мин, USB 2.0, RJ-45, Wi-Fi",Samsung,Xpress SL-M2880FW,"400000030464,400000025992",400000030024
400000028025,"Принтер лазерный полноцветный A4 Xerox Phaser 6000, 12стр/мин, USB 2.0",Xerox,Phaser 6000,"400000030594,400000023860,400000023862,400000023861,400000023859","400000015020,400000016322,400000016325,400000015018,400000015019,400000016323,400000016324"
400000029508,"Принтер лазерный одноцветный A4 Xerox Phaser 4510, 43стр/мин, LPT, USB 2.0",Xerox,Phaser 4510,400000030486,400000020383
400000027799,"Принтер-МФУ лазерное полноцветное A4 Canon i-SENSYS MF8350Cdn, 21стр/мин, USB 2.0, Ethernet",Canon,i-SENSYS MF8350Cdn,"400000018143,400000032753,400000032752,400000018145,400000020487,400000032755,400000019312,400000030570,400000032754","400000022933,400000030612"
400000033530,Принтер-МФУ лазерное полноцветное SRA3 Konica Minolta bizhub C651i,,,,
400000033457,"Принтер-МФУ лазерное полноцветное SRA3 Konica Minolta Bizhub C301i, 30стр/мин, USB 2.0, Ethernet",Konica Minolta,Bizhub C301i,,
400000026399,"Принтер-МФУ лазерное одноцветное A4 HP LaserJet 3300, 14стр/мин, LPT, USB 1.1",HP,LaserJet 3300,"400000014970,400000030364,200000000393,400000012992","400000021214,400000011851,400000002831,400000010374,400000015958,400000025157,400000011757"
400000026744,"Принтер лазерный одноцветный A4 Samsung ML-1641, 16стр/мин, USB 2.0",Samsung,ML-1641,"400000014790,400000030440,400000030441","400000025156,400000030640,400000021215"
400000028658,"Принтер лазерный полноцветный A4 HP LaserJet Enterprise 500 Color M551dn, 32стр/мин, USB 2.0, Ethernet",HP,LaserJet Enterprise 500 Color M551dn,"400000028662,400000028660,400000028661,400000028659,400000030585","400000029033,400000016907,400000016908,400000026157,400000022933"
400000033768,"Принтер лазерный полноцветный SRA3 Ricoh Pro C7210X, 85стр/мин, USB 2.0, Ethernet",Ricoh,Pro C7210X,"400000033709,400000033710,400000033711,400000033712",400000033714
400000030110,"Принтер лазерный одноцветный A4 Brother HL-1223WR, 20стр/мин, USB 2.0, Wi-Fi",Brother,HL-1223WR,400000030106,
400000008196,"Принтер лазерный одноцветный A4 Kyocera FS-3920DN, 40стр/мин, LPT, USB 2.0, Ethernet",Kyocera,FS-3920DN,"400000026253,400000030416","400000024174,400000024601"
400000026197,"Принтер-МФУ лазерное одноцветное A4 Kyocera FS-1116MFP, 16стр/мин, USB 2.0",Kyocera,FS-1116MFP,"400000022931,400000004750,400000030420",400000030644
400000027061,"Принтер лазерный одноцветный A4 Canon i-SENSYS LBP6200d, 25стр/мин, USB 2.0",Canon,i-SENSYS LBP6200d,"400000014786,400000014981,400000026499,400000026129,400000030352,400000015579,400000030353","400000030022,400000009850,400000030017,400000030314,400000030165,400000030021,400000012999,400000017602"
400000026276,"Принтер лазерный одноцветный A4 Kyocera Ecosys P3060DN, 60стр/мин, USB 2.0",Kyocera,Ecosys P3060DN,"400000024269,400000030411,400000030412,400000024360,400000024088","400000030652,400000030648,400000030649,400000024602,400000024601,400000033383,400000030647,400000024174"
400000026564,"Принтер лазерный одноцветный A3 HP  LaserJet 5200, 35стр/мин, LPT, USB 2.0",HP,LaserJet 5200,"400000030210,400000026563",
400000026876,"Принтер лазерный одноцветный A4 Samsung ML-2955, 28стр/мин, USB 2.0, Ethernet",Samsung,ML-2955,"400000030453,400000013496,400000030452",400000021245
400000027216,"Копир лазерный одноцветный A4 Canon PC 880, 12стр/мин,",Canon,PC 880,"400000029970,400000030159,400000027203,400000027202",400000023565
400000032429,"Принтер-МФУ лазерное полноцветное A3 Konica Minolta Bizhub C257i, 25стр/мин, USB 2.0, Ethernet",Konica Minolta,Bizhub C257i,,"400000030896,400000031222,400000030898,400000030950"
400000029737,"Принтер-МФУ лазерное одноцветное A4 Samsung SL-M3375FD, 33стр/мин, USB 2.0, Ethernet",Samsung,SL-M3375FD,400000029744,
400000033488,"Принтер-МФУ лазерное одноцветное A3 Konica Minolta Bizhub 421, 42стр/мин, USB 2.0, Ethernet",Konica Minolta,Bizhub 421,,"400000030896,400000031820"
400000028171,"Принтер-МФУ лазерное одноцветное A4 Canon i-SENSYS MF429x, 38стр/мин, USB 2.0, RJ-45, Wi-Fi",Canon,i-SENSYS MF429x,"400000030326,400000025991",400000033101
400000026893,"Принтер лазерный одноцветный A4 Xerox Phaser 3435DN, 33стр/мин, LPT, USB 2.0, Ethernet",Xerox,Phaser 3435DN,"400000026894,400000030483",400000021215
400000026836,"Принтер лазерный одноцветный A4 Samsung ML-2525, 24стр/мин, USB 2.0",Samsung,ML-2525,"400000030444,400000030445,400000015226","400000030638,400000027147,400000021245"
400000026946,"Принтер лазерный одноцветный A4 Xerox Phaser 3600, 38стр/мин, LPT, USB 2.0, Ethernet",Xerox,Phaser 3600,"400000030485,400000026927",
400000029810,"Принтер-МФУ лазерное полноцветное A3 Kyocera TASKalfa 552ci, 25стр/мин, USB 2.0, Ethernet",Kyocera,TASKalfa 552ci,400000030601,
400000033812,"Принтер-МФУ лазерное полноцветное SRA3 Xerox AltaLink C8170, 70стр/мин, USB 2.0, Ethernet, NFC",Xerox,AltaLink C8170,"400000032444,400000032446,400000032443,400000032445","400000032447,400000032449,400000033704,400000032448,400000032450"
400000028787,"Принтер-МФУ лазерное одноцветное A4 HP LaserJet Pro MFP M225dn, 25стр/мин, USB 2.0, Ethernet",HP,LaserJet Pro MFP M225dn,"400000020133,400000030394,400000021216,400000030363,400000030395,400000019120","400000030017,400000009850,400000030165,400000017602"
400000032453,"Принтер лазерный полноцветный A3 Konica Minolta Bizhub Pro C65hc, 65стр/мин, USB 2.0, Ethernet",Konica Minolta,Bizhub Pro C65hc,,"400000033188,400000033346,400000031803,400000033187,400000033725,400000031431,400000033185,400000030671,400000031871,400000030673,400000030670,400000031931,400000033701,400000033189,400000030672,400000031934,400000033729,400000033191,400000031115,400000031823,400000033700,400000033720,400000033186,400000033730,400000033192,400000032838,400000031819,400000033724"
400000033745,"Принтер лазерный одноцветный A4 Pantum P3010DW, 30стр/мин, USB 2.0, Wi-Fi",Pantum,P3010DW,400000033642,400000032005
400000026211,"Принтер лазерный одноцветный A4 Kyocera FS-1370DN, 35стр/мин, USB 2.0, Ethernet",Kyocera,FS-1370DN,"400000020131,400000030409","400000030644,400000024601"
400000033615,"Принтер лазерный одноцветное A4 Pantum P3308DW, 33стр/мин, USB 2.0, Wi-Fi",Pantum,P3308DW,400000033513,
400000027244,"Принтер лазерный одноцветный A4 Oki B2400, 20стр/мин, LPT, USB 2.0",Oki,B2400,"400000030429,400000016140",400000022275
400000028837,"Принтер-МФУ лазерное одноцветное A4 HP LaserJet Pro MFP M227fdw, 28стр/мин, USB 2.0, RJ-45, Wi-Fi",HP,LaserJet Pro MFP M227fdw,"400000028823,400000030396,400000030397,400000024342,400000030062","400000030635,400000025158"
400000026191,"Принтер лазерный одноцветный A3 Kyocera FS-9130, 40стр/мин, LPT, USB 2.0, Ethernet",Kyocera,FS-9130,400000005606,
400000033329,Принтер лазерный полноцветный A3+ Konica Minolta bizhub C450P,,,,400000030896
400000028545,"Принтер-МФУ лазерное одноцветное A4 Canon i-SENSYS MF4320d, 22стр/мин, USB 2.0",Canon,i-SENSYS MF4320d,"400000013234,400000030513,400000013499,400000012388","400000015958,400000002831,400000016407"
400000029742,"Принтер лазерный одноцветный A4 Samsung SL-M4025ND, 40стр/мин, USB 2.0, Ethernet",Samsung,SL-M4025ND,400000029744,
400000028888,"Принтер-МФУ лазерное одноцветное A4 HP LaserJet Pro M1130 MFP,",HP,LaserJet Pro M1130 MFP,"400000013848,400000030518,400000026129,400000026130,400000023401,400000015579","400000009850,400000017602,400000012999"
400000033459,"Принтер-МФУ лазерное полноцветное A3 Konica Minolta bizhub C350, 35стр/мин, USB 2.0, Ethernet",,,,
400000033469,"Принтер лазерный одноцветный A4 Konica Minolta bizhub 3300p, 33стр/мин, USB 2.0, Ethernet",Konica Minolta,bizhub 3300p,,
400000027294,"Принтер-МФУ лазерное одноцветное A4 Brother MFC-7860DW, 26стр/мин, USB 2.0, RJ-45, Wi-Fi",Brother,MFC-7860DW,"400000030505,400000019642,400000030508,400000030507,400000019681,400000017385,400000029061",400000027142
400000026465,"Принтер лазерный одноцветный A4 HP LaserJet 1020, 14стр/мин, USB 2.0",HP,LaserJet 1020,"400000011518,400000005168,400000013499,400000013234,400000011519,400000012388,200000000402","400000009229,400000002831,400000021723,400000009931,400000021698,400000015958,400000021558,400000033096,400000016407"
400000029741,"Принтер-МФУ лазерное одноцветное A4 Samsung SL-M3875FW, 38стр/мин, USB 2.0, RJ-45, Wi-Fi",Samsung,SL-M3875FW,400000029744,
400000026245,"Принтер лазерный одноцветный A4 Kyocera FS-3900dn, 35стр/мин, LPT, USB 2.0, Ethernet",Kyocera,FS-3900dn,"400000026246,400000026248,400000030414","400000024174,400000024601"
400000033439,"Принтер-МФУ лазерное одноцветное A4 Konica Minolta bizhub 5020i, 50стр/мин, USB 2.0, Ethernet, Wi-Fi",Konica Minolta,bizhub 5020i,,
400000033434,"Принтер-МФУ лазерное одноцветное A4 Konica Minolta bizhub 4752, 47стр/мин, USB 2.0, Ethernet",Konica Minolta,bizhub 4752,,
400000026554,"Принтер-МФУ лазерное одноцветное A4 Canon i-SENSYS MF5940dn, 33стр/мин, USB 2.0, Ethernet",Canon,i-SENSYS MF5940dn,"400000015221,400000015223,400000030202,400000026131","400000021214,400000002831,400000030165,400000030636,400000013502,400000015958"
400000033254,"Принтер-МФУ лазерное полноцветное A3 Canon ImagePress C270, 80стр/мин, USB 2.0, Ethernet",Canon,ImagePress C270,"400000033047,400000033048,400000033045,400000033046","400000033193,400000033194,400000033195"
400000032388,"Принтер-МФУ лазерное одноцветное SRA3 Konica Minolta Bizhub 308e, 30стр/мин, USB 2.0, Ethernet",Konica Minolta,Bizhub 308e,,"400000030898,400000032570,400000031613,400000030896,400000032568,400000033724,400000032571,400000031615,400000021871"
400000026201,"Принтер-МФУ лазерное одноцветное A4 Kyocera FS-1128MFP, 28стр/мин, USB 2.0, Ethernet",Kyocera,FS-1128MFP,"400000030413,400000018135","400000030644,400000030643,400000024601"
400000026631,"Принтер-МФУ лазерное одноцветное A4 HP LaserJet Pro MFP M127fn, 21стр/мин, USB 2.0, Ethernet",HP,LaserJet Pro MFP M127fn,"400000020133,400000030394,400000021216,400000030363,400000030395,400000019120","400000030017,400000009850,400000030165,400000017602"
400000028094,"Принтер-МФУ лазерное одноцветное A4 Brother MFC-7420R, 20стр/мин, LPT, USB 2.0",Brother,MFC-7420R,"400000024237,400000030303","400000023678,400000030642"
400000033750,"Принтер лазерный одноцветный A4 Pantum P3302DW, 33стр/мин, USB 2.0, Wi-Fi",Pantum,P3302DW,400000033642,400000032005
400000026568,"Принтер лазерный одноцветный A4 HP LaserJet P3015, 40стр/мин, USB 2.0",HP,LaserJet P3015,"400000030387,400000030388,400000014452,400000016954","400000030314,400000027143,400000030165,400000022452"
400000028849,"Принтер-МФУ лазерное одноцветное A4 Lexmark X215 MFP, 16стр/мин,",Lexmark,X215 MFP,"400000030523,400000028876",400000022273
400000032373,"Принтер-МФУ лазерное полноцветное SRA3 Konica Minolta AccurioPress C2070, 70стр/мин, USB 2.0, Ethernet",Konica Minolta,AccurioPress C2070,"400000032292,400000032291,400000031353,400000032294,400000031352,400000032293,400000031354,400000031351","400000033240,400000033346,400000030973,400000033728,400000033699,400000033631,400000031469,400000033638,400000031516,400000031346,400000033180,400000031422,400000033632,400000031420,400000032259,400000033731,400000033703,400000033725,400000031871,400000033722,400000031471,400000033182,400000031430,400000033639,400000033633,400000031518,400000032870,400000031931,400000033701,400000033636,400000033721,400000033184,400000033729,400000031929,400000031115,400000031470,400000033700,400000033720,400000033730,400000033183,400000031229,400000033713,400000031859,400000031802,400000031820,400000031515,400000033635,400000033181,400000032836,400000031819,400000033727,400000033724,400000031517,400000033723,400000031435"
400000026537,"Принтер-МФУ лазерное одноцветное A4 HP LaserJet M2727nf MFP, 26стр/мин, USB 2.0, Ethernet",HP,LaserJet M2727nf MFP,"400000003099,400000002772,400000018130,400000015428","400000021214,400000011851,400000015038,400000002831,400000021698,400000011758,400000015958,400000025157,200000003556"
400000030998,"Принтер-МФУ лазерное полноцветное A3 Xerox Сolour C75 Press, 75стр/мин, USB 2.0, Ethernet",Xerox,Сolour C75 Press,"400000031599,400000031924,400000032967,400000030960,400000031926,400000030957,400000032968,400000032970,400000031927,400000031598,400000030958,400000030959,400000032969,400000031600,400000031597,400000031925","400000031837,400000033580,400000032581,400000032622,400000031840,400000031844,400000032104,400000031836,400000032108,400000031838,400000031841,400000031842,400000032149,400000031843,400000033579,400000033573,400000032577,400000031839,400000033575,400000032516,400000032576,400000032107,400000032121,400000033578,400000032629,400000032151,400000033581"
400000033746,"Принтер лазерный одноцветный A4 Pantum  P3020D, 30стр/мин, USB 2.0, Wi-Fi",Pantum,P3020D,400000033642,400000032005
400000033687,"Принтер-МФУ лазерное полноцветное A3 Xerox WorkCentre 7825, 25стр/мин, USB 2.0, Ethernet",Xerox,WorkCentre 7825,,400000032567
400000031019,"Принтер-МФУ лазерное полноцветное SRA3 Konica Minolta bizhub C659, 65стр/мин, USB 2.0, Ethernet, AirPrint",Konica Minolta,bizhub C659,,"400000030887,400000030728,400000030894,400000030907,400000032570,400000030897,400000033724,400000030664,400000030886,400000031615"
400000032458,"Принтер-МФУ лазерное одноцветное SRA3 Konica Minolta AccurioPress 6120, 120стр/мин,",Konica Minolta,AccurioPress 6120,400000031360,"400000031932,400000030894,400000031824,400000031923,400000033724,400000033700,400000031615,400000032908"
400000029475,"Принтер лазерный полноцветный A3 Oki C9650, USB 2.0, Ethernet",Oki,C9650,400000030562,"400000021565,400000021568,400000018150,400000021566,400000021567"
400000032637,"Принтер-МФУ лазерное полноцветное A3 Xerox WorkCentre 7530, 30стр/мин, USB 2.0, Ethernet",Xerox,WorkCentre 7530,"400000032555,400000031936,400000031937,400000031939,400000031938,400000032575","400000031852,400000033245,400000032574,400000032567,400000033246,400000031850,400000032562,400000033247,400000031851,400000031853"
400000028891,"Принтер-МФУ лазерное одноцветное A4 HP LaserJet Pro MFP M225dw, 25стр/мин, USB 2.0, RJ-45, Wi-Fi",HP,LaserJet Pro MFP M225dw,"400000020133,400000030394,400000021216,400000030363,400000030395,400000019120","400000009850,400000030017,400000014883,400000030165,400000017602"
400000026258,"Принтер лазерный одноцветный A4 Kyocera FS-4020dn, 45стр/мин, LPT, USB 2.0, Ethernet",Kyocera,FS-4020dn,"400000026259,400000030417","400000024174,400000024601"
400000028802,"Принтер-МФУ лазерное одноцветное A4 Canon i-SENSYS MF217w, 23стр/мин, USB 2.0, RJ-45, Wi-Fi",Canon,i-SENSYS MF217w,"400000030324,400000028813","400000030017,400000030314,400000009850,400000017602"
400000029474,"Принтер лазерный полноцветный A3 Oki C9600, USB 2.0, Ethernet",Oki,C9600,400000030562,"400000021565,400000021568,400000018150,400000021566,400000021567"
400000033808,"Принтер-МФУ лазерное полноцветное SRA3 Xerox AltaLink C8130, 30стр/мин, USB 2.0, Ethernet, NFC",Xerox,AltaLink C8130,"400000032444,400000032446,400000032443,400000032445","400000032447,400000032449,400000033704,400000032448,400000032450"
400000026404,"Принтер-МФУ лазерное одноцветное A4 Canon PC-d320, 14стр/мин, USB",Canon,PC-d320,"400000030509,400000026405",400000015958
400000033271,"Принтер-МФУ лазерное полноцветное A3 Canon imageRUNNER ADVANCE C7280, 80стр/мин, USB 2.0, Ethernet",Canon,imageRUNNER ADVANCE C7280,,400000033194
400000026243,"Принтер-МФУ лазерное одноцветное A4 Kyocera Ecosys M2735dn, 35стр/мин, USB 2.0, Ethernet",Kyocera,Ecosys M2735dn,"400000030410,400000025325,400000026136","400000024174,400000024601"
400000028367,"Принтер-МФУ лазерное одноцветное A4 Canon i-SENSYS FAX-L120, 12стр/мин, USB 2.0",Canon,i-SENSYS FAX-L120,"400000011518,400000005168,400000030513,400000013499,400000013234,400000011519,400000012388","400000030633,400000009229,400000002831,400000015958,400000016407"
400000026875,"Принтер лазерный одноцветный A4 Samsung ML-2950, 28стр/мин, USB 2.0, Ethernet",Samsung,ML-2950,"400000030453,400000013496,400000030452","400000030019,400000024172,400000021245"
400000028829,"Принтер-МФУ лазерное одноцветное A4 HP LaserJet Pro M132fw, 22стр/мин, USB 2.0, RJ-45, Wi-Fi",HP,LaserJet Pro M132fw,"400000030392,400000030273,400000026498,400000027258","400000030635,400000027144,400000025158,400000030344"
400000029038,"Принтер-МФУ лазерное полноцветное A4 HP Color LaserJet Pro MFP M476dn, 21стр/мин, USB 2.0, Ethernet",HP,Color LaserJet Pro MFP M476dn,400000030603,"400000016908,400000029033,400000026157,400000016907"
400000026758,"Принтер-МФУ лазерное одноцветное A4 Samsung SCX-3200, 16стр/мин, USB 2.0",Samsung,SCX-3200,"400000023775,400000007100,400000012991","400000030637,400000033603,400000010377,400000027145"
400000028853,"Принтер-МФУ лазерное одноцветное A4 Xerox WorkCentre PE120, 20стр/мин, LPT, USB 2.0",Xerox,WorkCentre PE120,"400000023174,400000030544","400000014982,400000021215"
400000026967,"Принтер-МФУ лазерное одноцветное A4 Xerox WorkCentre 3045B, 24стр/мин, USB 2.0",Xerox,WorkCentre 3045B,"400000030469,400000030468,400000015224,400000030470,400000030471","400000013846,400000030317"
400000033152,"Принтер-МФУ лазерное полноцветное A3 Xerox WorkCentre WC7655, 55стр/мин, Ethernet",Xerox,WorkCentre WC7655,,"400000031838,400000032581,400000032121,400000032516,400000033573,400000032577,400000032104"
400000026375,"Принтер-МФУ лазерное одноцветное A3 Kyocera TASKalfa 3511i, 35стр/мин, USB 2.0, Ethernet",Kyocera,TASKalfa 3511i,"400000026373,400000030495",400000024601
400000028889,"Принтер-МФУ лазерное одноцветное A4 HP LaserJet Pro MFP M125r, 20стр/мин, USB 2.0",HP,LaserJet Pro MFP M125r,"400000020133,400000030394,400000021216,400000030363,400000019120","400000009850,400000030017,400000014883,400000030165,400000017602"
400000028952,"Принтер лазерный одноцветный A4 Brother HL-1118,",Brother,HL-1118,"400000028961,400000030198",400000025926
400000030999,"Принтер-МФУ лазерное полноцветное A3 Xerox WorkCentre 7228, 28стр/мин, Ethernet",Xerox,WorkCentre 7228,"400000031065,400000030922,400000030924,400000030978,400000030923",400000030925
400000032305,"Принтер-МФУ лазерное полноцветное A3 Xerox Versant 280 Press, 80стр/мин, Ethernet",Xerox,Versant 280 Press,"400000031874,400000031581,400000031668,400000030961,400000032840,400000030963,400000032842,400000030962,400000030964,400000031669,400000031582,400000031873,400000031875,400000032839,400000031876,400000032841","400000032564,400000032561,400000031671,400000032581,400000031846,400000033545,400000031952,400000032565,400000032578,400000032940,400000031985,400000031459,400000032868,400000032580,400000031954,400000032566,400000033573,400000031847,400000031987,400000031953,400000031986,400000033575,400000031955,400000031984,400000032516,400000032579,400000032517,400000031848,400000031584,400000032556,400000031672,400000031849,400000031583,400000032563"
400000025770,"Принтер лазерный одноцветный A4 Kyocera P3150DN, 50стр/мин, USB 2.0, Ethernet",Не указано,Не указано,"400000024269,400000024360,400000030411","400000030648,400000030649,400000024602,400000024601,400000033383,400000024174"
400000026620,"Принтер-МФУ лазерное одноцветное A4 Canon i-SENSYS MF3010, 18стр/мин, USB 2.0",Canon,i-SENSYS MF3010,"400000013848,400000030350,400000030274,400000026129,400000026130,400000015579","400000009850,400000030017,400000030314,400000014883,400000030165,400000030021,400000012999,400000030020,400000030632,400000017602"
400000026586,"Принтер-МФУ лазерное одноцветное A3 HP LaserJet M9050 mfp, 50стр/мин, USB 2.0, Ethernet",HP,LaserJet M9050 mfp,"400000026587,400000030211",
400000026961,"Принтер лазерный одноцветный A4 Xerox DocuPrint P8ex, 8стр/мин, LPT, USB 2.0",Xerox,DocuPrint P8ex,"400000030467,400000030466,400000026959,200000001668",400000007891
400000028460,"Принтер-МФУ лазерное одноцветное A4 Canon Fax-L300, 6стр/мин,",Canon,Fax-L300,"400000030201,400000028381",400000002831
400000032358,"Принтер-МФУ лазерное полноцветное SRA3 Konica Minolta bizhub C258, 24стр/мин, USB 2.0, Ethernet, AirPrint, NFC",Konica Minolta,bizhub C258,,"400000030898,400000032106,400000032570,400000031087,400000031615,400000030894,400000031222,400000030946,400000030896,400000030897,400000031673,400000032571,400000016173,400000021871,400000031520,400000032500,400000030947,400000032105,400000031612,400000032569,400000032568,400000033724"
400000026624,"Принтер-МФУ лазерное одноцветное A4 Canon i-SENSYS MF4430, 23стр/мин, USB 2.0",Canon,i-SENSYS MF4430,"400000014786,400000014981,400000026499,400000030514,400000026129,400000015579","400000009850,400000030022,400000030017,400000030314,400000014883,400000030165,400000033101,400000030021,400000012999,400000030632,400000017602"
400000028070,"Факс лазерный одноцветный A4 Brother FAX-2825R, 14стр/мин,",Brother,FAX-2825R,"400000024237,400000030303","400000023678,400000030642"
400000028959,"Принтер-МФУ лазерное одноцветное A4 Brother DCP-1610, 20стр/мин, USB 2.0, RJ-45, Wi-Fi",Brother,DCP-1610,"400000028961,400000030198",400000025926
400000030120,"Принтер лазерный одноцветный A4 Brother HL-5370DW, 30стр/мин, LPT, USB 2.0, Ethernet, Wi-Fi",Brother,HL-5370DW,"400000030319,400000030318,400000030117,400000030320,400000030322,400000030321",
400000033444,Принтер лазерный полноцветный A4 Konica Minolta MagiColor 3730DN,,,,400000030896
400000033407,"Принтер-МФУ лазерное одноцветное A3 Konica Minolta bizhub 162, 16стр/мин, USB 1.1, Ethernet",Konica Minolta,bizhub 162,,400000030896
400000026805,"Принтер лазерный одноцветный A4 Xerox Phaser 3020, 20стр/мин, USB 2.0, Wi-Fi",Xerox,Phaser 3020,"400000024055,400000030276,400000030472,400000030473,400000026728","400000024056,400000016877,400000030639"
400000032455,"Принтер-МФУ лазерное полноцветное SRA3 Konica Minolta Bizhub C250i, 25стр/мин, USB 2.0, Ethernet, Wi-Fi",Konica Minolta,Bizhub C250i,"400000031862,400000029630,400000031860,400000032153,400000031863,400000032152,400000031861","400000031117,400000030898,400000031116,400000032570,400000030897,400000031104,400000031433,400000032571,400000021871"
400000029727,"Принтер-МФУ лазерное одноцветное A4 Samsung SL-M2875FW, 28стр/мин, USB 2.0, RJ-45, Wi-Fi",Samsung,SL-M2875FW,400000029728,
400000027179,"Принтер лазерный полноцветный A4 Oki C510dn, 30стр/мин, USB 2.0, Ethernet",Oki,C510dn,"400000027174,400000030590,400000027172,400000027176,400000027175",
400000032680,"Принтер-МФУ лазерное полноцветное A3 Xerox DocuCentre SC2020, 20стр/мин, USB 2.0, Ethernet",Xerox,DocuCentre SC2020,"400000031113,400000031112,400000031111,400000031928,400000031114",
400000029516,"Принтер-МФУ лазерное полноцветное A4 Kyocera FS-C8600dn, 45стр/мин,",Kyocera,FS-C8600dn,"400000029520,400000029519,400000029521,400000029518,400000030605","400000024343,400000024345,400000024344,400000024346"
400000033810,"Принтер-МФУ лазерное полноцветное SRA3 Xerox AltaLink C8145, 45стр/мин, USB 2.0, Ethernet, NFC",Xerox,AltaLink C8145,"400000032444,400000032446,400000032443,400000032445","400000032447,400000032449,400000033704,400000032448,400000032450"
400000033204,"Принтер лазерный полноцветный SRA3 Konica Minolta AccurioPress C3070P, 70стр/мин, USB 2.0, Ethernet",Konica Minolta,AccurioPress C3070P,"400000032292,400000032291,400000031353,400000032294,400000031352,400000032293,400000031354,400000031351","400000033240,400000033631,400000031422,400000031420,400000033703,400000031871,400000033722,400000031471,400000033182,400000033639,400000031931,400000033701,400000033729,400000033184,400000031115,400000031470,400000033730,400000033183,400000033713,400000031802,400000033181,400000032836,400000031819,400000033724,400000033638,400000033723,400000031435"
400000028897,"Принтер лазерный одноцветный A4 Brother HL-1230, 12стр/мин, LPT",Brother,HL-1230,"400000028905,400000029972,400000030499,400000030498",400000023607
400000026706,"Принтер лазерный одноцветный A4 Samsung ML-1010, 12стр/мин, LPT, USB 1.1",Samsung,ML-1010,"400000014789,200000000415",400000016210
400000032403,"Принтер-МФУ лазерное полноцветное A3 Xerox Color 570, 75стр/мин,",Xerox,Color 570,"400000031438,400000031572,400000032347,400000031935,400000032976,400000032351,400000030953,400000031442,400000031439,400000031444,400000030955,400000031440,400000032977,400000032350,400000031571,400000032349,400000031441,400000032346,400000031437,400000031443,400000032345,400000031570,400000030956,400000032975,400000032348,400000032974,400000030954,400000031569,400000032352","400000031837,400000032581,400000031840,400000031575,400000031974,400000031971,400000031844,400000032104,400000031836,400000032108,400000031838,400000032003,400000032557,400000031841,400000032873,400000031854,400000031842,400000032149,400000031843,400000031942,400000031940,400000033704,400000031573,400000031972,400000033573,400000032577,400000031839,400000032002,400000031943,400000032516,400000031941,400000032874,400000031973,400000032576,400000032150,400000032107,400000032872,400000031576,400000032121,400000032875,400000031975,400000032151,400000031574,400000032109"
400000033761,"Принтер лазерный полноцветный SRA3 Ricoh Pro C9200, 135стр/мин, USB 2.0, Ethernet",Ricoh,Pro C9200,"400000033691,400000033690,400000033689,400000033692",400000033698
400000028971,"Копир лазерный одноцветный A4 Canon FC 120, 4стр/мин,",Canon,FC 120,"400000029970,400000030159,400000027203,400000027202",400000023565
400000026369,"Принтер-МФУ лазерное одноцветное A3 Kyocera KM-5050, 50стр/мин, USB 2.0, Ethernet",Kyocera,KM-5050,"400000016149,200000005717",400000025387
400000033659,"Принтер лазерный одноцветный A3 Xerox Versalink С7000,",Xerox,Versalink С7000,,400000033573
400000026403,"Принтер лазерный одноцветный A4 Canon LBP1210, 14стр/мин, LPT, USB 1.1",Не указано,Не указано,"400000012992,200000000724","400000021214,400000011851,400000002831,400000010374,400000033095,400000015958,400000025157,400000011757"
400000028834,"Принтер лазерный одноцветный A4 HP LaserJet Pro M206dn, 28стр/мин, USB 2.0, Ethernet",HP,LaserJet Pro M206dn,"400000028842,400000030204","400000030635,400000025158"
400000033128,"Принтер-МФУ лазерное полноцветное A3 Xerox WorkCentre 7830i, 30стр/мин, USB 2.0, Ethernet",Xerox,WorkCentre 7830i,"400000032555,400000031936,400000031937,400000031939,400000031938,400000032575","400000031852,400000033245,400000032574,400000031850,400000033247,400000031851,400000031853"
400000033417,"Принтер-МФУ лазерное одноцветное A3 Konica Minolta bizhub 200, 20стр/мин, USB 2.0, Ethernet",Konica Minolta,bizhub 200,,400000030896
400000026886,"Принтер лазерный одноцветный A4 Ricoh SP 201N, 22стр/мин, USB 2.0, Ethernet",Ricoh,SP 201N,"400000030433,400000026941",
400000026964,"Принтер-МФУ лазерное одноцветное A4 Xerox WorkCentre 390, 10стр/мин, LPT, USB 2.0",Xerox,WorkCentre 390,"400000026962,400000030541",400000007891
400000030719,"Принтер-МФУ лазерное полноцветное SRA3 Konica Minolta bizhub C654, 60стр/мин, USB 2.0, Ethernet",Konica Minolta,bizhub C654,"400000033051,400000032909,400000033179,400000033178,400000033177","400000030887,400000030728,400000033730,400000030894,400000031345,400000031222,400000030907,400000031609,400000033724,400000031364,400000030664,400000030886,400000031615"
400000026640,"Принтер лазерный одноцветный A4 HP LaserJet Pro M402dn, 38стр/мин, USB 2.0, Ethernet",HP,LaserJet Pro M402dn,"400000030400,400000025991,400000030399","400000029975,400000029976,400000024837,400000033101,400000030311,400000026019,400000021558,400000029977"
400000026505,"Принтер лазерный одноцветный A4 Canon i-SENSYS LBP3000, 14стр/мин, USB 2.0, Ethernet",Canon,i-SENSYS LBP3000,"400000000841,400000013499","400000030633,400000009229,400000002831,400000021723,400000015958,400000021558,400000016407"
400000033491,"Принтер-МФУ лазерное одноцветное SRA3 Konica Minolta Bizhub 451i, 45стр/мин, USB 2.0, Ethernet",Konica Minolta,Bizhub 451i,,
400000031009,"Принтер-МФУ лазерное одноцветное SRA3 Konica Minolta bizhub 654, 65стр/мин, USB 2.0, Ethernet",Konica Minolta,bizhub 654,"400000032909,400000033051","400000030887,400000030728,400000033730,400000030894,400000031345,400000030907,400000031609,400000033724,400000031364,400000030664,400000030886,400000031615"
400000026510,"Принтер-МФУ лазерное одноцветное A4 Canon LaserBase MF6540PL, 22стр/мин, USB 2.0",Canon,LaserBase MF6540PL,"400000030516,400000027303",400000020431
400000033821,"Принтер-МФУ лазерное одноцветное A3 Konica Minolta Bizhub PRO 920, 92стр/мин, Ethernet",Konica Minolta,Bizhub PRO 920,,400000032908
400000033426,"Принтер-МФУ лазерное одноцветное A3 Konica Minolta bizhub 7621, 18стр/мин, USB 2.0, Ethernet",Konica Minolta,bizhub 7621,,
400000028817,"Принтер лазерный одноцветный A4 HP LaserJet Pro M102, 23стр/мин, USB 2.0",HP,LaserJet Pro M102,"400000028818,400000030391","400000027144,400000025158,400000024837,400000030635,400000021558"
400000028463,"Принтер-МФУ лазерное одноцветное A4 Canon Fax-L390, 18стр/мин, USB 2.0",Canon,Fax-L390,"400000030509,400000026405","400000002831,400000015958"
400000033443,Принтер-МФУ лазерное одноцветное A4 Konica Minolta bizhub C3851FS,,,,
400000032380,"Принтер-МФУ лазерное полноцветное SRA3 Konica Minolta Bizhub C364e, 36стр/мин, USB 2.0, Ethernet",Konica Minolta,Bizhub C364e,"400000033785,400000033784,400000033786,400000033787","400000030898,400000032570,400000031611,400000031918,400000030906,400000031615,400000030888,400000030894,400000031222,400000030946,400000030896,400000030897,400000032571,400000030945,400000016173,400000021871,400000031520,400000032500,400000031919,400000031920,400000032569,400000032568,400000033724"
400000029498,"Принтер-МФУ лазерное одноцветное A4 Canon iR 1018, 18стр/мин, USB 2.0",Canon,iR 1018,400000030511,400000009229
400000026877,"Принтер-МФУ лазерное одноцветное A4 Samsung SCX-4728FD, 28стр/мин, USB 2.0, Ethernet",Samsung,SCX-4728FD,"400000030453,400000013496,400000030452","400000030019,400000021245"
400000027274,"Принтер-МФУ лазерное одноцветное A4 Brother DCP-7045NR, 22стр/мин, USB 2.0, Ethernet",Brother,DCP-7045NR,"400000030307,400000018695,400000017384",400000023678
400000029032,"Принтер-МФУ лазерное полноцветное A4 HP Color LaserJet CM4730, 30стр/мин, LPT, USB 2.0, Ethernet",HP,Color LaserJet CM4730,"400000029020,400000030602,400000029023,400000029022,400000029021",400000002803
400000026594,"Принтер лазерный одноцветный A4 HP LaseJet P1005, 14стр/мин, USB 2.0",Не указано,Не указано,"400000006930,400000030274,400000026129,400000030363,400000015579,400000004003","400000009850,400000033099,400000030632,400000030017,400000030312,400000030314,400000014883,400000030165,400000021698,400000030021,400000012999,400000022453,400000017602"
400000028875,"Принтер-МФУ лазерное одноцветное A4 Xerox WorkCentre 3025BI, 20стр/мин, USB 2.0, Wi-Fi",Xerox,WorkCentre 3025BI,"400000024055,400000030472,400000030473,400000026728",400000016877
400000031030,"Принтер-МФУ лазерное полноцветное SRA3 Konica Minolta AccurioPress C2060, 60стр/мин, USB 2.0, Ethernet",Konica Minolta,AccurioPress C2060,"400000032292,400000032291,400000031353,400000032294,400000031352,400000032293,400000031354,400000031351","400000033240,400000033346,400000030973,400000033728,400000033699,400000033631,400000031469,400000033638,400000031516,400000031346,400000033180,400000031422,400000033632,400000031420,400000032259,400000033731,400000033703,400000033725,400000031871,400000033722,400000031471,400000033182,400000031430,400000033639,400000033633,400000031518,400000032870,400000031931,400000033701,400000033636,400000033721,400000033184,400000033729,400000031929,400000031115,400000031470,400000033700,400000033720,400000033730,400000033183,400000031229,400000033713,400000031859,400000031802,400000031820,400000031515,400000033635,400000033181,400000032836,400000031819,400000033727,400000033724,400000031517,400000033723,400000031435"
400000033468,"Принтер-МФУ лазерное одноцветное A3 Konica Minolta Bizhub 306, 30стр/мин, USB 2.0, Ethernet",Konica Minolta,Bizhub 306,,400000030896
400000028796,"Принтер-МФУ лазерное одноцветное A4 Canon i-SENSYS FAX-L150, 18стр/мин, USB 2.0, RJ-11",Canon,i-SENSYS FAX-L150,"400000015579,400000014981,400000030514,400000026129","400000009850,400000014883,400000030165,400000030021,400000012999,400000017602"
400000027801,"Принтер-МФУ лазерное полноцветное A4 Canon i-SENSYS MF8330Cdn, 20стр/мин, USB 2.0, Ethernet",Canon,i-SENSYS MF8330Cdn,"400000018143,400000032753,400000032752,400000018145,400000020487,400000032755,400000019312,400000030570,400000032754","400000015427,400000022933,400000030612"
400000026756,"Принтер лазерный одноцветный A4 Samsung ML-1867, 18стр/мин, USB 2.0",Samsung,ML-1867,"400000023775,400000007100,400000012991","400000030637,400000033603,400000010377,400000027145"
400000028764,"Принтер-МФУ лазерное полноцветное A4 HP LaserJet Enterprise 500 M575fw, 31стр/мин, USB 2.0, RJ-45, Wi-Fi",HP,LaserJet Enterprise 500 M575fw,"400000018143,400000018145,400000020487,400000019312,400000030585","400000029033,400000016907,400000026157,400000022933,400000015427"
400000028023,"Принтер-МФУ лазерное полноцветное A4 Xerox WorkCentre 6015B, 15стр/мин, USB 2.0",Xerox,WorkCentre 6015B,"400000030594,400000023860,400000023862,400000023861,400000023859","400000015020,400000016322,400000016325,400000015018,400000015019,400000016323,400000016324"
400000026420,"Принтер-МФУ лазерное одноцветное A4 Canon LaserBase MF5630, 18стр/мин, USB 2.0",Canon,LaserBase MF5630,"400000026727,400000012250,200000001808,400000030270","400000002831,400000011757,400000033095,400000015958,400000010374"
400000028940,"Принтер-МФУ лазерное одноцветное A4 Brother DCP-1400
, 15стр/мин, LPT, USB 2.0",Brother,DCP-1400,"400000028905,400000030499,400000030498",400000023607
400000029507,"Принтер лазерный одноцветный A4 Samsung ProXpress SL-M4020ND, 40стр/мин, USB 2.0, Ethernet",Samsung,ProXpress SL-M4020ND,400000030462,400000021560
400000032385,"Принтер-МФУ лазерное одноцветное SRA3 Konica Minolta Bizhub 458, 55стр/мин, USB 2.0, Ethernet, AirPrint",Konica Minolta,Bizhub 458,,"400000030898,400000030894,400000030947,400000031222,400000032570,400000031613,400000031427,400000030896,400000031684,400000030897,400000032568,400000033724,400000032571,400000031615,400000021871"
400000027263,"Принтер-МФУ лазерное одноцветное A4 Panasonic KX-MB2020, 24стр/мин, USB 2.0, Ethernet",Panasonic,KX-MB2020,"400000016460,400000023774,400000018136",
400000026603,"Принтер лазерный одноцветный A4 HP LaserJet Pro P1102w, 18стр/мин, USB 2.0, Wi-Fi",Не указано,Не указано,"400000013848,400000030518,400000030274,400000030272,400000026129,400000030363,400000026130,400000023401,400000015579","400000009850,400000030632,400000030017,400000030312,400000030314,400000014883,400000030165,400000030021,400000012999,400000030020,400000022453,400000017602"
400000028030,"Принтер-МФУ лазерное полноцветное A4 Samsung CLX-3160, 16стр/мин, USB 2.0, Ethernet",Samsung,CLX-3160,"400000022364,400000022365,400000022367,400000030591,400000022366","400000016912,400000016911,400000016913,400000012701"
400000029805,"Принтер лазерный полноцветный A4 Samsung CLP-320, 4стр/мин, USB 2.0",Samsung,CLP-320,400000030592,
400000029054,"Принтер-МФУ лазерное полноцветное A3 Canon iR C3200, 20стр/мин, USB 2.0, Ethernet",Canon,iR C3200,400000030553,
400000027245,"Принтер лазерный полноцветный A4 Kyocera FS-C5300DN, 26стр/мин, USB 2.0, Ethernet",Kyocera,FS-C5300DN,"400000022692,400000022693,400000020452,400000022694,400000030588","400000024174,400000024602,400000024601"
400000029802,"Принтер лазерный полноцветный A4 Samsung SL-C410W, 4стр/мин, USB 2.0, RJ-45, Wi-Fi",Samsung,SL-C410W,400000030593,
400000026451,"Принтер-МФУ лазерное одноцветное A4 HP LaserJet Pro MFP M28w, 18стр/мин, USB 2.0, Wi-Fi",HP,LaserJet Pro MFP M28w,"400000030393,400000026217","400000030345,400000033100,400000026018,400000017602"
400000033526,Принтер-МФУ лазерное одноцветное A4 Konica Minolta bizhub 240f,,,,
400000028804,"Принтер-МФУ лазерное одноцветное A4 Canon i-SENSYS MF229dw, 27стр/мин, USB 2.0, RJ-45, Wi-Fi",Canon,i-SENSYS MF229dw,"400000030324,400000028813","400000030017,400000030314,400000009850,400000017602"
400000033542,Принтер лазерный одноцветный A4 Konica Minolta F+ imaging P40adn,,,,
400000032382,"Принтер лазерный полноцветный SRA3 Konica Minolta AccurioPress C3080P, 80стр/мин, USB 2.0, Ethernet",Konica Minolta,AccurioPress C3080P,"400000032292,400000032291,400000031353,400000032294,400000031352,400000032293,400000031354,400000031351","400000033240,400000030973,400000031469,400000033631,400000033638,400000031516,400000031346,400000033180,400000031422,400000033632,400000031420,400000032259,400000033703,400000031871,400000033722,400000031471,400000033182,400000031430,400000033633,400000031518,400000032870,400000031931,400000033701,400000033636,400000033721,400000033184,400000033729,400000031929,400000031115,400000031470,400000033720,400000033730,400000033183,400000031229,400000033713,400000031859,400000031802,400000031820,400000031515,400000033635,400000033181,400000032836,400000031819,400000033724,400000031517,400000033723,400000031435"
400000028949,"Принтер лазерный одноцветный A4 Brother HL-2230, 24стр/мин, USB 2.0",Brother,HL-2230,"400000029061,400000019642",400000027142
400000033516,"Принтер-МФУ лазерное полноцветное A3 Konica Minolta/Develop ineo+ 654e, 65стр/мин, USB 2.0, Ethernet",Konica Minolta/Develop,ineo+ 654e,,
400000033270,"Принтер-МФУ лазерное полноцветное A3 Canon imageRUNNER ADVANCE C7270i, 70стр/мин, USB 2.0, Ethernet",Canon,imageRUNNER ADVANCE C7270i,,400000033194
400000033441,"Принтер-МФУ лазерное одноцветное SRA3 Konica Minolta bizhub 550i, 55стр/мин, USB 2.0, Ethernet, Wi-Fi",Konica Minolta,bizhub 550i,,"400000033724,400000030898,400000030897,400000030894"
400000028069,"Факс лазерный одноцветный A4 Brother FAX-2920R, 14стр/мин,",Brother,FAX-2920R,"400000024237,400000030303,400000030506","400000023678,400000030642"
400000026152,"Принтер лазерный одноцветный A4 Kyocera Mita FS-1000+, 12стр/мин, LPT",Kyocera,Mita FS-1000+,"400000022274,400000004752,200000005507",
400000026954,"Принтер-МФУ лазерное одноцветное A4 Samsung SCX-3407, 20стр/мин, USB 2.0",Samsung,SCX-3407,"400000030446,400000014788,400000030275","400000033110,400000013495,400000018141,400000030639,400000016877"
400000033427,"Принтер-МФУ лазерное одноцветное A3 Konica Minolta bizhub 7622, 22стр/мин, USB 2.0, Ethernet",Konica Minolta,bizhub 7622,,
400000026639,"Принтер лазерный одноцветный A4 Canon i-SENSYS LBP151dw, 27стр/мин, USB 2.0, RJ-45, Wi-Fi",Canon,i-SENSYS LBP151dw,"400000030324,400000021216,400000020133,400000019120","400000030017,400000030314,400000009850,400000017602"
400000027933,"Принтер лазерный полноцветный A4 HP Color LaserJet CP1515n, 12стр/мин, USB 2.0, Ethernet",HP,Color LaserJet CP1515n,"400000030579,400000016596,400000016081,400000016957,400000015968,400000016080","400000029033,400000016907,400000016908,400000026157,400000022933,400000011107,400000015427"
400000026160,"Принтер лазерный одноцветный A4 Kyocera Mita FS-1020D, 20стр/мин, LPT, USB 2.0",Kyocera,Mita FS-1020D,"400000020053,400000004753,400000030421",
400000027271,"Принтер-МФУ лазерное одноцветное A4 Brother DCP-7030, 22стр/мин, USB 2.0",Brother,DCP-7030,"400000030307,400000018695,400000017384",400000023678
400000033652,"Принтер лазерный одноцветный A3 Xerox Phaser 5550DN, 50стр/мин, USB 2.0, Ethernet",Xerox,Phaser 5550DN,,400000033573
400000032634,"Принтер-МФУ лазерное одноцветное A3 Konica Minolta Bizhub 650i, 65стр/мин,",Konica Minolta,Bizhub 650i,,"400000030898,400000030894,400000031427,400000030897,400000033724"
400000026569,"Принтер лазерный одноцветный A4 Canon i-SENSYS LBP6750dn, 40стр/мин, USB 2.0, Ethernet",Не указано,Не указано,"400000016954,400000030355,400000014452,400000030356","400000027143,400000030165"
400000029806,"Принтер лазерный полноцветный A4 Samsung CLP-325, 4стр/мин, USB 2.0",Samsung,CLP-325,400000030592,
400000026462,"Принтер лазерный одноцветный A4 HP LaserJet 1012, 14стр/мин, USB 2.0",HP,LaserJet 1012,"400000011518,400000005168,400000013499,400000013234,400000011519,400000012388,200000000402","400000030633,400000009229,400000002831,400000021723,400000009931,400000021698,400000015958,400000021558,400000033096,400000016407"
400000028827,"Принтер лазерный одноцветный A4 HP LaserJet Pro M104w, 22стр/мин, USB 2.0, Wi-Fi",HP,LaserJet Pro M104w,"400000030392,400000030273,400000026498,400000027258","400000030635,400000027144,400000025158,400000030344"
400000029005,"Принтер лазерный полноцветный A4 HP Color LaserJet 1500, 16стр/мин, USB 2.0",HP,Color LaserJet 1500,"400000029014,400000029015,400000029012,400000029013,400000030573","400000015503,400000022452"
400000028831,"Принтер-МФУ лазерное одноцветное A4 HP LaserJet Ultra MFP M134a, 22стр/мин, USB 2.0",HP,LaserJet Ultra MFP M134a,"400000030404,400000028819","400000030635,400000025158"
400000027124,"Принтер-МФУ лазерное одноцветное A4 HP LaserJet Pro M132a, 22стр/мин, USB 2.0",HP,LaserJet Pro M132a,"400000030392,400000030273,400000026498,400000027258","400000030635,400000027144,400000025158,400000030344"
400000026342,"Принтер-МФУ лазерное одноцветное A3 Kyocera TASKAlfa 181, 18стр/мин, USB 2.0, Ethernet",Kyocera,TASKAlfa 181,"400000018345,400000011690,400000022462",400000026704
400000033783,"Принтер лазерный полноцветный A3 Ricoh Pro C5210S, 85стр/мин, USB 2.0, Ethernet",Ricoh,Pro C5210S,"400000033696,400000033693,400000033695,400000033694",400000033697
400000026976,"Принтер лазерный одноцветный A3 Xerox Phaser 5500DN, 50стр/мин, LPT, USB 2.0, Ethernet",Xerox,Phaser 5500DN,"400000030302,400000026977",400000033573
400000026898,"Принтер-МФУ лазерное одноцветное A4 Samsung SCX-5330N, 28стр/мин, LPT, USB 2.0, Ethernet",Samsung,SCX-5330N,"400000030529,400000026897","400000010567,400000015222,400000021215"
400000033456,"Принтер-МФУ лазерное полноцветное SRA3 Konica Minolta Bizhub C251i, 25стр/мин, USB 2.0, Ethernet",,,,
400000033129,"Принтер-МФУ лазерное полноцветное A3 Xerox WorkCentre 7855i, 55стр/мин, USB 2.0, Ethernet",Xerox,WorkCentre 7855i,"400000032555,400000031936,400000031937,400000031939,400000031938,400000032575","400000033247,400000033245"
400000033386,"Принтер-МФУ лазерное одноцветное A3 Konica Minolta 7220, 20стр/мин, USB 1.1, Ethernet",Konica Minolta,7220,,
400000033411,"Принтер-МФУ лазерное одноцветное A3 Konica Minolta bizhub 7616v, 16стр/мин, USB 2.0, Ethernet",Konica Minolta,bizhub 7616v,,
400000029479,"Принтер-МФУ лазерное одноцветное A3 Xerox WorkCentre 5024, 22стр/мин, USB 2.0",Xerox,WorkCentre 5024,"400000013521,400000020132",400000022278
400000029539,"Принтер-МФУ лазерное полноцветное A3 Kyocera FS-C2126, 28стр/мин,",Kyocera,FS-C2126,"400000022456,400000021218,400000024440,400000029787,400000022457","400000021249,400000021248,400000021251,400000021250"
400000027287,"Принтер-МФУ лазерное одноцветное A4 Brother DCP-7057R, 20стр/мин, USB 2.0",Brother,DCP-7057R,"400000030278,400000019642,400000019681,400000029061,400000030500",400000027142
400000028945,"Принтер-МФУ лазерное одноцветное A4 Brother FAX-2845, 20стр/мин,",Brother,FAX-2845,"400000030507,400000019681,400000019642,400000030508",400000027142
400000026942,"Принтер-МФУ лазерное одноцветное A4 Xerox WC 4250S, 43стр/мин, USB 2.0, Ethernet",Xerox,WC 4250S,"400000030539,400000026931",
400000030988,"Копир лазерный одноцветный A3 Ricoh FT3613, 13стр/мин,",Ricoh,FT3613,400000005764,
400000029797,"Принтер-МФУ лазерное полноцветное A3 Kyocera TASKalfa 2551ci, 25стр/мин, USB 2.0, Ethernet",Kyocera,TASKalfa 2551ci,400000029798,
400000029486,"Принтер-МФУ лазерное полноцветное SRA3 Konica Minolta bizhub C364, 36стр/мин, USB 2.0, Ethernet",Konica Minolta,bizhub C364,"400000033785,400000017404,400000033784,400000033786,400000017405,400000017407,400000017406,400000033787","400000030898,400000032570,400000031611,400000031918,400000030906,400000030895,400000031615,400000030888,400000030894,400000031222,400000030946,400000030896,400000024540,400000032571,400000030945,400000021871,400000031520,400000032500,400000031919,400000031920,400000030661,400000032569,400000032568"
400000032665,"Принтер-МФУ лазерное одноцветное A4 Konica Minolta Bizhub 4700i, 47стр/мин, USB 2.0, Ethernet, Wi-Fi",Konica Minolta,Bizhub 4700i,,"400000032570,400000030897"
400000026464,"Принтер лазерный одноцветный A4 HP LaserJet 1018, 12стр/мин, USB 2.0",HP,LaserJet 1018,"400000011518,400000005168,400000013499,400000013234,400000011519,400000012388,200000000402","400000009229,400000002831,400000021723,400000009931,400000021698,400000015958,400000021558,400000033096,400000016407"
400000032432,"Принтер-МФУ лазерное полноцветное A3 Konica Minolta Bizhub C550i, 55стр/мин, USB 2.0, RJ-45, Wi-Fi",Konica Minolta,Bizhub C550i,,"400000032111,400000030898,400000031922,400000030894,400000032570,400000031427,400000032554,400000030897,400000031104,400000033724,400000032571,400000031615,400000021871"
400000027307,"Принтер-МФУ лазерное одноцветное A4 HP LaserJet Pro MFP M428dw, 38стр/мин, USB 2.0, Ethernet, Wi-Fi, Bluetooth",HP,LaserJet Pro MFP M428dw,"400000026649,400000030401,400000030402","400000029975,400000033101"
400000026329,"Копир лазерный одноцветный A3 Kyocera KM-1635, 16стр/мин, Ethernet",Kyocera,KM-1635,"400000020385,400000009942,400000008839,400000029971,400000002721,200000001990",
400000024404,"Принтер лазерный одноцветный A3 Kyocera Ecosys P4040dn, 40стр/мин, USB 2.0, Ethernet",Kyocera,Ecosys P4040dn,"400000030263,400000026326","400000030659,400000030658,400000024602,400000024601,400000030660,400000024174"
400000028851,"Принтер лазерный одноцветный A4 Samsung ML-3051N, 28стр/мин, LPT, USB 2.0, Ethernet",Samsung,ML-3051N,"400000030454,400000020349,400000030455","400000010567,400000015222,400000021215"
400000032430,"Принтер-МФУ лазерное полноцветное A3 Konica Minolta bizhub C287i, 28стр/мин, USB 2.0, Ethernet, AirPrint",Konica Minolta,bizhub C287i,400000024048,"400000031222,400000030898,400000031615,400000030950"
400000031003,"Принтер-МФУ лазерное полноцветное A3 Xerox WorkCentre 7335, 35стр/мин, USB 2.0, Ethernet",Xerox,WorkCentre 7335,"400000031065,400000030922,400000030924,400000030978,400000030923",400000030925
400000026220,"Принтер лазерный одноцветный A4 Kyocera Ecosys FS-1060DN, 25стр/мин, USB",Kyocera,Ecosys FS-1060DN,"400000030405,400000030406,400000016878,400000024184,400000033800",400000018342
400000032666,"Принтер-МФУ лазерное одноцветное A4 Konica Minolta Bizhub 4750i, 47стр/мин, USB 2.0, Ethernet, Wi-Fi",Konica Minolta,Bizhub 4750i,,"400000032570,400000030897"
400000031069,"Принтер-МФУ лазерное полноцветное A3 Konica Minolta bizhub C287, 28стр/мин, USB 2.0, Ethernet, AirPrint",Konica Minolta,bizhub C287,"400000024047,400000024041,400000024046","400000030898,400000030894,400000030950,400000031222,400000030896,400000024649,400000033724,400000030895,400000031615"
400000028824,"Принтер лазерный одноцветный A4 HP LaserJet Pro M203dw, 28стр/мин, USB 2.0, RJ-45, Wi-Fi",HP,LaserJet Pro M203dw,"400000028823,400000030396,400000030397,400000024342,400000030062","400000030635,400000025158"
400000032682,"Принтер-МФУ лазерное полноцветное A4 Konica Minolta Bizhub C3350, 33стр/мин,",Konica Minolta,Bizhub C3350,"400000032478,400000032479,400000032480,400000032477",400000030896
400000026170,"Принтер лазерный одноцветный A4 Kyocera Mita FS-1800, 16стр/мин, LPT, ИК порт, Ethernet",Kyocera,Mita FS-1800,"400000030423,400000026173",
400000033518,"Принтер-МФУ лазерное полноцветное A3 Konica Minolta  Develop ineo+ 754, 75стр/мин, USB 2.0, Ethernet",Konica Minolta,Develop ineo+ 754,,
400000026666,"Принтер лазерный одноцветный A4 Xerox Phaser 3115, 14стр/мин, USB 2.0",Xerox,Phaser 3115,"200000000420,400000026664","400000027146,400000022273"
400000033413,"Принтер-МФУ лазерное одноцветное A3 Konica Minolta bizhub 184, 16стр/мин, USB 2.0",Konica Minolta,bizhub 184,,400000030896
400000028957,"Принтер-МФУ лазерное одноцветное A4 Brother DCP-1512, 20стр/мин, USB 2.0",Brother,DCP-1512,"400000028961,400000030198","400000030641,400000025926"
400000030989,"Копир лазерный одноцветный A3 Ricoh FT3813,",Ricoh,FT3813,400000005764,
400000029542,"Принтер-МФУ лазерное полноцветное A3 Kyocera FS-C5250, 28стр/мин,",Kyocera,FS-C5250,"400000022456,400000021218,400000024440,400000029787,400000022457","400000021249,400000021248,400000021251,400000021250"
400000033446,"Принтер-МФУ лазерное одноцветное A3 Konica Minolta bizhub 750, 75стр/мин, USB 2.0, Ethernet",Konica Minolta,bizhub 750,,"400000031871,400000033724,400000033730,400000031931"
400000033498,"Принтер-МФУ лазерное одноцветное A4 Konica Minolta Bizhub 43, 43стр/мин, USB 2.0, Ethernet",Konica Minolta,Bizhub 43,,
400000029007,"Принтер лазерный полноцветный A4 HP Color LaserJet 2550, 16стр/мин, USB 2.0",HP,Color LaserJet 2550,"400000030575,400000029014,400000029015,400000029012,400000029013","400000015503,400000022452"
400000026543,"Принтер лазерный одноцветный A4 HP LaserJet 2430, 33стр/мин, LPT, USB 2.0",HP,LaserJet 2430,"400000030369,400000020348,400000030370,400000021556","400000015038,400000022452"
400000029503,"Принтер лазерный одноцветный A4 HP LaserJet 2100, 10стр/мин, LPT",HP,LaserJet 2100,200000000396,400000022452
400000026255,"Принтер-МФУ лазерное одноцветное A4 Kyocera FS-3540MFP, 40стр/мин, USB 2.0, Ethernet",Kyocera,FS-3540MFP,"400000026253,400000030416",400000024174
400000028843,"Принтер лазерный одноцветный A4 HP LaserJet Ultra M105,",HP,LaserJet Ultra M105,"400000030404,400000028819",400000025158
400000029774,"Принтер лазерный полноцветный A4 Kyocera Ecosys P7035CDN, 35стр/мин, USB 2.0, Ethernet",Kyocera,Ecosys P7035CDN,400000029776,"400000024174,400000024602,400000024601"
400000024285,"Принтер лазерный одноцветный A4 Kyocera P3050DN, 50стр/мин, USB 2.0, Ethernet",Kyocera,P3050DN,"400000024269,400000024360,400000030411","400000030651,400000030652,400000030648,400000030881,400000030650,400000030649,400000024602,400000024601,400000033383,400000030647,400000024174"
400000032368,"Принтер-МФУ лазерное полноцветное SRA3 Konica Minolta Bizhub Pro C6000L, 60стр/мин, Ethernet",Konica Minolta,Bizhub Pro C6000L,"400000024114,400000033198,400000033200,400000033201,400000031401,400000024116,400000024115,400000031399,400000033199,400000031458,400000031400","400000033188,400000032318,400000033346,400000031469,400000033187,400000033725,400000031431,400000031615,400000030671,400000030673,400000031871,400000033185,400000030670,400000033182,400000031931,400000033701,400000033189,400000030672,400000033729,400000030974,400000033191,400000031115,400000033700,400000033241,400000030975,400000033720,400000033186,400000033730,400000033192,400000031587,400000032317,400000031820,400000032838,400000031819,400000033724"
400000026655,"Принтер лазерный одноцветный A4 Samsung ML-1430, 14стр/мин, LPT, USB 2.0",Samsung,ML-1430,"400000014789,200000000415",400000016210
400000026442,"Принтер лазерный одноцветный A4 HP LaserJet Enterprise M806dn, 56стр/мин, USB 2.0, Ethernet, USB 2.0 host (type A)",HP,LaserJet Enterprise M806dn,"400000026544,400000030383",
400000026199,"Принтер лазерный одноцветный A4 Kyocera FS-820, 16стр/мин, LPT, USB 2.0",Kyocera,FS-820,"400000022931,400000004750,400000030420",400000030644
400000027913,"Принтер лазерный полноцветный A4 Canon i-SENSYS LBP5050, 12стр/мин, USB 2.0",Canon,i-SENSYS LBP5050,"400000016596,400000016081,400000016957,400000015968,400000030566,400000016080","400000029033,400000016907,400000016908,400000026157,400000022933,400000011107,400000015427"
400000027181,"Принтер-МФУ лазерное полноцветное A4 Oki MC352dn, 24стр/мин, USB 2.0, Ethernet",Oki,MC352dn,"400000027174,400000030590,400000027172,400000027176,400000027175",
400000032451,"Принтер-МФУ лазерное полноцветное A3 Konica Minolta Bizhub Pro C6500, 65стр/мин, Ethernet",Konica Minolta,Bizhub Pro C6500,,"400000033188,400000033346,400000031803,400000033187,400000033725,400000031431,400000030671,400000030673,400000031871,400000033185,400000030670,400000031931,400000033701,400000033189,400000030672,400000031934,400000033729,400000032978,400000033191,400000031115,400000031823,400000033700,400000033186,400000033730,400000033192,400000031521,400000031820,400000032838,400000031819,400000033724"
400000033279,"Принтер-МФУ лазерное полноцветное A3 Canon imageRUNNER ADVANCE C9065 PRO, 65стр/мин, USB 2.0, Ethernet",Canon,imageRUNNER ADVANCE C9065 PRO,,400000033194
400000032636,"Принтер-МФУ лазерное полноцветное A3 Xerox WorkCentre 7525, 25стр/мин, USB 2.0, Ethernet",Xerox,WorkCentre 7525,"400000032555,400000031936,400000031937,400000031939,400000031938,400000032575","400000031852,400000033245,400000032574,400000032567,400000033246,400000031850,400000032562,400000033247,400000031851,400000031853"
400000028794,"Принтер лазерный одноцветный A4 HP LaserJet Pro M201n, 25стр/мин, USB 2.0, Ethernet",HP,LaserJet Pro M201n,"400000020133,400000030394,400000021216,400000030395,400000019120","400000030017,400000009850,400000030165,400000017602"
400000026536,"Принтер лазерный одноцветный A4 HP LaserJet P2015, 26стр/мин, USB 2.0",HP,LaserJet P2015,"400000003099,400000002772,400000018130,400000015428","400000021214,400000011851,400000002831,400000021698,400000011758,400000015958,400000025157,200000003556"
400000031026,"Принтер-МФУ лазерное полноцветное SRA3 Konica Minolta bizhub PRESS C1100, 100стр/мин, USB 2.0, Ethernet",Konica Minolta,bizhub PRESS C1100,"400000030668,400000031473,400000031472,400000033321,400000030665,400000033320,400000030669,400000030667,400000024363,400000033319,400000033322,400000030666,400000024348,400000024364","400000033730,400000032258,400000031513,400000030971,400000031429,400000031511,400000030970,400000033742,400000031514,400000031365,400000030949,400000031434,400000033724,400000031512,400000031615,400000033720"
400000031001,"Принтер-МФУ лазерное полноцветное A3 Xerox WorkCentre 7245, 45стр/мин, Ethernet",Xerox,WorkCentre 7245,"400000031065,400000030922,400000030924,400000030978,400000030923",400000030925
400000033206,"Принтер-МФУ лазерное одноцветное A4 Konica Minolta bizhub 4701i, 47стр/мин, USB 2.0, Ethernet",Konica Minolta,bizhub 4701i,,
400000033251,"Принтер-МФУ лазерное полноцветное A3 Canon ImagePress C165, 65стр/мин, USB 2.0, Ethernet",Canon,ImagePress C165,"400000033047,400000033048,400000033045,400000033046","400000033193,400000033194,400000033195"
400000033210,"Принтер-МФУ лазерное полноцветное A3+ Konica Minolta Bizhub Pro C6500EP, 65стр/мин, Ethernet",Konica Minolta,Bizhub Pro C6500EP,,
400000028544,"МФУ одноцветное A4 Canon i-SENSYS MF419x, 33стр/мин, USB 2.0, RJ-45, Wi-Fi",Canon,i-SENSYS MF419x,"400000023293,400000026131,400000015223,400000030354,400000015221,400000030202","400000013502,400000002831,400000021214,400000015958"
400000026735,"Принтер лазерный одноцветный A4 Samsung ML-1630, 16стр/мин, USB 2.0",Samsung,ML-1630,"400000030439,400000026734",400000030637
400000032414,"Принтер-МФУ лазерное одноцветное A3 Konica Minolta Bizhub PRO 951, 95стр/мин, Ethernet",Konica Minolta,Bizhub PRO 951,400000030296,"400000031932,400000031824,400000031868,400000032173,400000031867,400000033724,400000033700,400000031615,400000032908"
400000033405,"Принтер-МФУ лазерное одноцветное A4 Konica Minolta bizhub 160f, 16стр/мин, LPT, USB 2.0",Konica Minolta,bizhub 160f,,
400000026167,"Принтер лазерный одноцветный A4 Kyocera Mita FS-1920, 28стр/мин, LPT, USB 2.0, RS-232C/RS-422A",Kyocera,Mita FS-1920,"400000026169,400000030425",
400000028546,"Принтер-МФУ лазерное одноцветное A4 Canon i-SENSYS MF4330d, 22стр/мин, USB 2.0",Canon,i-SENSYS MF4330d,"400000013234,400000030513,400000013499,400000012388","400000015958,400000002831,400000016407"
400000029549,"Принтер лазерный полноцветный A3 Xerox Phaser 7750, 35стр/мин,",Xerox,Phaser 7750,400000030564,400000022373
400000026867,"Принтер-МФУ лазерное одноцветное A4 Samsung SCX-4824FN, 24стр/мин, USB 2.0, Ethernet",Samsung,SCX-4824FN,"400000030450,400000030451,400000014980","400000030638,400000021245"
400000026787,"Принтер-МФУ лазерное одноцветное A4 Xerox WorkCentre PE120i, 20стр/мин, LPT, USB 2.0, Ethernet",Xerox,WorkCentre PE120i,"400000023174,400000030544","400000014982,400000021215"
400000027290,"Принтер-МФУ лазерное одноцветное A4 Brother DCP-7060DR, 24стр/мин, USB 2.0",Brother,DCP-7060DR,"400000030278,400000030505,400000019642,400000030508,400000030507,400000019681,400000017385,400000029061",400000027142
400000028847,"Принтер лазерный одноцветный A4 Samsung ML-1520, 14стр/мин, LPT, USB 2.0",Samsung,ML-1520,"400000030436,400000026132,400000012655","200000001644,400000027146,400000022273"
400000033656,"Принтер-МФУ лазерное одноцветное A3 Xerox Versalink B7130,",Xerox,Versalink B7130,,400000033573
400000033657,"Принтер-МФУ лазерное одноцветное A3 Xerox Versalink B7135,",Xerox,Versalink B7135,,400000033573
400000028584,"Принтер-МФУ лазерное одноцветное A4 Canon i-SENSYS MF4370d, 22стр/мин, USB 2.0, Ethernet",Canon,i-SENSYS MF4370d,"400000013234,400000030513,400000013499,400000012388","400000015958,400000002831,400000016407"
400000033275,"Принтер-МФУ лазерное полноцветное A3 Canon imageRUNNER ADVANCE C7570, 70стр/мин, USB 2.0, Ethernet",Canon,imageRUNNER ADVANCE C7570,,"400000033194,400000033195"
400000030104,"Принтер лазерный одноцветное A3 Ricoh SP6430DN, 38стр/мин, USB 2.0, Ethernet",Ricoh,SP6430DN,400000030105,
400000028466,"Принтер лазерный одноцветный A4 Canon LBP3210, 20стр/мин, USB 2.0",Canon,LBP3210,"400000026727,400000012250,200000001808","400000010374,400000002831,400000015958,400000011757"
400000031020,"Принтер-МФУ лазерное полноцветное SRA3 Konica Minolta bizhub C754e, 75стр/мин, USB 2.0, Ethernet",Konica Minolta,bizhub C754e,"400000032909,400000033051,400000033178,400000033177","400000030887,400000030728,400000033730,400000030894,400000031345,400000030907,400000031609,400000033724,400000030897,400000031364,400000030664,400000030886,400000031615"
400000033420,"Принтер-МФУ лазерное одноцветное A3 Konica Minolta bizhub 4040, 40стр/мин, USB 2.0, Ethernet",Konica Minolta,bizhub 4040,,
400000028725,"Принтер-МФУ лазерное полноцветное A4 Canon i-SENSYS MF8360Cdn, 20стр/мин, USB 2.0, Ethernet",Canon,i-SENSYS MF8360Cdn,"400000018143,400000032753,400000032752,400000018145,400000020487,400000032755,400000030570,400000032754,400000018144","400000015427,400000022933,400000030612"
400000026528,"Принтер лазерный одноцветный A4 HP LaserJet 1160, 19стр/мин, LPT, USB 2.0",HP,LaserJet 1160,"400000018130,200000000728","400000033098,400000021214,400000011851,400000002831,400000021698,400000011758,400000015958,400000025157,400000021558,200000003556,400000030634"
400000026570,"Принтер лазерный одноцветный A3 HP LaserJet Enterprise M712dn, 41стр/мин, USB 2.0, Ethernet",HP,LaserJet Enterprise M712dn,"400000030221,400000026572",
400000026478,"Принтер-МФУ лазерное одноцветное A4 Canon i-SENSYS MF4018, 20стр/мин, USB 2.0",Canon,i-SENSYS MF4018,"400000011518,400000030513,400000013499,400000013234,400000012388","400000030633,400000009229,400000002831,400000015958,400000016407"
400000026628,"Принтер-МФУ лазерное одноцветное A4 Canon i-SENSYS MF4570dn, 25стр/мин, USB 2.0, Ethernet",Canon,i-SENSYS MF4570dn,"400000014786,400000014981,400000026499,400000030514,400000026129,400000015579","400000009850,400000030022,400000030017,400000030314,400000014883,400000030165,400000033101,400000030021,400000012999,400000030632,400000017602"
400000026908,"Принтер лазерный одноцветный A4 Xerox Phaser 3320, 35стр/мин, USB 2.0, RJ-45, Wi-Fi",Xerox,Phaser 3320,"400000030479,400000030478,400000026909,400000026956",400000024172
400000030991,"Принтер-МФУ лазерное одноцветное A3 Xerox D110, 110стр/мин, USB 2.0, Ethernet",Xerox,D110,"400000031596,400000030965","400000033196,400000031460,400000033575,400000033573"
400000027280,"Принтер лазерный одноцветный A4 Brother HL-2250DNR, 26стр/мин, USB 2.0",Brother,HL-2250DNR,"400000030278,400000030505,400000019642,400000030507,400000019681,400000017385,400000029061",400000027142
400000028995,"Принтер лазерный одноцветный A4 Canon PC 795,",Canon,PC 795,"400000029970,400000027203,400000027202",400000023565
400000032672,"Принтер-МФУ лазерное полноцветное A3 Xerox AltaLink C8035, 35стр/мин, Ethernet, AirPrint",Xerox,AltaLink C8035,"400000032555,400000031936,400000031937,400000031939,400000031938,400000032575","400000031852,400000033245,400000032574,400000032567,400000033246,400000031850,400000033704,400000032562,400000033247,400000031851,400000031853"
400000026477,"Принтер-МФУ лазерное одноцветное A4 Canon i-SENSYS MF4010, 20стр/мин, USB 2.0",Canon,i-SENSYS MF4010,"400000011518,400000030513,400000013499,400000013234,400000012388","400000030633,400000009229,400000002831,400000015958,400000016407"
400000030158,"Принтер лазерный одноцветный A4 HP LaserJet Pro M404dn, 38стр/мин, USB 2.0, Ethernet",HP,LaserJet Pro M404dn,"400000026649,400000030401,400000030402","400000029975,400000033101"
400000031068,"Принтер-МФУ лазерное одноцветное A3 Konica Minolta bizhub 454e, 45стр/мин, USB 2.0, Ethernet",Konica Minolta,bizhub 454e,,"400000032500,400000030898,400000030888,400000030894,400000031222,400000032570,400000031611,400000031427,400000031930,400000030896,400000030897,400000032568,400000033724,400000030895,400000032571,400000016173,400000031615,400000021871"
400000026328,"Копир лазерный одноцветный A3 Kyocera KM-1620, 16стр/мин,",Kyocera,KM-1620,"400000020385,400000009942,400000008839,400000029971,400000002721,200000001990",
400000026979,"Принтер-МФУ лазерное одноцветное A3 Xerox WorkCentre 5020, 20стр/мин, USB 2.0, Ethernet",Xerox,WorkCentre 5020,"400000030496,400000022463,400000019958",
400000028966,"Принтер-МФУ лазерное одноцветное A4 Brother MFC-1818, 20стр/мин,",Brother,MFC-1818,"400000028961,400000030198",400000025926
400000026455,"Принтер лазерный одноцветный A4 HP LaserJet Pro M16w, 18стр/мин, USB 2.0, Wi-Fi",HP,LaserJet Pro M16w,"400000030393,400000026217","400000033100,400000026018,400000017602"
400000030102,"Принтер-МФУ лазерное одноцветное A4 Ricoh SP4510DN, 40стр/мин, USB 2.0, Ethernet",Ricoh,SP4510DN,400000030101,
400000026285,"Принтер лазерный одноцветный A4 Kyocera Ecosys P3260dn, 60стр/мин, USB 2.0, Ethernet, SD",Kyocera,Ecosys P3260dn,"400000024269,400000030411,400000030412,400000024360,400000026284,400000024088","400000030648,400000030649,400000024602,400000024601,400000033383,400000024174"
400000027293,"Принтер-МФУ лазерное одноцветное A4 Brother MFC-7360NR, 24стр/мин, USB 2.0, Ethernet",Brother,MFC-7360NR,"400000030505,400000019642,400000030508,400000030507,400000019681,400000017385,400000029061",400000027142
400000026508,"Принтер-МФУ лазерное одноцветное A4 Canon LaserBase MF6560PL, 22стр/мин, USB 2.0, Ethernet",Canon,LaserBase MF6560PL,"400000030516,400000027303",400000020431
400000030107,"Принтер-МФУ лазерное одноцветное A4 Brother DCP-1623WR, 20стр/мин, USB 2.0, Wi-Fi",Brother,DCP-1623WR,400000030106,
400000033816,"Принтер-МФУ лазерное одноцветное SRA3 Canon VarioPrint VP130, 133стр/мин, Ethernet",Canon,VarioPrint VP130,,"400000032686,400000032687"
400000033538,Принтер-МФУ лазерное полноцветное A4 Konica Minolta C35,,,,
400000030694,"Принтер-МФУ лазерное полноцветное A3 Konica Minolta Bizhub Press C6000, 60стр/мин, Ethernet",Konica Minolta,Bizhub Press C6000,"400000024114,400000033198,400000033200,400000033201,400000024050,400000031401,400000024116,400000024115,400000031399,400000033199,400000031458,400000031400","400000033188,400000032318,400000033346,400000031469,400000033187,400000033725,400000031431,400000031615,400000030671,400000030673,400000031871,400000033185,400000030670,400000033182,400000031931,400000033701,400000033189,400000030672,400000033729,400000030974,400000033191,400000031115,400000033700,400000033241,400000030975,400000033720,400000033186,400000033730,400000033192,400000031587,400000032317,400000031820,400000032838,400000031819,400000033724"
400000028908,"Принтер лазерный одноцветный A4 Brother HL-1470N, 14стр/мин, LPT, USB 1.1, Ethernet",Brother,HL-1470N,"400000028905,400000029972",400000023607
400000026208,"Принтер лазерный одноцветный A4 Kyocera Ecosys P2035d, 35стр/мин, USB",Kyocera,Ecosys P2035d,"400000030407,400000019126,400000030409","400000030646,400000030643,400000030644,400000019405,400000030645,400000024601"
400000033660,"Принтер-МФУ лазерное одноцветное A3 Xerox Versalink С7020,",Xerox,Versalink С7020,,400000033573
400000026757,"Принтер лазерный одноцветный A4 Samsung ML-1865, 18стр/мин, USB 2.0",Samsung,ML-1865,"400000023775,400000007100,400000012991","400000030637,400000033603,400000010377,400000027145"
400000032410,"Принтер-МФУ лазерное полноцветное A3 Xerox DocuColor DC252, 65стр/мин, Ethernet",Xerox,DocuColor DC252,,"400000032108,400000031838,400000032107,400000032149,400000032581,400000032516,400000032121,400000033704,400000032151,400000033573,400000032577,400000032104"
400000033263,"Принтер-МФУ лазерное полноцветное A3 Canon imageRUNNER ADVANCE C7055, 55стр/мин, USB 2.0, Ethernet",Canon,imageRUNNER ADVANCE C7055,,400000033194
400000026558,"Принтер-МФУ лазерное одноцветное A4 HP LaserJet M3027, 25стр/мин, USB 2.0, Ethernet",HP,LaserJet M3027,"400000030385,400000030386,400000023823,400000022449","400000015038,400000022452"
400000033148,"Принтер-МФУ лазерное полноцветное A3 Konica Minolta/Develop Ineo + 654, 65стр/мин, USB 2.0, Ethernet",Konica Minolta/Develop,Ineo + 654,"400000032909,400000033051",
400000027903,"Принтер-МФУ лазерное полноцветное A4 Canon i-SENSYS MF8080Cw, 12стр/мин, USB 2.0, RJ-45, Wi-Fi",Canon,i-SENSYS MF8080Cw,"400000016596,400000016081,400000016957,400000015968,400000030566,400000016080","400000029033,400000016907,400000016908,400000026157,400000022933,400000015427"
400000032658,Принтер-МФУ лазерное одноцветное A3 Konica Minolta MagiColor 4690MF,,,,400000030896
400000026205,"Принтер лазерный одноцветный A4 Kyocera Mita FS-1110, 24стр/мин, USB",Kyocera,Mita FS-1110,"400000021431,400000013261,400000020244",400000030644
400000032384,"Принтер-МФУ лазерное одноцветное SRA3 Konica Minolta Bizhub 308, 30стр/мин, USB 2.0, Ethernet",Konica Minolta,Bizhub 308,,"400000031520,400000032500,400000030898,400000030894,400000030947,400000031222,400000032570,400000031612,400000030896,400000030897,400000032568,400000033724,400000032571,400000031615,400000021871"
400000033529,Принтер-МФУ лазерное полноцветное SRA3 Konica Minolta bizhub C551i,,,,
400000028999,"Принтер лазерный одноцветный A4 Canon PC 941,",Canon,PC 941,"400000029970,400000027203,400000027202",400000023565
400000033454,Принтер лазерный полноцветный A4 Konica Minolta MagiColor 1600W,,,,
400000029804,"Принтер-МФУ лазерное полноцветное A4 Samsung SL-C460W, 4стр/мин, USB 2.0, RJ-45, Wi-Fi",Samsung,SL-C460W,400000030606,
400000033814,"Принтер-МФУ лазерное одноцветное SRA3 Canon VarioPrint VP115, 117стр/мин, Ethernet",Canon,VarioPrint VP115,,"400000032686,400000032687"
400000033298,"Принтер-МФУ лазерное одноцветное A3 Xerox WorkCentre 4590, 90стр/мин, Ethernet",Xerox,WorkCentre 4590,,400000033196
400000028395,"Принтер-МФУ лазерное одноцветное A4 Canon Fax-L220, 20стр/мин,",Canon,Fax-L220,"400000030201,400000028381",400000002831
400000026592,"Принтер лазерный одноцветный A4 HP LaserJet Enterprise M603dn, 60стр/мин, USB 2.0, Ethernet",Не указано,Не указано,"400000030380,400000020052","400000030314,400000030165"
400000026746,"Принтер лазерный одноцветный A4 Samsung ML-2240, 22стр/мин, USB 2.0",Samsung,ML-2240,"400000014790,400000030440,400000030441","400000025156,400000030640,400000021215"
400000031033,"Принтер-МФУ лазерное одноцветное SRA3 Konica Minolta bizhub 364e, 36стр/мин, USB 2.0, Ethernet",Konica Minolta,bizhub 364e,,"400000030898,400000030888,400000030894,400000031222,400000032570,400000031611,400000030896,400000030906,400000030897,400000032568,400000033724,400000030895,400000032571,400000016173,400000031615,400000021871"
400000033815,"Принтер-МФУ лазерное одноцветное SRA3 Canon VarioPrint VP125, 127стр/мин, Ethernet",Canon,VarioPrint VP125,,
400000028758,"Принтер-МФУ лазерное полноцветное A4 Canon i-SENSYS MF729Cx, 20стр/мин, USB 2.0, Ethernet",Canon,i-SENSYS MF729Cx,"400000018143,400000018145,400000020487,400000030570,400000018144","400000015427,400000022933"
400000033452,Принтер лазерный одноцветный A3+ Konica Minolta bizhub C352P,,,,
400000028240,"Принтер лазерный одноцветный A4 Canon I-SENSYS LBP214dw, 38стр/мин, USB 2.0, RJ-45, Wi-Fi",Canon,I-SENSYS LBP214dw,"400000030326,400000025991",400000033101
400000031075,"Принтер-МФУ лазерное полноцветное A3+ Konica Minolta bizhub C451, 45стр/мин, USB 2.0, Ethernet",Konica Minolta,bizhub C451,,"400000033730,400000030894,400000031428,400000030895,400000031817,400000031615"
400000033149,"Принтер-МФУ лазерное полноцветное A3 Konica Minolta/Develop ineo+ 754e, 75стр/мин, USB 2.0, Ethernet",Konica Minolta/Develop,ineo+ 754e,"400000032909,400000033051",
400000028896,"Принтер лазерный одноцветный A4 Brother HL-1030, 10стр/мин, LPT",Brother,HL-1030,"400000028905,400000029972,400000030499,400000030498",400000023607
400000027222,"Принтер лазерный одноцветный A4 Pantum P2200, 20стр/мин, USB 2.0",Pantum,P2200,"400000027209,400000030431","400000027262,400000029060,400000033102,400000025307,400000030952"
400000032376,"Принтер-МФУ лазерное полноцветное A3 Konica Minolta AccurioPress C4080, 80стр/мин, USB 2.0, Ethernet",Konica Minolta,AccurioPress C4080,"400000032292,400000032291,400000031353,400000032294,400000031352,400000032293,400000031354,400000031351","400000031469,400000033631,400000031516,400000031346,400000031422,400000033632,400000031420,400000032259,400000031871,400000033722,400000031471,400000033182,400000031430,400000031865,400000031864,400000033639,400000033633,400000032870,400000031931,400000033701,400000031870,400000033636,400000033721,400000033184,400000033729,400000031929,400000031470,400000032481,400000033720,400000033183,400000033713,400000031802,400000031820,400000033635,400000033181,400000032836,400000031819,400000033724,400000033638,400000031435"
400000028728,"Принтер-МФУ лазерное полноцветное A4 Canon i-SENSYS MF8580Cdw, 20стр/мин, USB 2.0, RJ-45, Wi-Fi",Canon,i-SENSYS MF8580Cdw,"400000018143,400000032753,400000032752,400000018145,400000020487,400000032755,400000030570,400000032754,400000018144","400000015427,400000022933,400000030612"
400000026171,"Принтер лазерный одноцветный A4 Kyocera Mita FS-1800+, 18стр/мин, LPT, ИК порт, Ethernet",Kyocera,Mita FS-1800+,"400000030423,400000026173",
400000032662,"Принтер лазерный полноцветный A3+ Konica Minolta bizhub C353P, 35стр/мин, USB 2.0, Ethernet",Konica Minolta,bizhub C353P,,"400000011450,400000030894,400000030896,400000016173,400000021871"
400000032473,"Принтер-МФУ лазерное полноцветное A3 Canon ImagePress C910, 90стр/мин, USB 2.0, Ethernet",Canon,ImagePress C910,"400000031826,400000031828,400000031829,400000031827","400000032148,400000032684,400000032683,400000032147"
400000026863,"Принтер лазерный одноцветный A4 Xerox Phaser 3160, 24стр/мин, USB 2.0",Xerox,Phaser 3160,"400000026952,400000019129,400000029745","400000021434,400000013639,400000021245"
400000030109,"Принтер лазерный одноцветный A4 Brother HL-1202R, 20стр/мин, USB 2.0",Brother,HL-1202R,400000030106,
400000026607,"Принтер-МФУ лазерное одноцветное A4 HP LaserJet Pro M1214nfh MFP, 18стр/мин, USB 2.0, Ethernet",Не указано,Не указано,"400000013848,400000030518,400000030274,400000030272,400000026129,400000030363,400000026130,400000015579","400000009850,400000030632,400000030017,400000030312,400000030314,400000014883,400000030165,400000030021,400000012999,400000030020,400000022453,400000017602"
400000026751,"Принтер лазерный одноцветный A4 Samsung ML-1860, 18стр/мин, USB 2.0",Samsung,ML-1860,"400000023775,400000007100,400000012991","400000030637,400000033603,400000010377,400000027145"
400000028854,"Принтер лазерный одноцветный A4 Xerox Phaser 3400, 17стр/мин, LPT, USB 2.0",Xerox,Phaser 3400,"400000028878,400000030481","400000013495,400000021215"
400000028862,"Принтер-МФУ лазерное одноцветное A4 Samsung SCX-4610, 22стр/мин,",Samsung,SCX-4610,"400000030444,400000030445,400000015226","400000027147,400000021245"
400000032654,"Принтер-МФУ лазерное одноцветное SRA3 Konica Minolta Bizhub Pro 958, 95стр/мин, USB 2.0, RJ-45, Wi-Fi",Konica Minolta,Bizhub Pro 958,,"400000033724,400000032570,400000030897,400000030894"
400000032379,"Принтер-МФУ лазерное полноцветное SRA3 Konica Minolta Bizhub C284e, 28стр/мин, USB 2.0, Ethernet",Konica Minolta,Bizhub C284e,"400000033785,400000033784,400000033786,400000033787","400000030898,400000032570,400000031611,400000031918,400000030906,400000031615,400000030888,400000030894,400000031222,400000030946,400000030896,400000030897,400000032571,400000030945,400000016173,400000021871,400000031520,400000032500,400000031919,400000031920,400000032569,400000032568,400000033724"
400000029487,"Принтер-МФУ лазерное полноцветное SRA3 Konica Minolta bizhub C454, 45стр/мин, USB 2.0, Ethernet",Konica Minolta,bizhub C454,"400000029492,400000029494,400000029495,400000029493","400000030898,400000032570,400000031611,400000031918,400000031930,400000030906,400000030895,400000031615,400000030888,400000030894,400000031222,400000030946,400000030896,400000030897,400000024540,400000032571,400000030945,400000016173,400000021871,400000032500,400000031427,400000031919,400000031920,400000030661,400000032569,400000032568,400000033724"
400000031016,"Принтер-МФУ лазерное одноцветное A3 Konica Minolta bizhub 808, 80стр/мин, USB 2.0, RJ-45, Wi-Fi",Konica Minolta,bizhub 808,,"400000030887,400000030728,400000030907,400000032570,400000030897,400000030664,400000030886"
400000028835,"МФУ одноцветное A4 HP LaserJet Ultra M230sdn, 28стр/мин, USB 2.0, Ethernet",HP,LaserJet Ultra M230sdn,"400000028842,400000030204",400000030635
400000028825,"Принтер-МФУ лазерное одноцветное A4 HP LaserJet Pro MFP M227sdn, 28стр/мин, USB 2.0, Ethernet",HP,LaserJet Pro MFP M227sdn,"400000028823,400000030396,400000030397,400000024342,400000030062","400000030635,400000025158"
400000029512,"Принтер-МФУ лазерное одноцветное A4 Pantum M5000, 16стр/мин, USB 2.0",Pantum,M5000,400000030430,400000025306
400000033504,"Принтер-МФУ лазерное одноцветное A3 Konica Minolta Bizhub PRO 1050e, 105стр/мин, Ethernet",Konica Minolta,Bizhub PRO 1050e,,"400000033730,400000032908"
400000028761,"Принтер лазерный полноцветный A4 HP Color LaserJet CP2025x, 20стр/мин, USB 2.0, Ethernet",HP,Color LaserJet CP2025x,"400000030580,400000018143,400000018145,400000020487,400000019312","400000029033,400000016908,400000026157,400000022933,400000015427"
400000027221,"Принтер-МФУ лазерное одноцветное A3 Xerox WorkCentre 5335, 35стр/мин, USB 2.0, Ethernet",Xerox,WorkCentre 5335,"400000030497,400000027219",400000022938
400000026270,"Принтер-МФУ лазерное одноцветное A4 Kyocera M3040IDN, 40стр/мин, USB 2.0, Ethernet, SD, MMC",Kyocera,M3040IDN,"400000030522,400000026272","400000030648,400000024153,400000030650,400000030649,400000024601,400000030647,400000024174"
400000028766,"Принтер-МФУ лазерное полноцветное A4 HP LaserJet Pro 500 Color MFP M570dn, 30стр/мин, USB 2.0, Ethernet",HP,LaserJet Pro 500 Color MFP M570dn,"400000028662,400000028660,400000028661,400000028659,400000030585","400000029033,400000016907,400000016908,400000026157,400000022933"
400000026172,"Принтер лазерный одноцветный A4 Kyocera Mita FS-3800, 24стр/мин, LPT, Ethernet",Kyocera,Mita FS-3800,"400000030423,400000026173",
400000026282,"Принтер-МФУ лазерное одноцветное A4 Kyocera Ecosys M3645idn, 45стр/мин, USB 2.0, Ethernet, SD",Kyocera,Ecosys M3645idn,"400000030521,400000026280","400000030652,400000030648,400000030650,400000030649,400000024601,400000024174"
400000029738,"Принтер лазерный одноцветный A4 Samsung SL-M3825DW, 38стр/мин, USB 2.0, RJ-45, Wi-Fi",Samsung,SL-M3825DW,400000029744,
400000026444,"Принтер-МФУ лазерное одноцветное A4 Canon LaserBase MF5750, 20стр/мин, USB 2.0",Canon,LaserBase MF5750,"400000026727,400000012250,200000001808,400000030270","400000002831,400000011757,400000033095,400000015958,400000010374"
400000028642,"Принтер-МФУ лазерное одноцветное A4 Canon i-SENSYS MF6680dn, 30стр/мин, USB 2.0, Ethernet",Canon,i-SENSYS MF6680dn,"400000023293,400000026131,400000015223,400000015221,400000030515","400000021214,400000002831,400000030165,400000013502,400000015958"
400000033248,"Принтер лазерный полноцветный 1195x320 Konica Minolta AccurioLabel 190, 71стр/мин, USB 2.0, Ethernet",Konica Minolta,AccurioLabel 190,,"400000030973,400000033728,400000030972,400000033631,400000033699,400000031422,400000033632,400000033702,400000031420,400000033725,400000031471,400000033722,400000033633,400000032870,400000033701,400000033636,400000033721,400000031115,400000031470,400000033700,400000033720,400000033730,400000031802,400000031859,400000031820,400000033635,400000033181,400000031819,400000033727,400000033724"
400000032628,"Принтер-МФУ лазерное полноцветное A3 Konica Minolta Bizhub C226, 22стр/мин, USB 2.0, Ethernet",Konica Minolta,Bizhub C226,,"400000032500,400000030950"
400000033432,"Принтер-МФУ лазерное одноцветное A3 Konica Minolta bizhub 282, 28стр/мин, USB 2.0, Ethernet",Konica Minolta,bizhub 282,,400000030896
400000028885,"Принтер лазерный одноцветный A4 Canon i-SENSYS LBP252dw, 33стр/мин, USB 2.0, RJ-45, Wi-Fi",Canon,i-SENSYS LBP252dw,"400000015221,400000030202,400000026131","400000013502,400000002831,400000021214,400000015958"
400000032428,"Принтер-МФУ лазерное полноцветное A3 Konica Minolta Bizhub C227i, 22стр/мин, USB 2.0, Ethernet",Konica Minolta,Bizhub C227i,,"400000030898,400000030894,400000030950,400000031222,400000030896,400000031615"
400000030724,"Принтер-МФУ лазерное полноцветный A3 Kyocera Ecosys M8130cidn, 30стр/мин, USB 2.0, Ethernet, AirPrint, NFC",Kyocera,Ecosys M8130cidn,,400000030655
400000026395,"Принтер лазерный одноцветный A4 HP LaserJet Enterprise M607dn, 52стр/мин, USB 2.0, Ethernet",HP,LaserJet Enterprise M607dn,"400000026427,400000030382",
400000033249,"Принтер лазерный полноцветный 1195x320 Konica Minolta Accurio Label 230, USB 2.0, Ethernet",Konica Minolta,Accurio Label 230,,"400000031471,400000033722,400000031470,400000033636,400000031802,400000030973,400000033721,400000030972,400000033631,400000032836,400000031422,400000031819,400000031420,400000031115,400000033701,400000032870,400000033720"
400000032392,"Принтер лазерный полноцветный SRA3 Konica Minolta Bizhub Press C7000P, 60стр/мин, Ethernet",Konica Minolta,Bizhub Press C7000P,"400000024114,400000033198,400000033200,400000033201,400000024050,400000031401,400000024116,400000024115,400000031399,400000033199,400000031458,400000031400","400000033188,400000033346,400000031469,400000033187,400000033725,400000031431,400000031615,400000030671,400000030673,400000031871,400000033185,400000030670,400000033182,400000031931,400000033701,400000030672,400000033729,400000030974,400000033191,400000031115,400000033700,400000033241,400000030975,400000033720,400000033186,400000033730,400000033192,400000031820,400000032838,400000031819,400000033724"
400000033168,"Принтер лазерный полноцветный A3 Xerox Versant 3100i Press, 100стр/мин, Ethernet",Xerox,Versant 3100i Press,"400000030969,400000030967,400000030966,400000030968","400000032564,400000032561,400000032581,400000031846,400000032701,400000033545,400000032565,400000032578,400000032940,400000031459,400000032868,400000032580,400000032566,400000033573,400000031847,400000033575,400000032516,400000032579,400000032517,400000031848,400000032556,400000031849,400000032703,400000032702,400000032563,400000032627"
400000028670,"Принтер лазерный полноцветный A4 HP Color LaserJet 3800, 21стр/мин, USB 2.0",HP,Color LaserJet 3800,"400000028672,400000028674,400000028671,400000030577,400000028673","400000022933,400000002802"
400000028370,"Принтер-МФУ лазерное одноцветное A4 Canon i-SENSYS FAX-L140, 12стр/мин,",Canon,i-SENSYS FAX-L140,"400000011518,400000005168,400000030513,400000013499,400000013234,400000011519,400000012388","400000030633,400000009229,400000002831,400000015958,400000016407"
400000028809,"Принтер-МФУ лазерное одноцветное A4 Canon i-SENSYS MF244dw, 27стр/мин, USB 2.0, RJ-45, Wi-Fi",Canon,i-SENSYS MF244dw,"400000030324,400000028813","400000030017,400000030314,400000009850,400000017602"
400000027686,"Принтер-МФУ лазерное полноцветное A3+ Konica Minolta bizhub C353, 35стр/мин, USB 2.0, Ethernet",Konica Minolta,bizhub C353,"400000002548,400000002547,400000002546,400000002549","400000011450,400000030894,400000030896,400000030895,400000016173,400000031615,400000021871"
400000026232,"Принтер-МФУ лазерное одноцветное A4 Kyocera Ecosys M2135dn, 35стр/мин, USB 2.0, Ethernet, SD",Kyocera,Ecosys M2135dn,"400000024268,400000030427","400000024174,400000024602,400000024601"
400000032476,"Принтер-МФУ лазерное полноцветное A3 Canon ImagePress C8000VP, 80стр/мин, USB 2.0, Ethernet",Canon,ImagePress C8000VP,,
400000026745,"Принтер лазерный одноцветный A4 Samsung ML-1645, 16стр/мин, USB 2.0",Samsung,ML-1645,"400000014790,400000030440","400000025156,400000030640,400000021215"
400000032667,"Принтер лазерный полноцветный A4 Konica Minolta Bizhub C3300i, 33стр/мин, USB 2.0, Ethernet",Konica Minolta,Bizhub C3300i,,"400000032570,400000030897,400000030894"
400000033763,"Принтер лазерный полноцветный SRA3 Ricoh Pro C7200S, 85стр/мин, USB 2.0, Ethernet",Ricoh,Pro C7200S,"400000033709,400000033710,400000033711,400000033712",400000033714
400000031014,"Принтер-МФУ лазерное одноцветное A3 Konica Minolta bizhub 758, 75стр/мин, USB 2.0, Ethernet",Konica Minolta,bizhub 758,400000031359,"400000030887,400000030728,400000030894,400000030907,400000032570,400000030897,400000033724,400000030664,400000030886,400000031615"
400000031315,"Принтер-МФУ лазерное одноцветное A4 Panasonic KX MB1520, 18стр/мин, USB",Panasonic,KX MB1520,400000024842,
400000032391,"Принтер-МФУ лазерное одноцветное SRA3 Konica Minolta Bizhub 558e, 55стр/мин, USB 2.0, Ethernet, AirPrint",Konica Minolta,Bizhub 558e,,"400000032260,400000030898,400000030894,400000032570,400000031613,400000031427,400000030896,400000032554,400000033724,400000032571,400000016173,400000031615,400000021871"
400000032393,"Принтер лазерный полноцветный SRA3 Konica Minolta AccurioPress C2070P, 70стр/мин, USB 2.0, Ethernet",Konica Minolta,AccurioPress C2070P,"400000032292,400000032291,400000031353,400000032294,400000031352,400000032293,400000031354,400000031351","400000033240,400000033346,400000030973,400000033728,400000033699,400000033631,400000031469,400000033638,400000031516,400000031346,400000033180,400000031422,400000033632,400000031420,400000032259,400000033731,400000033703,400000033725,400000031871,400000033722,400000031471,400000033182,400000031430,400000033639,400000033633,400000031518,400000032870,400000031931,400000033701,400000033636,400000033721,400000033184,400000033729,400000031929,400000031115,400000031470,400000033700,400000033720,400000033730,400000033183,400000031229,400000033713,400000031859,400000031802,400000031820,400000031515,400000033635,400000033181,400000032836,400000031819,400000033727,400000033724,400000031517,400000033723,400000031435"
400000029511,"Принтер лазерный одноцветный A4 Pantum P2000, 20стр/мин, USB 2.0",Pantum,P2000,400000030430,400000025306
400000027872,"Принтер лазерный полноцветный A4 Canon i-SENSYS LBP7010C, 16стр/мин, USB 2.0",Canon,i-SENSYS LBP7010C,"400000020607,400000020606,400000030568,400000020605,400000020608","400000016908,400000029033,400000022933,400000016907"
400000027253,"Принтер лазерный одноцветный A4 Oki B432dn, 40стр/мин, USB 2.0, Ethernet",Oki,B432dn,"400000030432,400000026650",
400000028869,"Принтер-МФУ лазерное одноцветное A4 Samsung SF-760P, 21стр/мин, USB 2.0",Samsung,SF-760P,"400000030446,400000014788,400000030275","400000033110,400000013495,400000018141,400000030639,400000016877"
400000031000,"Принтер-МФУ лазерное полноцветное A3 Xerox WorkCentre 7235, 35стр/мин, Ethernet",Xerox,WorkCentre 7235,"400000031065,400000030922,400000030924,400000030978,400000030923",400000030925
400000033205,"Принтер-МФУ лазерное одноцветное A3 Konica Minolta 7235, 35стр/мин, USB 1.1, Ethernet",Konica Minolta,7235,,
400000033451,Принтер-МФУ лазерное одноцветное A3+ Konica Minolta bizhub PRO C500,,,,"400000033730,400000031931,400000033186"
400000026504,"Принтер лазерный одноцветный A4 Canon i-SENSYS LBP2900, 12стр/мин, USB 2.0",Не указано,Не указано,"400000000841,400000013499","400000030633,400000009229,400000002831,400000021723,400000015958,400000021558,400000016407"
400000026794,"Принтер-МФУ лазерное одноцветное A4 Samsung SCX-6320F, 20стр/мин, LPT, USB 2.0",Samsung,SCX-6320F,"400000026793,400000030531",
400000027760,"Принтер-МФУ лазерное полноцветное A4 HP color LaserJet CM3530 MFP, 31стр/мин, USB 2.0, Ethernet",HP,color LaserJet CM3530 MFP,"400000011093,400000011094,400000011096,400000011095","400000029033,400000026157,400000022933,400000011107"
400000028975,"Копир лазерный одноцветный A4 Canon FC 204, 4стр/мин,",Canon,FC 204,"400000029970,400000030159,400000027203,400000027202",400000023565
400000029467,"Принтер лазерный одноцветный A4 Samsung ML-1020,",Samsung,ML-1020,"400000014789,200000000415",400000016210
400000033414,"Принтер-МФУ лазерное одноцветное A3 Konica Minolta bizhub 7718, 16стр/мин, USB 2.0",Konica Minolta,bizhub 7718,,
400000028364,"Принтер-МФУ лазерное одноцветное A4 Canon i-SENSYS FAX-L100, 12стр/мин,",Canon,i-SENSYS FAX-L100,"400000011518,400000005168,400000030513,400000013499,400000013234,400000011519,400000012388","400000030633,400000009229,400000002831,400000015958,400000016407"
400000028812,"Принтер-МФУ лазерное одноцветное A4 Canon i-SENSYS MF231, 23стр/мин, USB 2.0, RJ-45, Wi-Fi",Canon,i-SENSYS MF231,"400000030324,400000028813","400000030017,400000030314,400000009850,400000017602"
400000026368,"Принтер-МФУ лазерное одноцветное A3 Kyocera KM-4050, 40стр/мин, LPT, USB 2.0, Ethernet",Kyocera,KM-4050,"400000016149,200000005717",400000025387
400000029497,"Принтер лазерный одноцветный A4 Pantum P2507, 22стр/мин, USB 2.0",Pantum,P2507,"400000033759,400000027209,400000030431","400000029060,400000030952,400000025307"
400000029548,"Принтер лазерный полноцветный A3 Oki C830, 30стр/мин, USB 2.0",Oki,C830,"400000029547,400000029544,400000029546,400000029545,400000030561","400000021564,400000024301,400000021759,400000024303,400000021563,400000021758,400000024300,400000024302"
400000027059,"Принтер лазерный одноцветный A4 HP LaserJet P1008, 16стр/мин, USB 2.0",HP,LaserJet P1008,"400000015579,400000006930,400000026129,400000030363","400000009850,400000030632,400000030312,400000014883,400000030165,400000021698,400000030021,400000012999,400000022453,400000017602"
400000029036,"Принтер-МФУ лазерное полноцветное A3 Canon iR C3220N, 32стр/мин, USB 2.0, Ethernet",Canon,iR C3220N,400000030553,
400000028850,"Принтер лазерный одноцветный A4 Samsung ML-1650, 17стр/мин, USB 2.0",Samsung,ML-1650,"400000023563,400000026133,400000030442,400000017386,400000015225",400000021215
400000033748,"Принтер лазерный одноцветный A4 Pantum P3300DW, 33стр/мин, USB 2.0, Ethernet, Wi-Fi",Pantum,P3300DW,400000033642,400000032005
400000026667,"Принтер лазерный одноцветный A4 Xerox Phaser 3120, 16стр/мин, USB 2.0",Xerox,Phaser 3120,"200000000420,400000026664,400000012655","400000027146,400000022273"
400000026275,"Принтер лазерный одноцветный A4 Kyocera Ecosys P3055DN, 55стр/мин, USB 2.0, Ethernet",Kyocera,Ecosys P3055DN,"400000024269,400000024088,400000024360,400000030411","400000030652,400000030648,400000030649,400000024602,400000024601,400000030647,400000024174"
400000027100,"Принтер-МФУ лазерное одноцветное A4 Canon i-SENSYS MF4870dn, 25стр/мин, USB 2.0, Ethernet",Canon,i-SENSYS MF4870dn,"400000014786,400000014981,400000030514","400000009850,400000014883,400000030165,400000030021,400000012999,400000017602"
400000028912,"МФУ лазерное одноцветное A4 Brother IntelliFax 4750,",Brother,IntelliFax 4750,"400000028905,400000029972",400000023607
400000026945,"Принтер лазерный одноцветный A4 Samsung ML-4551N, 43стр/мин, LPT, USB 2.0, Ethernet",Samsung,ML-4551N,"400000026926,400000030461",
400000026265,"Принтер лазерный одноцветный A4 Kyocera FS-4200dn, 50стр/мин, USB 2.0, Ethernet, SD",Kyocera,FS-4200dn,"400000030419,400000026266","400000017716,400000030651,400000030652,400000030648,400000030650,400000030649,400000030882,400000033383,400000024601,400000030647,400000024174"
400000026376,"Принтер-МФУ лазерное одноцветное A3 Kyocera TASKalfa 420i, 42стр/мин, USB 2.0, Ethernet",Kyocera,TASKalfa 420i,"400000019407,400000006722",
400000031017,"Принтер-МФУ лазерное полноцветное SRA3 Konica Minolta bizhub C554e, 55стр/мин, USB 2.0, Ethernet",Konica Minolta,bizhub C554e,,"400000030728,400000030898,400000030907,400000032570,400000031611,400000031918,400000030906,400000031615,400000030888,400000030894,400000031222,400000030946,400000030896,400000030897,400000030664,400000030886,400000030945,400000032571,400000016173,400000021871,400000031427,400000031919,400000030887,400000031920,400000032569,400000032568,400000033724"
400000026674,"Принтер-МФУ лазерное одноцветное A4 Samsung SCX-4216f, 16стр/мин, LPT, USB 1.1",Samsung,SCX-4216f,"200000001110,400000026132,400000012655","200000001644,400000027146,400000022273"
400000026159,"Принтер-МФУ лазерное одноцветное A4 Kyocera FS-1118MFP, 18стр/мин, LPT, USB 2.0, Ethernet",Kyocera,FS-1118MFP,"400000020053,400000004753,400000030421",
400000026370,"Принтер-МФУ лазерное одноцветное A3 Kyocera TASKalfa 3010i, 30стр/мин, USB 2.0, Ethernet",Kyocera,TASKalfa 3010i,"400000026372,400000030494",
400000027195,"Принтер-МФУ лазерное полноцветное A4 Oki MC362dn, 24стр/мин, USB 2.0, Ethernet",Oki,MC362dn,"400000027174,400000030590,400000027172,400000027176,400000027175",
400000028805,"Принтер-МФУ лазерное одноцветное A4 Canon i-SENSYS MF232w, 23стр/мин, USB 2.0, RJ-45, Wi-Fi",Canon,i-SENSYS MF232w,"400000030324,400000028813","400000030017,400000030314,400000009850,400000017602"
400000032361,"Принтер-МФУ лазерное полноцветное A3 Xerox Color C60, 60стр/мин, USB 2.0, Ethernet",Xerox,Color C60,"400000031438,400000031572,400000032347,400000031935,400000032976,400000032351,400000030953,400000031442,400000031439,400000031444,400000030955,400000031440,400000032977,400000032350,400000031571,400000032349,400000031441,400000032346,400000031437,400000031443,400000032345,400000031570,400000030956,400000032975,400000032348,400000032974,400000030954,400000031569,400000032352","400000031946,400000031837,400000032581,400000031840,400000031578,400000031971,400000031844,400000032104,400000031836,400000032108,400000031838,400000032557,400000031841,400000032873,400000031977,400000031842,400000032149,400000031843,400000033704,400000031577,400000033573,400000032577,400000031839,400000031978,400000031945,400000031579,400000032516,400000031580,400000031944,400000032874,400000031976,400000032576,400000032150,400000032107,400000032872,400000031979,400000032121,400000031947,400000032875,400000032151,400000032109"
400000029791,"Принтер-МФУ лазерное полноцветное A3 Kyocera KM-C2525E, 20стр/мин, LPT, USB 2.0, Ethernet",Kyocera,KM-C2525E,400000029793,
400000016771,"Принтер-МФУ лазерное одноцветное A4 HP LaserJet Pro 400 MFP M425dw, 33стр/мин, USB 2.0, Ethernet, RJ-11, Wi-Fi",HP,LaserJet Pro 400 MFP M425dw,"400000015580,400000023293,400000015124,400000030390,400000026131,400000015223,400000018132","400000021214,400000030314,400000002831,400000030165,400000013502,400000015958,400000030313,400000021558"
400000028175,"Принтер лазерный одноцветный A4 Canon I-SENSYS LBP215x, 38стр/мин, USB 2.0, RJ-45, Wi-Fi",Canon,I-SENSYS LBP215x,"400000030326,400000025991",400000033101
400000033497,"Принтер-МФУ лазерное одноцветное SRA3 Konica Minolta Bizhub 751i, 75стр/мин, USB 2.0, Ethernet",Konica Minolta,Bizhub 751i,,
400000028464,"Принтер-МФУ лазерное одноцветное A4 Canon imageRunner 1133, 33стр/мин, USB 2.0, Ethernet",Canon,imageRunner 1133,"400000028465,400000030510","400000013502,400000002831,400000015958"
400000028021,"Принтер-МФУ лазерное полноцветное A4 Xerox Phaser 6121MFP, 20стр/мин, USB 2.0",Xerox,Phaser 6121MFP,"400000028020,400000028014,400000028016,400000030608,400000028018,400000028017,400000028019,400000028015",
400000028174,"Принтер-МФУ лазерное одноцветное A4 Canon i-SENSYS MF421dw, 38стр/мин, USB 2.0, RJ-45, Wi-Fi",Canon,i-SENSYS MF421dw,"400000030326,400000025991",400000033101
400000026507,"Принтер-МФУ лазерное одноцветное A4 Canon LaserBase MF6530, 22стр/мин, USB 2.0, Ethernet",Canon,LaserBase MF6530,"400000030516,400000027303",400000020431
400000026333,"Копир лазерный одноцветный A3 Kyocera KM-2035, 20стр/мин, USB 2.0",Kyocera,KM-2035,"400000020385,400000009942,400000008839,400000029971,400000002721,200000001990",
400000028135,"Принтер лазерный одноцветный A4 Brother HL-2040R, 20стр/мин, LPT, USB 2.0",Brother,HL-2040R,"400000024237,400000030303,400000030506","400000023678,400000030642"
400000029034,"Принтер лазерный полноцветный A3 HP Color LaserJet 9500hdn, 24стр/мин, LPT, Ethernet",HP,Color LaserJet 9500hdn,"400000029472,400000029470,400000029469,400000030560,400000029471",400000018149
400000026654,"Принтер лазерный одноцветный A4 Samsung ML-1250, 12стр/мин, LPT, USB 2.0",Samsung,ML-1250,"400000014789,200000000415",400000016210
400000029001,"Принтер лазерный одноцветный A4 Canon PC 980,",Canon,PC 980,"400000029970,400000027203,400000027202",400000023565
400000032468,"Принтер-МФУ лазерное полноцветное A3 Canon ImagePress C750, 75стр/мин, USB 2.0, Ethernet",Canon,ImagePress C750,"400000031826,400000031828,400000031829,400000031827","400000032148,400000032684,400000032683,400000032147"
400000033283,"Принтер-МФУ лазерное полноцветное A3 Canon imageRUNNER ADVANCE DX C7765i, 65стр/мин, USB 2.0, Ethernet",Canon,imageRUNNER ADVANCE DX C7765i,,"400000033194,400000033195"
400000026458,"Принтер лазерный одноцветный A4 HP LaserJet 4100, 25стр/мин, LPT",HP,LaserJet 4100,"400000030376,400000026459,400000030377",
400000033533,"Принтер-МФУ лазерное одноцветное A3 Konica Minolta 7228, 28стр/мин, RJ-45",Konica Minolta,7228,,
400000026861,"Принтер лазерный одноцветный A4 Xerox Phaser 3140, 18стр/мин, USB 2.0",Xerox,Phaser 3140,"400000026952,400000019129,400000029745","400000021434,400000013639,400000021245"
400000032387,"Принтер-МФУ лазерное полноцветное SRA3 Konica Minolta Bizhub C368, 36стр/мин, USB 2.0, Ethernet, AirPrint, NFC",Konica Minolta,Bizhub C368,,"400000030898,400000032106,400000032570,400000031087,400000031615,400000030894,400000031222,400000030946,400000030896,400000030897,400000031673,400000032571,400000016173,400000021871,400000031520,400000032500,400000030947,400000032105,400000031612,400000032569,400000032568,400000033724"
400000033485,"Принтер-МФУ лазерное одноцветное A4 Konica Minolta Bizhub 4051i, 40стр/мин, USB 2.0, Ethernet, Wi-Fi",Konica Minolta,Bizhub 4051i,,
400000026392,"Принтер лазерный одноцветный A4 Canon LBP800, 8стр/мин, LPT",Canon,LBP800,"200000000410,400000005340,400000018339,200000001172,400000006296","400000022450,400000033097,400000002831,400000011759"
400000028968,"Принтер-МФУ лазерное одноцветное A4 Brother DCP-7020, 20стр/мин, LPT, USB 2.0",Brother,DCP-7020,"400000024237,400000030506",400000023678
400000031314,"Принтер-МФУ лазерное одноцветное A4 Panasonic KX MB1507, 18стр/мин, USB",Panasonic,KX MB1507,400000024842,
400000029051,"Принтер лазерный одноцветный A4 Canon i-SENSYS LBP6780, 40стр/мин, USB 2.0, Ethernet",Canon,i-SENSYS LBP6780,"400000016954,400000030355,400000014452,400000030356","400000027143,400000030165"
400000026214,"Принтер-МФУ лазерное одноцветное A4 Kyocera FS-1124MFP, 24стр/мин, USB",Kyocera,FS-1124MFP,"400000021431,400000013261,400000020244",400000030644
400000027764,"Принтер-МФУ лазерное полноцветное A4 HP Color LaserJet CM1017, 8стр/мин, USB 2.0, Ethernet",HP,Color LaserJet CM1017,"400000030574,400000027163,400000027165,400000027164,400000027162","400000024216,400000020609,400000022933"
400000028350,"Принтер лазерный одноцветный A4 HP LaserJet 6L, 6стр/мин, LPT",HP,LaserJet 6L,"400000028349,400000030371,400000020142","400000033097,400000002831,400000011759,400000020431"
400000026236,"Принтер лазерный одноцветный A4 Kyocera Ecosys P2040dw, 40стр/мин, USB 2.0, Ethernet, SD, Wi-Fi",Kyocera,Ecosys P2040dw,"400000024267,400000030408","400000024174,400000024601"
400000032371,"Принтер-МФУ лазерное полноцветное A3+ Konica Minolta Bizhub C352, 35стр/мин, RJ-45",Konica Minolta,Bizhub C352,,"400000030896,400000031817,400000031615"
400000029996,"Принтер лазерный одноцветный A4 Xerox Phaser 3450B, 24стр/мин, USB 2.0",Xerox,Phaser 3450B,200000001638,
400000030986,"Копир лазерный одноцветный A3 Ricoh FT4615, 15стр/мин,",Ricoh,FT4615,400000005764,
400000033433,"Принтер-МФУ лазерное одноцветное A3 Konica Minolta bizhub 362, 36стр/мин, USB 2.0, Ethernet",Konica Minolta,bizhub 362,,400000030896
400000026804,"Принтер-МФУ лазерное одноцветное A4 Samsung SCX-3405, 20стр/мин, USB 2.0",Samsung,SCX-3405,"400000030446,400000014788,400000030275","400000033110,400000021432,400000013495,400000018141,400000030639,400000016877,400000020379"
400000026589,"Принтер лазерный одноцветный A4 HP LaserJet Enterprise M601dn, 43стр/мин, USB 2.0, Ethernet",Не указано,Не указано,"400000030380,400000020052","400000030314,400000030165"
400000026277,"Принтер лазерный одноцветный A4 Kyocera Ecosys P3155DN, 55стр/мин, USB 2.0, Ethernet",Kyocera,Ecosys P3155DN,"400000024269,400000024088,400000024360,400000030412","400000030648,400000030649,400000024602,400000024601,400000033383,400000024174"
400000026397,"Принтер лазерный одноцветный A4 HP LaserJet Enterprise M608dn, 61стр/мин, USB 2.0, Ethernet",HP,LaserJet Enterprise M608dn,"400000026427,400000030382,400000030517",
400000030980,"Принтер лазерный одноцветный A4 Ricoh Aficio SP100, 13стр/мин, USB 2.0",Ricoh,Aficio SP100,"400000024916,400000020695","400000030061,400000030346"
400000026553,"Принтер-МФУ лазерное одноцветное A4 Canon i-SENSYS MF5880dn, 30стр/мин, USB 2.0, Ethernet",Canon,i-SENSYS MF5880dn,"400000026131,400000015223,400000030354,400000015221,400000030202","400000021214,400000002831,400000030165,400000030636,400000013502,400000015958"
400000026267,"Принтер лазерный одноцветный A4 Kyocera FS-4300dn, 60стр/мин, USB 2.0, Ethernet, SD",Kyocera,FS-4300dn,"400000030419,400000021985,400000019127,400000026266,400000030418","400000017716,400000030651,400000030652,400000030648,400000030650,400000030649,400000030882,400000033383,400000024601,400000030647,400000024174"
400000026254,"Принтер-МФУ лазерное одноцветное A4 Kyocera FS-3140MFP+, 40стр/мин, Ethernet",Kyocera,FS-3140MFP+,"400000026253,400000030416,400000030489",400000024174
400000029473,"МФУ лазерное одноцветное A4 Ricoh FAX 1140L,",Ricoh,FAX 1140L,"400000026969,400000030200",
400000033154,"Принтер-МФУ лазерное полноцветное A3 Xerox WorkCentre WC7675, 75стр/мин, Ethernet",Xerox,WorkCentre WC7675,,"400000031838,400000032581,400000032121,400000032516,400000032577,400000032104"
400000026670,"Принтер-МФУ лазерное одноцветное A4 Samsung SCX-4100, 14стр/мин, LPT, USB 2.0",Samsung,SCX-4100,"400000012655,400000026132,200000001109","200000001644,400000027146,400000022273"
400000032408,"Принтер-МФУ лазерное полноцветное A3 Xerox DocuColor DC250, 65стр/мин, Ethernet",Xerox,DocuColor DC250,,"400000032108,400000031838,400000032107,400000032149,400000032581,400000032516,400000032121,400000033704,400000032151,400000033573,400000032577,400000032104"
400000026895,"Принтер-МФУ лазерное одноцветное A4 Samsung SCX-5635FN, 33стр/мин, USB 2.0, Ethernet",Samsung,SCX-5635FN,"400000019459,400000030530",400000021215
400000028779,"Принтер лазерный полноцветный A4 HP Color LaserJet Enterprise CP4025n, 35стр/мин, USB 2.0, Ethernet",HP,Color LaserJet Enterprise CP4025n,400000030582,"400000016908,400000029033,400000016907"
400000031066,"Принтер-МФУ лазерное одноцветное A3 Konica Minolta bizhub 552, 55стр/мин, USB 2.0, Ethernet",Konica Minolta,bizhub 552,,"400000033730,400000030894,400000033724,400000030895,400000031615"
400000027205,"Копир лазерный одноцветный A4 Canon FC 100, 4стр/мин, USB 2.0",Canon,FC 100,"400000029970,400000030159,400000027203,400000027202",400000023565
400000028071,"Принтер-МФУ лазерное одноцветное A4 Brother MFC-7820NR, 20стр/мин, LPT, USB 2.0, Ethernet",Brother,MFC-7820NR,"400000024237,400000030303","400000023678,400000030642"
400000026371,"Принтер-МФУ лазерное одноцветное A3 Kyocera TASKalfa 3011i, 30стр/мин, USB 2.0, Ethernet",Kyocera,TASKalfa 3011i,"400000026372,400000030494",400000024601
400000026903,"Принтер лазерный одноцветный A4 Samsung ML-3310, 31стр/мин, USB 2.0, Ethernet",Samsung,ML-3310,"400000020350,400000030457,400000030456","400000024172,400000022448"
400000027871,"Принтер лазерный полноцветный A4 Canon i-SENSYS LBP7018C, 16стр/мин, USB 2.0",Canon,i-SENSYS LBP7018C,"400000020607,400000020606,400000030568,400000020605,400000020608","400000029033,400000016907,400000016908,400000022933,400000011107"
400000032471,"Принтер-МФУ лазерное полноцветное A3 Canon ImagePress C810, 80стр/мин, USB 2.0, Ethernet",Canon,ImagePress C810,"400000031826,400000031828,400000031829,400000031827","400000032148,400000032684,400000032683,400000032147"
400000033281,"Принтер-МФУ лазерное полноцветное A3 Canon imageRUNNER ADVANCE C9270 PRO, 70стр/мин, USB 2.0, Ethernet",Canon,imageRUNNER ADVANCE C9270 PRO,,400000033194
400000033404,"Принтер-МФУ лазерное одноцветное A4 Konica Minolta bizhub 161, 16стр/мин, LPT, USB 2.0",Konica Minolta,bizhub 161,,
400000029483,"Принтер-МФУ лазерное полноцветное A3+ Konica Minolta bizhub C280, 28стр/мин, USB 2.0, Ethernet",Konica Minolta,bizhub C280,"400000018811,400000029489,400000018810,400000012767","400000011450,400000030894,400000016173,400000030661,400000032570,400000013494,400000030896,400000032257,400000024540,400000030895,400000030976,400000031615,400000021871"
400000033212,"Принтер-МФУ лазерное полноцветное A3+ Konica Minolta Bizhub Pro C6501E, 65стр/мин, Ethernet",Konica Minolta,Bizhub Pro C6501E,,
400000028768,"Принтер-МФУ лазерное полноцветное A4 HP Color LaserJet Enterprise CM4540fksm MFP, 40стр/мин, USB 2.0, Ethernet",HP,Color LaserJet Enterprise CM4540fksm MFP,"400000028648,400000028647,400000030582,400000028646,400000028649","400000029033,400000026157,400000022933,400000016907"
400000033124,"Принтер-МФУ лазерное полноцветное A3 Xerox WorkCentre 7835, 35стр/мин, USB 2.0, Ethernet",Xerox,WorkCentre 7835,"400000032555,400000031936,400000031937,400000031939,400000031938,400000032575","400000033247,400000033245,400000033246"
400000026913,"Принтер лазерный одноцветный A4 Samsung ML-3750ND, 35стр/мин, USB 2.0, Ethernet",Samsung,ML-3750ND,"400000020351,400000030460",400000022448
400000026472,"Принтер-МФУ лазерное одноцветное A4 HP LaserJet 3055, 18стр/мин, USB 2.0, Ethernet",HP,LaserJet 3055,"400000011518,400000005168,400000013499,400000013234,400000011519,400000012388,200000000402","400000030633,400000009229,400000002831,400000009931,400000021698,400000015958,400000021558,400000033096,400000016407"
400000030983,"Принтер-МФУ лазерное полноцветное A3 Xerox Versant 180 Press, 80стр/мин, Ethernet",Xerox,Versant 180 Press,"400000031874,400000031581,400000031668,400000030961,400000032840,400000030963,400000032842,400000030962,400000030964,400000031669,400000031582,400000031873,400000031875,400000032839,400000031876,400000032841","400000032564,400000032561,400000031671,400000032581,400000031846,400000033545,400000031952,400000032565,400000032578,400000032940,400000031985,400000031459,400000032868,400000032580,400000031954,400000032566,400000033573,400000031847,400000031987,400000031953,400000031986,400000033575,400000031955,400000031984,400000032516,400000032579,400000032517,400000031848,400000031584,400000032556,400000031672,400000031849,400000031583,400000032563"
400000032475,"Принтер-МФУ лазерное полноцветное A3 Canon ImagePress C65, 65стр/мин, USB 2.0, Ethernet",Canon,ImagePress C65,"400000031826,400000031828,400000031829,400000031827","400000032148,400000032684,400000032683,400000032147"
400000028956,"Принтер-МФУ лазерное одноцветное A4 Brother DCP-1511, 20стр/мин, USB 2.0",Brother,DCP-1511,"400000028961,400000030198",400000025926
400000028644,"Принтер-МФУ лазерное полноцветное A4 Canon i-SENSYS MF628Cw, 14стр/мин, USB 2.0, RJ-45, Wi-Fi",Canon,i-SENSYS MF628Cw,"400000016596,400000025607,400000025605,400000016081,400000016957,400000015968,400000030569,400000016080,400000025606,400000025604","400000029033,400000016907,400000016908,400000026157,400000022933,400000015427"
400000033256,"Принтер-МФУ лазерное полноцветное A3 Canon ImagePress Lite C165, 65стр/мин, USB 2.0, Ethernet",Canon,ImagePress Lite C165,"400000033047,400000033048,400000033045,400000033046","400000033193,400000033194,400000033195"
400000026416,"Принтер-МФУ лазерное одноцветное A4 Canon Fax-L380, 18стр/мин, USB",Canon,Fax-L380,"400000030509,400000026405",400000015958
400000026780,"Принтер лазерный одноцветный A4 Samsung ML-2251N, 20стр/мин, LPT, USB 2.0, Ethernet",Samsung,ML-2251N,"400000030447,400000026779",400000014982
400000028886,"Принтер лазерный одноцветный A4 Canon i-SENSYS LBP253x, 33стр/мин, USB 2.0, RJ-45, Wi-Fi",Canon,i-SENSYS LBP253x,"400000023293,400000026131,400000015223,400000015221,400000030202","400000013502,400000002831,400000021214,400000015958"
400000033295,"Принтер-МФУ лазерное одноцветное A3 Xerox WorkCentre 4110, 110стр/мин, Ethernet",Xerox,WorkCentre 4110,,400000033196
400000027261,"Принтер-МФУ лазерное одноцветное A4 Panasonic KX-MB2000, 24стр/мин, USB 2.0, Ethernet",Panasonic,KX-MB2000,"400000016460,400000023774,400000018136",
400000032396,"Принтер-МФУ лазерное полноцветное SRA3 Konica Minolta bizhub PRESS C1060, 60стр/мин, USB 2.0, Ethernet",Konica Minolta,bizhub PRESS C1060,"400000032292,400000032291,400000031353,400000032294,400000031352,400000032293,400000031354,400000031351","400000033240,400000030973,400000033728,400000033699,400000033631,400000031469,400000033638,400000031516,400000031346,400000033180,400000033732,400000031422,400000033632,400000033702,400000032259,400000033731,400000033703,400000031420,400000033725,400000031615,400000031871,400000033722,400000031471,400000033182,400000031430,400000033639,400000033633,400000031518,400000032870,400000031931,400000033701,400000033636,400000033721,400000033184,400000033729,400000031929,400000031115,400000031470,400000033700,400000033720,400000033730,400000033183,400000031229,400000033713,400000031859,400000031802,400000031820,400000031515,400000033635,400000033181,400000032836,400000031819,400000033727,400000033724,400000031517,400000033723,400000031435"
400000033164,"Принтер лазерный полноцветный A3 Xerox Color 800i Press, 80стр/мин,",Xerox,Color 800i Press,"400000031099,400000031102,400000031100,400000031101,400000032112,400000032114,400000032113,400000032115","400000033719,400000033359,400000033244,400000033361,400000033651,400000033360,400000033338"
400000033207,"Принтер-МФУ лазерное полноцветное A3 Konica Minolta/Develop Ineo + 5501, 55стр/мин, Ethernet",Konica Minolta/Develop,Ineo + 5501,,"400000033188,400000033189,400000033192,400000030670,400000030672,400000032838,400000033185,400000030671,400000030673"
400000028682,"Принтер-МФУ лазерное полноцветное A4 HP Color LaserJet Pro MFP M177n, 16стр/мин, USB 2.0, RJ-45, Wi-Fi",HP,Color LaserJet Pro MFP M177n,"400000020607,400000020606,400000030604,400000020605,400000020608","400000016908,400000029033,400000022933,400000016907"
400000026401,"Принтер-МФУ лазерное одноцветное A4 HP LaserJet 3330mfp, 14стр/мин, LPT, USB 2.0",HP,LaserJet 3330mfp,"400000014970,400000011524,400000005341,200000000393,400000013500,400000012992,400000030364","400000021214,400000011851,400000002831,400000010374,400000015958,400000025157,400000011757"
400000033501,"Принтер-МФУ лазерное одноцветное SRA3 Konica Minolta AccurioPrint 850i, 85стр/мин,",Konica Minolta,AccurioPrint 850i,,
400000032461,"Принтер-МФУ лазерное одноцветное A3 Konica Minolta Bizhub PRO 1050, 105стр/мин, Ethernet",Konica Minolta,Bizhub PRO 1050,,"400000031932,400000033730,400000031824,400000031803,400000031823,400000032908"
400000027763,"Принтер лазерный полноцветный A4 Canon LBP5000, 8стр/мин, USB 2.0",Canon,LBP5000,"400000030572,400000027163,400000027165,400000027164,400000027162","400000024216,400000020609,400000022933"
400000026424,"Принтер-МФУ лазерное одноцветное A4 Canon LaserBase MF5650, 18стр/мин, USB 2.0",Canon,LaserBase MF5650,"400000012250,400000026727,400000004892,200000001808,400000030270","400000002831,400000011757,400000033095,400000015958,400000010374"
400000027239,"Принтер-МФУ лазерное одноцветное A4 Pantum M6550NW, 22стр/мин, USB 2.0, RJ-45, Wi-Fi",Pantum,M6550NW,"400000027209,400000030431","400000029060,400000033102,400000030952,400000025307"
400000032413,"Принтер-МФУ лазерное полноцветное A3 Xerox WorkCentre WC7765, 65стр/мин, Ethernet",Xerox,WorkCentre WC7765,,"400000032108,400000031838,400000032107,400000032149,400000032581,400000032516,400000032121,400000032577,400000032104"
400000033131,"Принтер-МФУ лазерное полноцветное A3 Xerox WorkCentre 7970i, 70стр/мин, USB 2.0, Ethernet",Xerox,WorkCentre 7970i,"400000032555,400000031936,400000031937,400000031939,400000031938,400000032575","400000031852,400000033245,400000032574,400000033246,400000031850,400000033247,400000031851,400000031853"
400000026982,"Копир лазерный одноцветный A3 Xerox WorkCentre M118, 18стр/мин, LPT, USB 2.0, Ethernet",Xerox,WorkCentre M118,"400000020245,400000005778",
400000033586,Принтер-МФУ лазерное одноцветное A4 Konica Minolta PagePro 1480MF,,,,
400000028582,"Принтер-МФУ лазерное одноцветное A4 Canon i-SENSYS MF4350d, 22стр/мин, USB 2.0",Canon,i-SENSYS MF4350d,"400000013234,400000030513,400000013499,400000012388","400000015958,400000002831,400000016407"
400000027180,"Принтер лазерный полноцветный A4 Oki C511dn, 30стр/мин, USB 2.0, Ethernet",Oki,C511dn,"400000027174,400000030590,400000027172,400000027176,400000027175",
400000033514,"Принтер лазерный одноцветный A4 HP LaserJet 107a, 20стр/мин, USB 2.0",HP,LaserJet 107a,"400000032171,400000031502","400000032942,400000032009,400000033603,400000027145"
400000028899,"Принтер лазерный одноцветный A4 Brother HL-1250, 12стр/мин, LPT, USB 2.0",Brother,HL-1250,"400000028905,400000029972,400000030499",400000023607
400000027268,"Принтер лазерный одноцветный A4 Brother HL-2150NR, 22стр/мин, USB 2.0, Ethernet",Brother,HL-2150NR,"400000030307,400000018695,400000017384",400000023678
400000030113,"Принтер лазерный одноцветный A4 Brother HL-5240, 28стр/мин, LPT, USB 2.0",Brother,HL-5240,"400000030116,400000030111",
400000033617,"Принтер-МФУ лазерное одноцветное A4 Pantum M7108DN, 33стр/мин, USB 2.0, NFC",Pantum,M7108DN,400000033513,
400000033584,Принтер лазерный одноцветный A4 Konica Minolta PagePro 1350EN,,,,
400000026224,"Принтер-МФУ лазерное одноцветное A4 Kyocera Ecosys FS-1130MFP, 30стр/мин, USB",Kyocera,Ecosys FS-1130MFP,"400000019122,400000016955,400000030520,400000019121","400000030644,400000030643,400000024601"
400000033661,"Принтер-МФУ лазерное одноцветное A3 Xerox Versalink С7025,",Xerox,Versalink С7025,,400000033573
400000026294,"Принтер лазерный одноцветный A3 Kyocera FS-6950dn, 32стр/мин, LPT, USB 2.0, Ethernet",Kyocera,FS-6950dn,"400000030277,400000026292","400000024174,400000024601"
400000026597,"Принтер лазерный одноцветный A4 Canon i-SENSYS LBP-3100, 16стр/мин, USB 2.0",Не указано,Не указано,"400000015579,400000030328,400000026129","400000009850,400000030017,400000030314,400000030165,400000030021,400000012999,400000030632,400000017602"
400000027252,"Принтер-МФУ лазерное одноцветное A4 Oki MB562dnw, 45стр/мин, USB 2.0, Ethernet",Oki,MB562dnw,"400000030432,400000026650",
400000029766,"Принтер лазерный одноцветный A4 Brother HL-L2300DR, 26стр/мин, USB 2.0",Brother,HL-L2300DR,"400000029773,400000030269,400000023506,400000030323",
400000027285,"Принтер лазерный одноцветный A4 Brother HL-2270DW, 26стр/мин, USB 2.0, RJ-45, Wi-Fi",Brother,HL-2270DW,"400000019642,400000030508,400000030507,400000019681,400000029061",400000027142
400000026341,"Принтер-МФУ лазерное одноцветное A3 Kyocera TASKAlfa 180, 18стр/мин, USB 2.0, Ethernet",Kyocera,TASKAlfa 180,"400000018345,400000011690,400000022462",400000026704
400000033749,"Принтер лазерный одноцветный A4 Pantum P3302DN, 33стр/мин, USB 2.0",Pantum,P3302DN,400000033642,400000032005
400000031018,"Принтер-МФУ лазерное полноцветное SRA3 Konica Minolta bizhub C654e, 65стр/мин, USB 2.0, Ethernet",Konica Minolta,bizhub C654e,"400000033051,400000032909,400000033179,400000033178,400000033177","400000030887,400000030728,400000033730,400000030894,400000031345,400000031222,400000030907,400000031609,400000033724,400000030897,400000031364,400000030664,400000030886,400000031615"
400000033470,"Принтер лазерный одноцветный A4 Konica Minolta bizhub 3301p, 33стр/мин, USB 2.0, Ethernet",Konica Minolta,bizhub 3301p,,
400000026621,"Принтер лазерный одноцветный A4 HP LaserJet Pro P1566, 22стр/мин, USB 2.0",HP,LaserJet Pro P1566,"400000014786,400000014981,400000026499,400000030274,400000030403,400000026129,400000030271,400000015579","400000009850,400000030022,400000030632,400000030017,400000030314,400000030165,400000030021,400000012999,400000022453,400000017602"
400000028955,"Принтер-МФУ лазерное одноцветное A4 Brother DCP-1510, 20стр/мин, USB 2.0",Brother,DCP-1510,"400000028961,400000030198","400000030641,400000025926"
400000033423,"Принтер-МФУ лазерное одноцветное A3 Konica Minolta bizhub 211, 21стр/мин, USB 2.0, Ethernet",Konica Minolta,bizhub 211,,400000030896
400000028680,"Принтер-МФУ лазерное полноцветное A4 HP Color LaserJet Pro MFP M176n, 16стр/мин, USB 2.0, Ethernet",HP,Color LaserJet Pro MFP M176n,"400000020607,400000020606,400000030604,400000020605,400000020608","400000016908,400000029033,400000022933,400000016907"
400000029480,"Принтер-МФУ лазерное полноцветное A3+ Konica Minolta Bizhub C203, 20стр/мин, USB 2.0, Ethernet",Konica Minolta,Bizhub C203,"400000009743,400000009741,400000009740,400000009742","400000011450,400000030894,400000023989,400000030896,400000030895,400000016173,400000031615,400000021871"
400000028375,"Принтер-МФУ лазерное одноцветное A4 Canon i-SENSYS FAX-L160, 14стр/мин, USB 2.0",Canon,i-SENSYS FAX-L160,"400000011518,400000005168,400000030513,400000013499,400000013234,400000011519,400000012388","400000030633,400000009229,400000002831,400000015958,400000016407"
400000029777,"Принтер лазерный полноцветный A4 Kyocera FS-C5150DN, 21стр/мин, USB 2.0, Ethernet",Kyocera,FS-C5150DN,400000029778,400000021766
400000029748,"Принтер-МФУ лазерное одноцветное A4 Xerox Phaser 3635MFP/X, 33стр/мин, USB 2.0, Ethernet",Xerox,Phaser 3635MFP/X,"400000029749,400000029750",
400000026196,"Принтер-МФУ лазерное одноцветное A4 Kyocera FS-1016MFP, 16стр/мин, USB 2.0",Kyocera,FS-1016MFP,"400000022931,400000004750,400000030420",400000030644
400000026198,"Принтер лазерный одноцветный A4 Kyocera FS-720, 16стр/мин, USB 2.0",Kyocera,FS-720,"400000022931,400000004750,400000030420",400000030644
400000028397,"Принтер-МФУ лазерное одноцветное A4 Canon Fax-L240, 6стр/мин,",Canon,Fax-L240,"400000030201,400000028381",400000002831
400000031004,"Принтер-МФУ лазерное полноцветное A3 Xerox WorkCentre 7345, 45стр/мин, USB 2.0, Ethernet",Xerox,WorkCentre 7345,"400000031065,400000030922,400000030924,400000030978,400000030923",400000030925
400000026174,"Принтер лазерный одноцветный A4 Kyocera Mita FS-3820, 28стр/мин, LPT, USB 2.0, Ethernet",Kyocera,Mita FS-3820,"400000026188,400000030426",
400000033756,"Принтер-МФУ лазерное одноцветное A4 Pantum M7200FDN, 33стр/мин, USB 2.0",Pantum,M7200FDN,400000033642,400000032005
400000033419,"Принтер-МФУ лазерное одноцветное A3 Konica Minolta bizhub 350, 35стр/мин, USB 2.0, Ethernet",Konica Minolta,bizhub 350,,400000030896
400000029770,"Принтер-МФУ лазерное одноцветное A4 Brother MFC-L2700DWR, 26стр/мин, USB 2.0, RJ-45, Wi-Fi",Brother,MFC-L2700DWR,"400000029773,400000030269,400000023506,400000030323",
400000033265,"Принтер-МФУ лазерное полноцветное A3 Canon imageRUNNER ADVANCE C7065, 65стр/мин, USB 2.0, Ethernet",Canon,imageRUNNER ADVANCE C7065,,400000033194
400000033751,"Принтер-МФУ лазерное одноцветное A4 Pantum M6700D, 30стр/мин, USB 2.0",Pantum,M6700D,400000033642,400000032005
400000033528,Принтер-МФУ лазерное полноцветное SRA3 Konica Minolta bizhub C451i,,,,
400000026417,"Принтер-МФУ лазерное одноцветное A4 Canon Fax-L400, 14стр/мин, USB",Canon,Fax-L400,"400000030509,400000026405",400000015958
400000033744,"Принтер лазерный одноцветный A4 Pantum P3010D, 30стр/мин, USB 2.0",Pantum,P3010D,400000033642,400000032005
400000028133,"Принтер лазерный одноцветный A4 Brother HL-2030R, 16стр/мин, USB 2.0",Brother,HL-2030R,"400000024237,400000030303","400000023678,400000030642"
400000028467,"Принтер лазерный одноцветный A4 Canon LBP460,",Canon,LBP460,"400000028349,400000030362,400000020142","400000033097,400000002831,400000011759"
400000027208,"Копир лазерный одноцветный A4 Canon FC 200, 4стр/мин,",Canon,FC 200,"400000027204,400000030195,400000027202,400000029970,400000027203,400000030159",400000023565
400000026549,"Принтер лазерный одноцветный A4 HP LaserJet P2055, 33стр/мин, USB 2.0, Ethernet",HP,LaserJet P2055,"400000015223,400000023293,400000026131,400000007076","400000021214,400000030314,400000002831,400000030636,400000030165,400000013502,400000015958,400000030313,400000021558"
400000027766,"Принтер лазерный полноцветный A4 HP Color LaserJet 2605, 12стр/мин, USB 2.0",HP,Color LaserJet 2605,"400000030574,400000027163,400000027165,400000027164,400000027162","400000024216,400000020609,400000022933"
400000029808,"Принтер-МФУ лазерное полноцветное A4 Samsung CLX-3185, 4стр/мин,",Samsung,CLX-3185,400000030592,
400000026402,"Принтер-МФУ лазерное одноцветное A4 HP LaserJet 3380mfp, 19стр/мин, LPT, USB 2.0",HP,LaserJet 3380mfp,"400000014970,400000011524,400000005341,200000000393,400000013500,400000012992,400000030364","400000021214,400000011851,400000002831,400000010374,400000015958,400000025157,400000011757"
400000026228,"Принтер-МФУ лазерное одноцветное A4 Kyocera Ecosys FS-1135MFP, 35стр/мин, USB",Kyocera,Ecosys FS-1135MFP,"400000019123,400000019124,400000030519,400000018133","400000030644,400000022503,400000030643,400000024601"
400000029517,"Принтер-МФУ лазерное полноцветное A4 Kyocera FS-C8650dn, 45стр/мин,",Kyocera,FS-C8650dn,"400000029520,400000029519,400000029521,400000029518,400000030605","400000024343,400000024345,400000024344,400000024346"
400000033435,"Принтер-МФУ лазерное одноцветное A3 Konica Minolta bizhub 500, 50стр/мин, USB 2.0, Ethernet",Konica Minolta,bizhub 500,,"400000030896,400000031820"
400000028996,"Принтер лазерный одноцветный A4 Canon PC 920,",Canon,PC 920,"400000029970,400000027203,400000027202",400000023565
400000028675,"Принтер лазерный полноцветный A4 HP Color LaserJet CP3505n, 21стр/мин, USB 2.0, Ethernet",HP,Color LaserJet CP3505n,"400000028672,400000028674,400000028671,400000030577,400000028673","400000022933,400000002802"
400000029722,"Принтер-МФУ лазерное одноцветное A4 Samsung SL-M2675FN, 26стр/мин, USB 2.0, Ethernet",Samsung,SL-M2675FN,400000029728,
400000029477,"Принтер лазерный полноцветный A3 Oki C9800, 40стр/мин, LPT, USB 2.0, Ethernet",Oki,C9800,400000030562,"400000021565,400000021568,400000018150,400000021566,400000021567"
400000026933,"Принтер-МФУ лазерное одноцветное A4 Ricoh SP 202SN, 22стр/мин, USB 2.0, Ethernet",Ricoh,SP 202SN,"400000030433,400000026941",
400000026555,"Принтер-МФУ лазерное одноцветное A4 Canon i-SENSYS MF5980dn, 33стр/мин, USB 2.0, RJ-45, Wi-Fi",Canon,i-SENSYS MF5980dn,"400000015223,400000030202,400000026131,400000023293","400000021214,400000002831,400000030165,400000030636,400000013502,400000015958"
400000026864,"Принтер лазерный одноцветный A4 Samsung ML-2850D, 28стр/мин, USB 2.0",Samsung,ML-2850D,"400000030449,400000023982,400000030448,400000014980","400000020048,400000027147,400000021245"
400000029762,"Принтер-МФУ лазерное одноцветное A4 Brother DCP-L2500DR, 26стр/мин,",Brother,DCP-L2500DR,"400000029773,400000030269,400000023506,400000030323",
400000026344,"Принтер-МФУ лазерное одноцветное A3 Kyocera TASKAlfa 221, 22стр/мин, USB 2.0, Ethernet",Kyocera,TASKAlfa 221,"400000018345,400000011690,400000022462",400000026704
400000026915,"Принтер лазерный одноцветный A4 Samsung ML-3561ND, 33стр/мин, USB 2.0, Ethernet, SD",Samsung,ML-3561ND,"400000026917,400000030459",
400000031077,"Принтер-МФУ лазерное полноцветное A3+ Konica Minolta bizhub C650, 65стр/мин, USB 2.0, Ethernet",Konica Minolta,bizhub C650,,"400000033730,400000030894,400000031428,400000030895,400000031817,400000031615"
400000028511,"Принтер-МФУ лазерное одноцветное A4 Canon LaserBase MF3240, 20стр/мин, USB 2.0",Canon,LaserBase MF3240,"400000026727,400000012250,200000001808,400000030270","400000010374,400000002831,400000033095,400000011757"
400000028744,"Принтер-МФУ лазерное полноцветное A4 Canon i-SENSYS MF8230cn, 14стр/мин, USB 2.0, Ethernet",Canon,i-SENSYS MF8230cn,"400000016596,400000025607,400000025605,400000016081,400000016957,400000030569,400000016080,400000025606,400000025604","400000029033,400000016907,400000016908,400000026157,400000022933,400000015427"
400000029800,"Принтер-МФУ лазерное полноцветное A3 Kyocera TASKalfa 500ci, 40стр/мин, USB 2.0, Ethernet",Kyocera,TASKalfa 500ci,400000030601,
400000026760,"Принтер-МФУ лазерное одноцветное A4 Samsung SCX-3207, 16стр/мин, USB 2.0",Samsung,SCX-3207,"400000023775,400000007100,400000012991","400000030637,400000033603,400000010377,400000027145"
400000026419,"Принтер-МФУ лазерное одноцветное A4 Canon LaserBase MF3110, 20стр/мин, USB 2.0",Canon,LaserBase MF3110,"400000026727,400000012250,200000001808,400000030270","400000010374,400000002831,400000033095,400000011757"
400000026256,"Принтер-МФУ лазерное одноцветное A4 Kyocera FS-3640MFP, 40стр/мин, USB 2.0, Ethernet",Kyocera,FS-3640MFP,"400000026253,400000030416",400000024174
400000029484,"Принтер-МФУ лазерное полноцветное A3+ Konica Minolta bizhub C360, 28стр/мин, USB 2.0, Ethernet",Konica Minolta,bizhub C360,"400000018811,400000029489,400000018810,400000012767","400000011450,400000030894,400000016173,400000030661,400000032570,400000013494,400000030896,400000032257,400000024540,400000030895,400000030976,400000031615,400000021871"
400000026556,"Принтер лазерный одноцветный A4 HP LaserJet Pro 400 M401dn, 33стр/мин, USB 2.0, Ethernet",HP,LaserJet Pro 400 M401dn,"400000015580,400000023293,400000015124,400000030390,400000026131,400000018132","400000021214,400000030314,400000002831,400000030165,400000013502,400000015958,400000030313,400000021558"
400000027802,"Принтер лазерный полноцветный A4 Canon i-SENSYS LBP7200Cdn, 20стр/мин, USB 2.0, Ethernet",Canon,i-SENSYS LBP7200Cdn,"400000018143,400000032753,400000032752,400000018145,400000020487,400000032755,400000019312,400000030570,400000032754","400000029033,400000030612,400000016907,400000016908,400000026157,400000022933,400000011107,400000015427"
400000032372,"Принтер-МФУ лазерное полноцветное A3 Konica Minolta Bizhub C450, 45стр/мин, RJ-45",Konica Minolta,Bizhub C450,,"400000030896,400000031817"
400000026367,"Принтер-МФУ лазерное одноцветное A3 Kyocera KM-3050, 30стр/мин, LPT, USB 2.0, RS-232C/RS-422A",Kyocera,KM-3050,"400000016149,200000005717,400000030490",400000025387
400000029801,"Принтер-МФУ лазерное полноцветное A3 Kyocera TASKalfa 552ci, 50стр/мин, USB 2.0, Ethernet",Kyocera,TASKalfa 552ci,400000030601,
400000026775,"Принтер-МФУ лазерное одноцветное A4 Samsung SCX-4300, 18стр/мин, USB 2.0",Samsung,SCX-4300,"400000023608,400000030526","200000001644,400000027146,400000022273"
400000033388,Принтер-МФУ лазерное одноцветное A4 Konica Minolta F+ imaging M60ade,,,,
400000026241,"Принтер лазерный одноцветный A4 Kyocera FS-2000D, 30стр/мин, LPT, USB 2.0",Kyocera,FS-2000D,"400000026246,400000030414","400000024174,400000024601"
400000032464,"Принтер-МФУ лазерное полноцветное A3 Canon ImagePress C600i, 60стр/мин, USB 2.0, Ethernet",Canon,ImagePress C600i,"400000031826,400000031828,400000031829,400000031827","400000032148,400000032684,400000032683,400000032147"
400000028836,"МФУ одноцветное A4 HP LaserJet Ultra M230fdw, 28стр/мин, USB 2.0, Ethernet, RJ-11, Wi-Fi",HP,LaserJet Ultra M230fdw,"400000028842,400000030204","400000030635,400000025158"
400000026677,"Принтер лазерный одноцветный A4 Samsung ML-1610, 16стр/мин, LPT, USB 2.0",Samsung,ML-1610,"400000023563,400000030438,200000003316,400000017386,400000015225","400000025156,400000030640,400000011148,400000021215"
400000033764,"Принтер лазерный полноцветный SRA3 Ricoh Pro C7200SX, 85стр/мин, USB 2.0, Ethernet",Ricoh,Pro C7200SX,"400000033709,400000033710,400000033711,400000033712",400000033714
400000026801,"Принтер лазерный одноцветный A4 Samsung ML-2160, 20стр/мин, USB 2.0",Samsung,ML-2160,"400000030446,400000014788,400000030275","400000033110,400000021432,400000013495,400000018141,400000030639,400000016877,400000020379"
400000033396,"Принтер-МФУ лазерное одноцветное A3 Konica Minolta Bizhub 360, 36стр/мин, USB 2.0, Ethernet",Konica Minolta,Bizhub 360,,"400000030896,400000033724"
400000033482,"Принтер-МФУ лазерное одноцветное A4 Konica Minolta Bizhub 4020, 40стр/мин, USB 2.0, Ethernet",Konica Minolta,Bizhub 4020,,
400000026363,"Принтер-МФУ лазерное одноцветное A3 Kyocera KM-3060, 30стр/мин, USB 2.0, Ethernet",Kyocera,KM-3060,"400000026364,400000030491",
400000029724,"Принтер лазерный одноцветный A4 Samsung SL-M2826ND, 28стр/мин, USB 2.0, Ethernet",Samsung,SL-M2826ND,400000029728,
400000026792,"Принтер-МФУ лазерное одноцветное A4 Samsung SCX-6220, 20стр/мин, LPT, USB 2.0",Samsung,SCX-6220,"400000026793,400000030531",
400000032420,"Принтер лазерный одноцветный A3 Konica Minolta Bizhub Press 1250P, 125стр/мин, Ethernet",Konica Minolta,Bizhub Press 1250P,400000024192,"400000031932,400000031868,400000032173,400000031867,400000033724,400000033700,400000032908"
400000032354,"Принтер-МФУ лазерное полноцветное SRA3 Konica Minolta AccurioPrint C2060L, 60стр/мин, USB 2.0, Ethernet",Konica Minolta,AccurioPrint C2060L,"400000032831,400000024198,400000032833,400000032832","400000033240,400000033346,400000030973,400000033728,400000030972,400000033631,400000033699,400000031469,400000031516,400000031346,400000033180,400000031422,400000033638,400000033632,400000031420,400000033703,400000033731,400000032259,400000033725,400000031871,400000033722,400000031471,400000033182,400000031430,400000033639,400000033633,400000031518,400000032870,400000031931,400000033701,400000033636,400000033721,400000033184,400000033729,400000031929,400000031115,400000031470,400000033700,400000033720,400000033730,400000033183,400000033713,400000031802,400000031515,400000033635,400000033181,400000032836,400000031819,400000033727,400000033724,400000031517,400000033723,400000031435"
400000031021,"Принтер-МФУ лазерное полноцветное SRA3 Konica Minolta bizhub C759, 75стр/мин, USB 2.0, Ethernet, AirPrint",Konica Minolta,bizhub C759,,"400000030887,400000030728,400000030894,400000030907,400000032570,400000030897,400000033724,400000030664,400000030886,400000031615"
400000033532,"Принтер-МФУ лазерное одноцветное A3 Konica Minolta 7222, 22стр/мин, RJ-45",Konica Minolta,7222,,
400000026797,"Принтер-МФУ лазерное одноцветное A4 Xerox WorkCentre 4118X, 17стр/мин, LPT, USB 2.0",Xerox,WorkCentre 4118X,"400000026799,400000030542",
400000026644,"Принтер-МФУ лазерное одноцветное A4 HP LaserJet Enterprise M527dn, 43стр/мин, USB 2.0, Ethernet",HP,LaserJet Enterprise M527dn,"400000026642,400000030372,400000030373","400000029975,400000021558,400000024837,400000033101"
400000026888,"Принтер-МФУ лазерное одноцветное A4 Xerox WorkCentre 3550X, 33стр/мин, USB 2.0, Ethernet",Xerox,WorkCentre 3550X,"400000026889,400000029758",400000021215
400000026966,"Принтер лазерный одноцветный A4 Xerox Phaser 3040B, 24стр/мин, USB 2.0",Xerox,Phaser 3040B,"400000030469,400000030468,400000015224,400000030470,400000030471","400000013846,400000030317"
400000026782,"Принтер лазерный одноцветный A4 Xerox Phaser 3150, 20стр/мин, LPT, USB 2.0",Xerox,Phaser 3150,"400000030476,400000030477,400000026783","400000016595,400000014982"
400000028029,"Принтер лазерный полноцветный A4 Xerox Color Phaser 6110, 16стр/мин, USB 2.0, Ethernet",Xerox,Color Phaser 6110,"400000028027,400000028028,400000028026,400000027311,400000006998",
400000026550,"Принтер лазерный одноцветный A4 Canon i-SENSYS LBP6300dn, 30стр/мин, USB 2.0, Ethernet",Не указано,Не указано,"400000023293,400000026131,400000015223,400000030354,400000030202","400000021214,400000002831,400000030165,400000030636,400000013502,400000015958"
400000033277,"Принтер-МФУ лазерное полноцветное A3 Canon imageRUNNER ADVANCE C7570i, 70стр/мин, USB 2.0, Ethernet",Canon,imageRUNNER ADVANCE C7570i,,"400000033194,400000033195"
400000033416,"Принтер лазерный одноцветный A4 Konica Minolta bizhub 20p, 30стр/мин, USB 2.0, Ethernet",Konica Minolta,bizhub 20p,,
400000028693,"Принтер лазерный полноцветный A4 HP LaserJet Pro 300 color M351a, 18стр/мин, USB 2.0",HP,LaserJet Pro 300 color M351a,"400000018143,400000030587,400000018145,400000020487,400000019312","400000029033,400000016907,400000016908,400000026157,400000022933,400000015427"
400000026630,"Принтер-МФУ лазерное одноцветное A4 HP LaserJet Pro MFP M125rnw, 20стр/мин, USB 2.0, RJ-45, Wi-Fi",HP,LaserJet Pro MFP M125rnw,"400000020133,400000030394,400000021216,400000030363,400000019120","400000030017,400000009850,400000030165,400000017602"
400000033453,Принтер-МФУ лазерное одноцветное A4 Konica Minolta MagiColor 1680MF,,,,
400000033585,Принтер лазерный одноцветный A4 Konica Minolta PagePro 1350W,,,,
400000033767,"Принтер лазерный полноцветный SRA3 Ricoh Pro C7210SX, 95стр/мин, USB 2.0, Ethernet",Ricoh,Pro C7210SX,"400000033709,400000033710,400000033711,400000033712",400000033714
400000026736,"Принтер-МФУ лазерное одноцветное A4 Samsung SCX-4500, 16стр/мин, USB 2.0",Samsung,SCX-4500,"400000030439,400000026734",
400000026951,"Принтер-МФУ лазерное одноцветное A4 Samsung SCX-6555N, 53стр/мин, USB 2.0, Ethernet",Samsung,SCX-6555N,"400000026930,400000030533",
400000032660,"Принтер-МФУ лазерное одноцветное A4 Konica Minolta Bizhub 25e, 30стр/мин, USB 2.0, Ethernet",Konica Minolta,Bizhub 25e,,"400000031426,400000032570,400000016173,400000031427"
400000026627,"Принтер-МФУ лазерное одноцветное A4 Canon i-SENSYS MF4550d, 25стр/мин, USB 2.0",Canon,i-SENSYS MF4550d,"400000014786,400000014981,400000026499,400000030514,400000026129,400000015579","400000009850,400000030017,400000030314,400000014883,400000030165,400000033101,400000030021,400000012999,400000030632,400000017602"
400000032426,"Принтер лазерный полноцветный SRA3 Konica Minolta Bizhub PRESS C71hc, 71стр/мин, USB 2.0, Ethernet",Konica Minolta,Bizhub PRESS C71hc,,"400000033240,400000030973,400000033728,400000033699,400000033631,400000031469,400000031346,400000033180,400000033732,400000031422,400000033632,400000033702,400000033731,400000033703,400000031420,400000033725,400000031615,400000031871,400000033722,400000031471,400000033182,400000033639,400000033633,400000031518,400000032870,400000031931,400000033701,400000033636,400000033721,400000033184,400000033729,400000031929,400000031115,400000031470,400000033700,400000033720,400000033730,400000033183,400000031229,400000033713,400000031859,400000031802,400000031820,400000033635,400000033181,400000032836,400000031819,400000033727,400000033724,400000033638,400000033723,400000031435"
400000029522,"Принтер лазерный полноцветный A4 Kyocera FS-C5100,",Kyocera,FS-C5100,400000030589,"400000019830,400000019829,400000019827,400000024601,400000019828,400000024174"
400000031436,"Принтер лазерный полноцветный A3 Konica Minolta AccurioPress C6100, 100стр/мин, Ethernet",Konica Minolta,AccurioPress C6100,"400000030668,400000031473,400000031472,400000033321,400000030665,400000033320,400000030669,400000030667,400000024363,400000033319,400000033322,400000030666,400000024348,400000024364","400000033730,400000032258,400000031513,400000031366,400000031429,400000031511,400000030970,400000033742,400000031514,400000031365,400000030949,400000031434,400000033724,400000031512,400000033720"
400000027098,"Принтер-МФУ лазерное одноцветное A4 Canon i-SENSYS MF4780w, 23стр/мин, USB 2.0, RJ-45, Wi-Fi",Canon,i-SENSYS MF4780w,"400000014786,400000014981,400000030514,400000026129,400000015579","400000009850,400000014883,400000030165,400000030021,400000012999,400000017602"
400000032409,"Принтер-МФУ лазерное полноцветное A3 Xerox DocuColor DC242, 65стр/мин, Ethernet",Xerox,DocuColor DC242,,"400000032108,400000031838,400000032107,400000032149,400000032581,400000032516,400000032121,400000033704,400000032151,400000033573,400000032577,400000032104"
400000026206,"Принтер лазерный одноцветный A4 Kyocera Mita FS-1100, 28стр/мин, USB",Kyocera,Mita FS-1100,"400000004771,400000018134,400000020918","400000018346,400000030644,400000024601"
400000033663,"Принтер-МФУ лазерное полноцветное A3 Xerox WorkCentre 7840, 40стр/мин, USB 2.0, Ethernet",Xerox,WorkCentre 7840,,400000033245
400000029543,"Принтер лазерный полноцветный A3 Oki C810, 30стр/мин, USB 2.0",Oki,C810,"400000029547,400000029544,400000029546,400000029545,400000030561","400000021564,400000024301,400000021759,400000024303,400000021563,400000021758,400000024300,400000024302"
400000029799,"Принтер-МФУ лазерное полноцветное A3 Kyocera TASKalfa 400ci, 40стр/мин, USB 2.0, Ethernet",Kyocera,TASKalfa 400ci,400000030601,
400000029055,"Принтер-МФУ лазерное полноцветное A3 Canon iR C4580, 51стр/мин, Ethernet",Canon,iR C4580,400000030598,
400000033422,"Принтер-МФУ лазерное одноцветное A3 Konica Minolta bizhub 180, 18стр/мин, USB 1.1, Ethernet, IEEE1394",Konica Minolta,bizhub 180,,400000030896
400000033670,"Принтер-МФУ лазерное полноцветное A3 Canon ImagePress C660, 66стр/мин, USB 2.0, Ethernet",Canon,ImagePress C660,,"400000032148,400000032147"
400000032404,"Принтер-МФУ лазерное полноцветное A3 Xerox Color C70, 70стр/мин, USB 2.0, Ethernet",Xerox,Color C70,"400000031438,400000031572,400000032347,400000031935,400000032976,400000032351,400000030953,400000031442,400000031439,400000031444,400000030955,400000031440,400000032977,400000032350,400000031571,400000032349,400000031441,400000032346,400000031437,400000031443,400000032345,400000031570,400000030956,400000032975,400000032348,400000032974,400000030954,400000031569,400000032352","400000031946,400000031837,400000032581,400000031840,400000031578,400000031971,400000031844,400000032104,400000031836,400000032108,400000031838,400000032557,400000031841,400000032873,400000031977,400000031842,400000032149,400000031843,400000033704,400000031577,400000033573,400000032577,400000031839,400000031978,400000031945,400000031579,400000032516,400000031580,400000031944,400000032874,400000031976,400000032576,400000032150,400000032107,400000032872,400000031979,400000032121,400000031947,400000032875,400000032151,400000032109"
400000031008,"Принтер-МФУ лазерное одноцветное SRA3 Konica Minolta Bizhub 368, 36стр/мин, USB 2.0, Ethernet, AirPrint, NFC",Konica Minolta,Bizhub 368,,"400000030887,400000032500,400000031520,400000030898,400000030728,400000030947,400000030907,400000032570,400000031612,400000030896,400000030897,400000032571,400000032568,400000030664,400000030886,400000031615,400000021871"
400000027761,"Принтер лазерный полноцветный A4 HP color LaserJet CP3525dn, 30стр/мин, USB 2.0, Ethernet",HP,color LaserJet CP3525dn,400000011093,"400000029033,400000016907,400000016908,400000026157,400000022933,400000011107"
400000026653,"Принтер лазерный одноцветный A4 Samsung ML-1210, 12стр/мин, LPT, USB 2.0",Samsung,ML-1210,"400000014789,200000000415",400000016210
400000027247,"Принтер лазерный полноцветный A4 Kyocera ECOSYS P6030c, 30стр/мин, USB 2.0, Ethernet",Kyocera,ECOSYS P6030c,"400000022692,400000022693,400000020452,400000022694,400000030588",
400000033213,"Принтер-МФУ лазерное полноцветное A3+ Konica Minolta Bizhub Pro C6501EP, 65стр/мин, Ethernet",Konica Minolta,Bizhub Pro C6501EP,,
400000032400,"Принтер лазерный полноцветный A3 Xerox Versant 4100 Press, 100стр/мин, Ethernet",Xerox,Versant 4100 Press,"400000030969,400000030967,400000030966,400000030968","400000032564,400000032561,400000032581,400000031846,400000032701,400000033545,400000032565,400000032578,400000032940,400000031459,400000032868,400000032580,400000032566,400000033573,400000031847,400000033575,400000032516,400000032579,400000032517,400000031848,400000032556,400000031849,400000032703,400000032702,400000032563,400000032627"
400000027272,"Принтер-МФУ лазерное одноцветное A4 Brother DCP-7032R, 22стр/мин, USB 2.0",Brother,DCP-7032R,"400000030307,400000018695,400000017384",400000023678
400000028803,"Принтер-МФУ лазерное одноцветное A4 Canon i-SENSYS MF226dn, 27стр/мин, USB 2.0, Ethernet",Canon,i-SENSYS MF226dn,"400000030324,400000028813","400000030017,400000030314,400000009850,400000017602"
400000033655,"Принтер-МФУ лазерное одноцветное A3 Xerox Versalink B7035,",Xerox,Versalink B7035,,400000033573
400000026831,"Принтер-МФУ лазерное одноцветное A4 Xerox Phaser 3200MFP, 24стр/мин, USB 2.0",Xerox,Phaser 3200MFP,"400000015225,400000030536",400000021215
400000032406,"Принтер-МФУ лазерное полноцветное A3 Xerox Digital Color Press DC770, 70стр/мин, Ethernet",Xerox,Digital Color Press DC770,"400000031599,400000031924,400000032967,400000030960,400000031926,400000030957,400000032968,400000032970,400000031927,400000031598,400000030958,400000030959,400000032969,400000031600,400000031597,400000031925","400000031837,400000033580,400000032581,400000031840,400000031844,400000032104,400000031836,400000032108,400000031838,400000031841,400000031842,400000032149,400000031843,400000033579,400000033573,400000032577,400000031839,400000033575,400000032516,400000032576,400000032150,400000032107,400000032121,400000033578,400000032629,400000032151,400000033581"
400000027220,"Принтер-МФУ лазерное одноцветное A3 Xerox WorkCentre 5330, 30стр/мин, USB 2.0, Ethernet",Xerox,WorkCentre 5330,"400000030497,400000027219",400000022938
400000028126,"Принтер лазерный одноцветный A4 Brother HL-2070NR, 20стр/мин, LPT, USB 2.0, Ethernet",Brother,HL-2070NR,"400000024237,400000030303,400000030506","400000023678,400000030642"
400000026471,"Принтер-МФУ лазерное одноцветное A4 HP LaserJet 3052, 18стр/мин, USB 2.0, Ethernet",HP,LaserJet 3052,"400000011518,400000005168,400000013499,400000013234,400000011519,400000012388,200000000402","400000030633,400000009229,400000002831,400000009931,400000021698,400000015958,400000021558,400000033096,400000016407"
400000032459,"Принтер-МФУ лазерное одноцветное SRA3 Konica Minolta AccurioPress 6136, 136стр/мин,",Konica Minolta,AccurioPress 6136,400000031360,"400000030894,400000031824,400000031923,400000033724,400000033700,400000032908"
400000026533,"Принтер лазерный одноцветный A4 Canon LBP3300, 21стр/мин, USB 2.0",Canon,LBP3300,"400000018130,400000026532,400000030336,400000015428,400000030337","400000021214,400000011851,400000015038,400000002831,400000011758,400000015958,400000025157,400000021558,200000003556,400000030634"
400000027230,"Принтер лазерный одноцветный A4 Pantum P2500, 22стр/мин, USB 2.0",Pantum,P2500,"400000033759,400000027209,400000030431","400000029060,400000033102,400000030952,400000025307"
400000029504,"Принтер-МФУ лазерное полноцветное A4 HP Color LaserJet 2820, 19стр/мин, USB 2.0, Ethernet",HP,Color LaserJet 2820,400000030575,400000022452
400000024042,"Принтер-МФУ лазерное полноцветное A3 Konica Minolta Bizhub C227, 22стр/мин, USB 2.0, Ethernet",Konica Minolta,Bizhub C227,"400000024048,400000024041,400000024047,400000024046","400000030898,400000030894,400000030950,400000031222,400000030896,400000030897,400000024649,400000030895"
400000030987,"Копир лазерный одноцветный A3 Ricoh FT4618, 18стр/мин,",Ricoh,FT4618,400000005764,
400000026348,"Принтер-МФУ лазерное одноцветное A3 Kyocera FS-6525MFP, 25стр/мин, USB 2.0, Ethernet",Kyocera,FS-6525MFP,"400000026346,400000030489","400000030655,400000030656,400000026704"
400000033792,"Принтер лазерный полноцветный SRA3 Ricoh Pro C9200, 110стр/мин, USB 2.0, Ethernet",Ricoh,Pro C9200,,400000033698
400000026600,"Принтер-МФУ лазерное одноцветное A4 HP LaserJet M1522nf MFP, 23стр/мин, USB 2.0, Ethernet",Не указано,Не указано,"400000015579,400000003115,400000026129,400000030274","400000009850,400000030632,400000030017,400000030312,400000030314,400000014883,400000030165,400000030021,400000012999,400000022453,400000017602"
400000026447,"Принтер лазерный одноцветный A4 HP LaserJet 1300, 19стр/мин, LPT, USB 2.0",HP,LaserJet 1300,"400000030366,400000011524,400000030367,400000013500,400000012992,400000014970","400000021214,400000011851,400000015038,400000002831,400000010374,400000021698,400000033095,400000015958,400000025157,400000011757"
400000026466,"Принтер лазерный одноцветный A4 HP LaserJet 1022, 18стр/мин, USB 2.0",HP,LaserJet 1022,"400000011518,400000005168,400000013499,400000013234,400000011519,400000012388,200000000402","400000009229,400000002831,400000021723,400000009931,400000021698,400000015958,400000021558,400000033096,400000016407"
400000028798,"Принтер-МФУ лазерное одноцветное A4 Canon i-SENSYS FAX-L410, 25стр/мин, USB 2.0, RJ-11",Canon,i-SENSYS FAX-L410,"400000014786,400000014981,400000026499,400000030514,400000026129,400000015579","400000009850,400000014883,400000030165,400000030021,400000012999,400000017602"
400000033421,"Принтер-МФУ лазерное одноцветное A3 Konica Minolta bizhub 210, 21стр/мин, USB 1.1, Ethernet, IEEE1394",Konica Minolta,bizhub 210,,400000030896
400000029792,"Принтер-МФУ лазерное полноцветное A3 Kyocera KM-C3232, 32стр/мин, USB 2.0, Ethernet",Kyocera,KM-C3232,400000029793,
400000032631,"Принтер лазерный одноцветный SRA3 Konica Minolta AccurioPress 6136P, 136стр/мин,",Konica Minolta,AccurioPress 6136P,,"400000031824,400000031923,400000033724,400000033700,400000032908"
400000026200,"Принтер лазерный одноцветный A4 Kyocera FS-920, 18стр/мин, LPT, USB 2.0",Kyocera,FS-920,"400000022931,400000004750,400000030420",400000030644
400000027762,"Принтер лазерный полноцветный A4 Canon LBP5100, 12стр/мин, USB 2.0",Canon,LBP5100,"400000030572,400000027163,400000027165,400000027164,400000027162","400000024216,400000020609,400000022933"
400000028830,"Принтер-МФУ лазерное одноцветное A4 HP LaserJet Pro M132nw, 22стр/мин, USB 2.0, RJ-45, Wi-Fi",HP,LaserJet Pro M132nw,"400000030392,400000030273,400000026498,400000027258","400000030635,400000027144,400000025158,400000030344"
400000026902,"Принтер-МФУ лазерное одноцветное A4 Xerox Phaser 3635MFP/S, 33стр/мин, USB 2.0, Ethernet",Xerox,Phaser 3635MFP/S,"400000029749,400000029750,400000026901",400000021215
400000026601,"Принтер лазерный одноцветный A4 Canon i-SENSYS LBP3250, 23стр/мин, USB 2.0",Не указано,Не указано,"400000015579,400000030330,400000026129","400000009850,400000030017,400000030314,400000014883,400000030165,400000030021,400000012999,400000030632,400000017602"
400000029510,"Принтер лазерный одноцветный A4 Pantum P1000, 16стр/мин, USB 2.0",Pantum,P1000,400000030430,400000025306
400000026626,"Принтер-МФУ лазерное одноцветное A4 Canon i-SENSYS MF4450, 23стр/мин, USB 2.0",Canon,i-SENSYS MF4450,"400000014786,400000014981,400000026499,400000030514,400000026129,400000015579","400000009850,400000030022,400000030017,400000030314,400000014883,400000030165,400000033101,400000030021,400000012999,400000030632,400000017602"
400000026906,"Принтер-МФУ лазерное одноцветное A4 Samsung SCX-5637, 35стр/мин, USB 2.0, Ethernet",Samsung,SCX-5637,"400000020350,400000030457,400000030456","400000024172,400000022448"
400000026222,"Принтер-МФУ лазерное одноцветное A4 Kyocera Ecosys FS-1025MFP, 25стр/мин, USB",Kyocera,Ecosys FS-1025MFP,"400000016878,400000024184,400000033800,400000030405",400000018342
400000028509,"Принтер-МФУ лазерное одноцветное A4 Canon i-SENSYS MF3220, 20стр/мин, USB 2.0",Canon,i-SENSYS MF3220,"400000026727,400000012250,200000001808","400000010374,400000002831,400000033095,400000011757"
400000028948,"Принтер лазерный одноцветный A4 Brother HL-2200,",Brother,HL-2200,"400000019681,400000019642",400000027142
400000026958,"Принтер-МФУ лазерное одноцветное A4 Samsung SCX-5639FW, 35стр/мин, USB 2.0, RJ-45, Wi-Fi",Samsung,SCX-5639FW,"400000020350,400000030457,400000030456",400000022448
400000028848,"Принтер-МФУ лазерное одноцветное A4 Samsung SF-560R, 17стр/мин,",Samsung,SF-560R,"400000030534,200000001110,400000026132,400000012655","200000001644,400000027146,400000022273"
400000027106,"Принтер лазерный одноцветный A4 Canon i-SENSYS LBP6670dn, 33стр/мин, USB 2.0, Ethernet",Canon,i-SENSYS LBP6670dn,"400000023293,400000026131,400000015223,400000030354,400000030202","400000021214,400000002831,400000030165,400000013502,400000015958"
400000032657,"Принтер-МФУ лазерное полноцветное A3 Konica Minolta bizhub C550, 55стр/мин, USB 2.0, Ethernet",Konica Minolta,bizhub C550,,"400000033730,400000031428,400000030894"
400000026500,"Принтер-МФУ лазерное одноцветное A4 Canon i-SENSYS MF4270, 20стр/мин, USB 2.0, Ethernet",Canon,i-SENSYS MF4270,"400000030513,400000013499","400000030633,400000009229,400000002831,400000015958,400000016407"
400000026682,"Принтер лазерный одноцветный A4 Samsung ML-2570, 24стр/мин, LPT, USB 2.0",Samsung,ML-2570,"400000023563,400000030438,400000026133,400000015225,400000021697","400000025156,400000030640,400000011148,400000021215"
400000033176,"Принтер-МФУ лазерное одноцветное A3 Xerox PrimeLink B9136, 136стр/мин, USB 2.0, Ethernet",Xerox,PrimeLink B9136,,"400000032516,400000032581"
400000029002,"Принтер лазерный одноцветный A4 Canon PC 981,",Canon,PC 981,"400000029970,400000027203,400000027202",400000023565
400000033127,"Принтер-МФУ лазерное полноцветное A3 Xerox WorkCentre 7435, 35стр/мин, USB 2.0, Ethernet",Xerox,WorkCentre 7435,,
400000026474,"Принтер-МФУ лазерное одноцветное A4 HP LaserJet M1319f MFP, 19стр/мин, USB 2.0",HP,LaserJet M1319f MFP,"400000011518,400000005168,400000013499,400000013234,400000011519,400000012388,200000000402","400000030633,400000009229,400000002831,400000009931,400000015958,400000021558,400000016407"
400000026949,"Принтер-МФУ лазерное одноцветное A4 Xerox WC 4150, 43стр/мин, Ethernet",Xerox,WC 4150,"400000026929,400000030538",
400000027267,"Принтер лазерный одноцветный A4 Brother HL-2142R, 22стр/мин, USB 2.0",Brother,HL-2142R,"400000030307,400000018695,400000017384",400000023678
400000027251,"Принтер-МФУ лазерное одноцветное A4 Oki MB492dn, 40стр/мин, USB 2.0, Ethernet",Oki,MB492dn,"400000030432,400000026650",
400000027874,"Принтер-МФУ лазерное полноцветное A4 HP LaserJet Pro 100 Color M175nw, 16стр/мин, USB 2.0, RJ-45, Wi-Fi",HP,LaserJet Pro 100 Color M175nw,"400000020607,400000020606,400000030583,400000020605,400000020608","400000016908,400000029033,400000022933,400000016907"
400000033616,"Принтер лазерный одноцветное A4 Pantum P3308DN, 33стр/мин, USB 2.0, NFC",Pantum,P3308DN,400000033513,
400000032431,"Принтер-МФУ лазерное полноцветное A3+ Konica Minolta Bizhub Press C8000, 80стр/мин, Ethernet",Konica Minolta,Bizhub Press C8000,"400000031550,400000031548,400000031549,400000030295","400000031871,400000033730,400000031203,400000032258,400000033725,400000031429,400000031931,400000031510,400000031204,400000030949,400000031434,400000033185,400000033724,400000031206,400000031205,400000033720"
400000029726,"Принтер-МФУ лазерное одноцветное A4 Samsung SL-M2875FD, 28стр/мин, USB 2.0, Ethernet",Samsung,SL-M2875FD,400000029728,
400000027223,"Принтер лазерный одноцветный A4 Pantum P2207, 20стр/мин, USB 2.0",Pantum,P2207,"400000027209,400000030431","400000029060,400000030952,400000025307"
400000026423,"Принтер-МФУ лазерное одноцветное A4 HP LaserJet Enterprise M632h, 61стр/мин, USB 2.0, Ethernet",HP,LaserJet Enterprise M632h,"400000026427,400000030517",
400000033519,"Принтер-МФУ лазерное полноцветное A4 Konica Minolta Bizhub C3851, 38стр/мин,",Konica Minolta,Bizhub C3851,,
400000029502,"Принтер-МФУ лазерное одноцветное A4 Canon iR 1210, 12стр/мин, LPT, USB 2.0",Canon,iR 1210,400000030512,400000022452
